2025-08-23 22:51:45,035 - INFO - Creating database tables...
2025-08-23 22:51:45,288 - INFO - Database tables created successfully.
2025-08-23 22:51:45,288 - INFO - Ingesting seasons...
2025-08-23 22:51:46,442 - CRITICAL - A critical error occurred: When initializing mapper Mapper[Circuits(circuits)], expression 'Race' failed to locate a name ('Race'). If this is a class name, consider adding this relationship() to the <class 'db_models.Circuits'> class after both dependent classes have been defined.
Traceback (most recent call last):
  File "C:\Users\ADMIN\MyProjects\f1-betting\.venv\Lib\site-packages\sqlalchemy\orm\clsregistry.py", line 516, in _resolve_name
    rval = d[token]
           ~^^^^^^^
  File "C:\Users\ADMIN\MyProjects\f1-betting\.venv\Lib\site-packages\sqlalchemy\util\_collections.py", line 345, in __missing__
    self[key] = val = self.creator(key)
                      ^^^^^^^^^^^^^^^^^
  File "C:\Users\ADMIN\MyProjects\f1-betting\.venv\Lib\site-packages\sqlalchemy\orm\clsregistry.py", line 484, in _access_cls
    return self.fallback[key]
           ~~~~~~~~~~~~~^^^^^
KeyError: 'Race'

The above exception was the direct cause of the following exception:

Traceback (most recent call last):
  File "C:\Users\ADMIN\MyProjects\f1-betting\src\setup.py", line 586, in main
    all_seasons = ingest_seasons(db_session)
                  ^^^^^^^^^^^^^^^^^^^^^^^^^^
  File "C:\Users\ADMIN\MyProjects\f1-betting\src\setup.py", line 150, in ingest_seasons
    s.year for s in session.execute(select(Seasons)).scalars().all()
                    ^^^^^^^^^^^^^^^^^^^^^^^^^^^^^^^^
  File "C:\Users\ADMIN\MyProjects\f1-betting\.venv\Lib\site-packages\sqlalchemy\orm\session.py", line 2365, in execute
    return self._execute_internal(
           ^^^^^^^^^^^^^^^^^^^^^^^
  File "C:\Users\ADMIN\MyProjects\f1-betting\.venv\Lib\site-packages\sqlalchemy\orm\session.py", line 2251, in _execute_internal
    result: Result[Any] = compile_state_cls.orm_execute_statement(
                          ^^^^^^^^^^^^^^^^^^^^^^^^^^^^^^^^^^^^^^^^
  File "C:\Users\ADMIN\MyProjects\f1-betting\.venv\Lib\site-packages\sqlalchemy\orm\context.py", line 306, in orm_execute_statement
    result = conn.execute(
             ^^^^^^^^^^^^^
  File "C:\Users\ADMIN\MyProjects\f1-betting\.venv\Lib\site-packages\sqlalchemy\engine\base.py", line 1419, in execute
    return meth(
           ^^^^^
  File "C:\Users\ADMIN\MyProjects\f1-betting\.venv\Lib\site-packages\sqlalchemy\sql\elements.py", line 526, in _execute_on_connection
    return connection._execute_clauseelement(
           ^^^^^^^^^^^^^^^^^^^^^^^^^^^^^^^^^^
  File "C:\Users\ADMIN\MyProjects\f1-betting\.venv\Lib\site-packages\sqlalchemy\engine\base.py", line 1633, in _execute_clauseelement
    compiled_sql, extracted_params, cache_hit = elem._compile_w_cache(
                                                ^^^^^^^^^^^^^^^^^^^^^^
  File "C:\Users\ADMIN\MyProjects\f1-betting\.venv\Lib\site-packages\sqlalchemy\sql\elements.py", line 715, in _compile_w_cache
    compiled_sql = self._compiler(
                   ^^^^^^^^^^^^^^^
  File "C:\Users\ADMIN\MyProjects\f1-betting\.venv\Lib\site-packages\sqlalchemy\sql\elements.py", line 323, in _compiler
    return dialect.statement_compiler(dialect, self, **kw)
           ^^^^^^^^^^^^^^^^^^^^^^^^^^^^^^^^^^^^^^^^^^^^^^^
  File "C:\Users\ADMIN\MyProjects\f1-betting\.venv\Lib\site-packages\sqlalchemy\sql\compiler.py", line 1446, in __init__
    Compiled.__init__(self, dialect, statement, **kwargs)
  File "C:\Users\ADMIN\MyProjects\f1-betting\.venv\Lib\site-packages\sqlalchemy\sql\compiler.py", line 886, in __init__
    self.string = self.process(self.statement, **compile_kwargs)
                  ^^^^^^^^^^^^^^^^^^^^^^^^^^^^^^^^^^^^^^^^^^^^^^
  File "C:\Users\ADMIN\MyProjects\f1-betting\.venv\Lib\site-packages\sqlalchemy\sql\compiler.py", line 932, in process
    return obj._compiler_dispatch(self, **kwargs)
           ^^^^^^^^^^^^^^^^^^^^^^^^^^^^^^^^^^^^^^
  File "C:\Users\ADMIN\MyProjects\f1-betting\.venv\Lib\site-packages\sqlalchemy\sql\visitors.py", line 138, in _compiler_dispatch
    return meth(self, **kw)  # type: ignore  # noqa: E501
           ^^^^^^^^^^^^^^^^
  File "C:\Users\ADMIN\MyProjects\f1-betting\.venv\Lib\site-packages\sqlalchemy\sql\compiler.py", line 4781, in visit_select
    compile_state = select_stmt._compile_state_factory(
                    ^^^^^^^^^^^^^^^^^^^^^^^^^^^^^^^^^^^
  File "C:\Users\ADMIN\MyProjects\f1-betting\.venv\Lib\site-packages\sqlalchemy\sql\base.py", line 701, in create_for_statement
    return klass.create_for_statement(statement, compiler, **kw)
           ^^^^^^^^^^^^^^^^^^^^^^^^^^^^^^^^^^^^^^^^^^^^^^^^^^^^^
  File "C:\Users\ADMIN\MyProjects\f1-betting\.venv\Lib\site-packages\sqlalchemy\orm\context.py", line 447, in create_for_statement
    return cls._create_orm_context(
           ^^^^^^^^^^^^^^^^^^^^^^^^
  File "C:\Users\ADMIN\MyProjects\f1-betting\.venv\Lib\site-packages\sqlalchemy\orm\context.py", line 1175, in _create_orm_context
    _QueryEntity.to_compile_state(
  File "C:\Users\ADMIN\MyProjects\f1-betting\.venv\Lib\site-packages\sqlalchemy\orm\context.py", line 2628, in to_compile_state
    _MapperEntity(
  File "C:\Users\ADMIN\MyProjects\f1-betting\.venv\Lib\site-packages\sqlalchemy\orm\context.py", line 2708, in __init__
    entity._post_inspect
  File "C:\Users\ADMIN\MyProjects\f1-betting\.venv\Lib\site-packages\sqlalchemy\util\langhelpers.py", line 1338, in __get__
    obj.__dict__[self.__name__] = result = self.fget(obj)
                                           ^^^^^^^^^^^^^^
  File "C:\Users\ADMIN\MyProjects\f1-betting\.venv\Lib\site-packages\sqlalchemy\orm\mapper.py", line 2724, in _post_inspect
    self._check_configure()
  File "C:\Users\ADMIN\MyProjects\f1-betting\.venv\Lib\site-packages\sqlalchemy\orm\mapper.py", line 2401, in _check_configure
    _configure_registries({self.registry}, cascade=True)
  File "C:\Users\ADMIN\MyProjects\f1-betting\.venv\Lib\site-packages\sqlalchemy\orm\mapper.py", line 4218, in _configure_registries
    _do_configure_registries(registries, cascade)
  File "C:\Users\ADMIN\MyProjects\f1-betting\.venv\Lib\site-packages\sqlalchemy\orm\mapper.py", line 4259, in _do_configure_registries
    mapper._post_configure_properties()
  File "C:\Users\ADMIN\MyProjects\f1-betting\.venv\Lib\site-packages\sqlalchemy\orm\mapper.py", line 2418, in _post_configure_properties
    prop.init()
  File "C:\Users\ADMIN\MyProjects\f1-betting\.venv\Lib\site-packages\sqlalchemy\orm\interfaces.py", line 595, in init
    self.do_init()
  File "C:\Users\ADMIN\MyProjects\f1-betting\.venv\Lib\site-packages\sqlalchemy\orm\relationships.py", line 1655, in do_init
    self._setup_entity()
  File "C:\Users\ADMIN\MyProjects\f1-betting\.venv\Lib\site-packages\sqlalchemy\orm\relationships.py", line 1865, in _setup_entity
    self._clsregistry_resolve_name(argument)(),
    ^^^^^^^^^^^^^^^^^^^^^^^^^^^^^^^^^^^^^^^^^^
  File "C:\Users\ADMIN\MyProjects\f1-betting\.venv\Lib\site-packages\sqlalchemy\orm\clsregistry.py", line 520, in _resolve_name
    self._raise_for_name(name, err)
  File "C:\Users\ADMIN\MyProjects\f1-betting\.venv\Lib\site-packages\sqlalchemy\orm\clsregistry.py", line 501, in _raise_for_name
    raise exc.InvalidRequestError(
sqlalchemy.exc.InvalidRequestError: When initializing mapper Mapper[Circuits(circuits)], expression 'Race' failed to locate a name ('Race'). If this is a class name, consider adding this relationship() to the <class 'db_models.Circuits'> class after both dependent classes have been defined.
2025-08-23 22:53:51,553 - INFO - Creating database tables...
2025-08-23 22:53:51,618 - INFO - Database tables created successfully.
2025-08-23 22:53:51,618 - INFO - Ingesting seasons...
2025-08-23 22:53:52,501 - CRITICAL - A critical error occurred: When initializing mapper Mapper[Races(races)], expression 'Circuit' failed to locate a name ('Circuit'). If this is a class name, consider adding this relationship() to the <class 'db_models.Races'> class after both dependent classes have been defined.
Traceback (most recent call last):
  File "C:\Users\ADMIN\MyProjects\f1-betting\.venv\Lib\site-packages\sqlalchemy\orm\clsregistry.py", line 516, in _resolve_name
    rval = d[token]
           ~^^^^^^^
  File "C:\Users\ADMIN\MyProjects\f1-betting\.venv\Lib\site-packages\sqlalchemy\util\_collections.py", line 345, in __missing__
    self[key] = val = self.creator(key)
                      ^^^^^^^^^^^^^^^^^
  File "C:\Users\ADMIN\MyProjects\f1-betting\.venv\Lib\site-packages\sqlalchemy\orm\clsregistry.py", line 484, in _access_cls
    return self.fallback[key]
           ~~~~~~~~~~~~~^^^^^
KeyError: 'Circuit'

The above exception was the direct cause of the following exception:

Traceback (most recent call last):
  File "C:\Users\ADMIN\MyProjects\f1-betting\src\setup.py", line 586, in main
    all_seasons = ingest_seasons(db_session)
                  ^^^^^^^^^^^^^^^^^^^^^^^^^^
  File "C:\Users\ADMIN\MyProjects\f1-betting\src\setup.py", line 150, in ingest_seasons
    s.year for s in session.execute(select(Seasons)).scalars().all()
                    ^^^^^^^^^^^^^^^^^^^^^^^^^^^^^^^^
  File "C:\Users\ADMIN\MyProjects\f1-betting\.venv\Lib\site-packages\sqlalchemy\orm\session.py", line 2365, in execute
    return self._execute_internal(
           ^^^^^^^^^^^^^^^^^^^^^^^
  File "C:\Users\ADMIN\MyProjects\f1-betting\.venv\Lib\site-packages\sqlalchemy\orm\session.py", line 2251, in _execute_internal
    result: Result[Any] = compile_state_cls.orm_execute_statement(
                          ^^^^^^^^^^^^^^^^^^^^^^^^^^^^^^^^^^^^^^^^
  File "C:\Users\ADMIN\MyProjects\f1-betting\.venv\Lib\site-packages\sqlalchemy\orm\context.py", line 306, in orm_execute_statement
    result = conn.execute(
             ^^^^^^^^^^^^^
  File "C:\Users\ADMIN\MyProjects\f1-betting\.venv\Lib\site-packages\sqlalchemy\engine\base.py", line 1419, in execute
    return meth(
           ^^^^^
  File "C:\Users\ADMIN\MyProjects\f1-betting\.venv\Lib\site-packages\sqlalchemy\sql\elements.py", line 526, in _execute_on_connection
    return connection._execute_clauseelement(
           ^^^^^^^^^^^^^^^^^^^^^^^^^^^^^^^^^^
  File "C:\Users\ADMIN\MyProjects\f1-betting\.venv\Lib\site-packages\sqlalchemy\engine\base.py", line 1633, in _execute_clauseelement
    compiled_sql, extracted_params, cache_hit = elem._compile_w_cache(
                                                ^^^^^^^^^^^^^^^^^^^^^^
  File "C:\Users\ADMIN\MyProjects\f1-betting\.venv\Lib\site-packages\sqlalchemy\sql\elements.py", line 715, in _compile_w_cache
    compiled_sql = self._compiler(
                   ^^^^^^^^^^^^^^^
  File "C:\Users\ADMIN\MyProjects\f1-betting\.venv\Lib\site-packages\sqlalchemy\sql\elements.py", line 323, in _compiler
    return dialect.statement_compiler(dialect, self, **kw)
           ^^^^^^^^^^^^^^^^^^^^^^^^^^^^^^^^^^^^^^^^^^^^^^^
  File "C:\Users\ADMIN\MyProjects\f1-betting\.venv\Lib\site-packages\sqlalchemy\sql\compiler.py", line 1446, in __init__
    Compiled.__init__(self, dialect, statement, **kwargs)
  File "C:\Users\ADMIN\MyProjects\f1-betting\.venv\Lib\site-packages\sqlalchemy\sql\compiler.py", line 886, in __init__
    self.string = self.process(self.statement, **compile_kwargs)
                  ^^^^^^^^^^^^^^^^^^^^^^^^^^^^^^^^^^^^^^^^^^^^^^
  File "C:\Users\ADMIN\MyProjects\f1-betting\.venv\Lib\site-packages\sqlalchemy\sql\compiler.py", line 932, in process
    return obj._compiler_dispatch(self, **kwargs)
           ^^^^^^^^^^^^^^^^^^^^^^^^^^^^^^^^^^^^^^
  File "C:\Users\ADMIN\MyProjects\f1-betting\.venv\Lib\site-packages\sqlalchemy\sql\visitors.py", line 138, in _compiler_dispatch
    return meth(self, **kw)  # type: ignore  # noqa: E501
           ^^^^^^^^^^^^^^^^
  File "C:\Users\ADMIN\MyProjects\f1-betting\.venv\Lib\site-packages\sqlalchemy\sql\compiler.py", line 4781, in visit_select
    compile_state = select_stmt._compile_state_factory(
                    ^^^^^^^^^^^^^^^^^^^^^^^^^^^^^^^^^^^
  File "C:\Users\ADMIN\MyProjects\f1-betting\.venv\Lib\site-packages\sqlalchemy\sql\base.py", line 701, in create_for_statement
    return klass.create_for_statement(statement, compiler, **kw)
           ^^^^^^^^^^^^^^^^^^^^^^^^^^^^^^^^^^^^^^^^^^^^^^^^^^^^^
  File "C:\Users\ADMIN\MyProjects\f1-betting\.venv\Lib\site-packages\sqlalchemy\orm\context.py", line 447, in create_for_statement
    return cls._create_orm_context(
           ^^^^^^^^^^^^^^^^^^^^^^^^
  File "C:\Users\ADMIN\MyProjects\f1-betting\.venv\Lib\site-packages\sqlalchemy\orm\context.py", line 1175, in _create_orm_context
    _QueryEntity.to_compile_state(
  File "C:\Users\ADMIN\MyProjects\f1-betting\.venv\Lib\site-packages\sqlalchemy\orm\context.py", line 2628, in to_compile_state
    _MapperEntity(
  File "C:\Users\ADMIN\MyProjects\f1-betting\.venv\Lib\site-packages\sqlalchemy\orm\context.py", line 2708, in __init__
    entity._post_inspect
  File "C:\Users\ADMIN\MyProjects\f1-betting\.venv\Lib\site-packages\sqlalchemy\util\langhelpers.py", line 1338, in __get__
    obj.__dict__[self.__name__] = result = self.fget(obj)
                                           ^^^^^^^^^^^^^^
  File "C:\Users\ADMIN\MyProjects\f1-betting\.venv\Lib\site-packages\sqlalchemy\orm\mapper.py", line 2724, in _post_inspect
    self._check_configure()
  File "C:\Users\ADMIN\MyProjects\f1-betting\.venv\Lib\site-packages\sqlalchemy\orm\mapper.py", line 2401, in _check_configure
    _configure_registries({self.registry}, cascade=True)
  File "C:\Users\ADMIN\MyProjects\f1-betting\.venv\Lib\site-packages\sqlalchemy\orm\mapper.py", line 4218, in _configure_registries
    _do_configure_registries(registries, cascade)
  File "C:\Users\ADMIN\MyProjects\f1-betting\.venv\Lib\site-packages\sqlalchemy\orm\mapper.py", line 4259, in _do_configure_registries
    mapper._post_configure_properties()
  File "C:\Users\ADMIN\MyProjects\f1-betting\.venv\Lib\site-packages\sqlalchemy\orm\mapper.py", line 2418, in _post_configure_properties
    prop.init()
  File "C:\Users\ADMIN\MyProjects\f1-betting\.venv\Lib\site-packages\sqlalchemy\orm\interfaces.py", line 595, in init
    self.do_init()
  File "C:\Users\ADMIN\MyProjects\f1-betting\.venv\Lib\site-packages\sqlalchemy\orm\relationships.py", line 1660, in do_init
    self._generate_backref()
  File "C:\Users\ADMIN\MyProjects\f1-betting\.venv\Lib\site-packages\sqlalchemy\orm\relationships.py", line 2144, in _generate_backref
    self._add_reverse_property(self.back_populates)
  File "C:\Users\ADMIN\MyProjects\f1-betting\.venv\Lib\site-packages\sqlalchemy\orm\relationships.py", line 1612, in _add_reverse_property
    other._setup_entity()
  File "C:\Users\ADMIN\MyProjects\f1-betting\.venv\Lib\site-packages\sqlalchemy\orm\relationships.py", line 1865, in _setup_entity
    self._clsregistry_resolve_name(argument)(),
    ^^^^^^^^^^^^^^^^^^^^^^^^^^^^^^^^^^^^^^^^^^
  File "C:\Users\ADMIN\MyProjects\f1-betting\.venv\Lib\site-packages\sqlalchemy\orm\clsregistry.py", line 520, in _resolve_name
    self._raise_for_name(name, err)
  File "C:\Users\ADMIN\MyProjects\f1-betting\.venv\Lib\site-packages\sqlalchemy\orm\clsregistry.py", line 501, in _raise_for_name
    raise exc.InvalidRequestError(
sqlalchemy.exc.InvalidRequestError: When initializing mapper Mapper[Races(races)], expression 'Circuit' failed to locate a name ('Circuit'). If this is a class name, consider adding this relationship() to the <class 'db_models.Races'> class after both dependent classes have been defined.
2025-08-23 22:54:39,122 - INFO - Creating database tables...
2025-08-23 22:54:39,187 - INFO - Database tables created successfully.
2025-08-23 22:54:39,187 - INFO - Ingesting seasons...
2025-08-23 22:54:40,045 - CRITICAL - A critical error occurred: Class 'sqlalchemy.engine.result.Result' is not mapped
Traceback (most recent call last):
  File "C:\Users\ADMIN\MyProjects\f1-betting\src\setup.py", line 586, in main
    all_seasons = ingest_seasons(db_session)
                  ^^^^^^^^^^^^^^^^^^^^^^^^^^
  File "C:\Users\ADMIN\MyProjects\f1-betting\src\setup.py", line 150, in ingest_seasons
    s.year for s in session.execute(select(Seasons)).scalars().all()
                    ^^^^^^^^^^^^^^^^^^^^^^^^^^^^^^^^
  File "C:\Users\ADMIN\MyProjects\f1-betting\.venv\Lib\site-packages\sqlalchemy\orm\session.py", line 2365, in execute
    return self._execute_internal(
           ^^^^^^^^^^^^^^^^^^^^^^^
  File "C:\Users\ADMIN\MyProjects\f1-betting\.venv\Lib\site-packages\sqlalchemy\orm\session.py", line 2251, in _execute_internal
    result: Result[Any] = compile_state_cls.orm_execute_statement(
                          ^^^^^^^^^^^^^^^^^^^^^^^^^^^^^^^^^^^^^^^^
  File "C:\Users\ADMIN\MyProjects\f1-betting\.venv\Lib\site-packages\sqlalchemy\orm\context.py", line 306, in orm_execute_statement
    result = conn.execute(
             ^^^^^^^^^^^^^
  File "C:\Users\ADMIN\MyProjects\f1-betting\.venv\Lib\site-packages\sqlalchemy\engine\base.py", line 1419, in execute
    return meth(
           ^^^^^
  File "C:\Users\ADMIN\MyProjects\f1-betting\.venv\Lib\site-packages\sqlalchemy\sql\elements.py", line 526, in _execute_on_connection
    return connection._execute_clauseelement(
           ^^^^^^^^^^^^^^^^^^^^^^^^^^^^^^^^^^
  File "C:\Users\ADMIN\MyProjects\f1-betting\.venv\Lib\site-packages\sqlalchemy\engine\base.py", line 1633, in _execute_clauseelement
    compiled_sql, extracted_params, cache_hit = elem._compile_w_cache(
                                                ^^^^^^^^^^^^^^^^^^^^^^
  File "C:\Users\ADMIN\MyProjects\f1-betting\.venv\Lib\site-packages\sqlalchemy\sql\elements.py", line 715, in _compile_w_cache
    compiled_sql = self._compiler(
                   ^^^^^^^^^^^^^^^
  File "C:\Users\ADMIN\MyProjects\f1-betting\.venv\Lib\site-packages\sqlalchemy\sql\elements.py", line 323, in _compiler
    return dialect.statement_compiler(dialect, self, **kw)
           ^^^^^^^^^^^^^^^^^^^^^^^^^^^^^^^^^^^^^^^^^^^^^^^
  File "C:\Users\ADMIN\MyProjects\f1-betting\.venv\Lib\site-packages\sqlalchemy\sql\compiler.py", line 1446, in __init__
    Compiled.__init__(self, dialect, statement, **kwargs)
  File "C:\Users\ADMIN\MyProjects\f1-betting\.venv\Lib\site-packages\sqlalchemy\sql\compiler.py", line 886, in __init__
    self.string = self.process(self.statement, **compile_kwargs)
                  ^^^^^^^^^^^^^^^^^^^^^^^^^^^^^^^^^^^^^^^^^^^^^^
  File "C:\Users\ADMIN\MyProjects\f1-betting\.venv\Lib\site-packages\sqlalchemy\sql\compiler.py", line 932, in process
    return obj._compiler_dispatch(self, **kwargs)
           ^^^^^^^^^^^^^^^^^^^^^^^^^^^^^^^^^^^^^^
  File "C:\Users\ADMIN\MyProjects\f1-betting\.venv\Lib\site-packages\sqlalchemy\sql\visitors.py", line 138, in _compiler_dispatch
    return meth(self, **kw)  # type: ignore  # noqa: E501
           ^^^^^^^^^^^^^^^^
  File "C:\Users\ADMIN\MyProjects\f1-betting\.venv\Lib\site-packages\sqlalchemy\sql\compiler.py", line 4781, in visit_select
    compile_state = select_stmt._compile_state_factory(
                    ^^^^^^^^^^^^^^^^^^^^^^^^^^^^^^^^^^^
  File "C:\Users\ADMIN\MyProjects\f1-betting\.venv\Lib\site-packages\sqlalchemy\sql\base.py", line 701, in create_for_statement
    return klass.create_for_statement(statement, compiler, **kw)
           ^^^^^^^^^^^^^^^^^^^^^^^^^^^^^^^^^^^^^^^^^^^^^^^^^^^^^
  File "C:\Users\ADMIN\MyProjects\f1-betting\.venv\Lib\site-packages\sqlalchemy\orm\context.py", line 447, in create_for_statement
    return cls._create_orm_context(
           ^^^^^^^^^^^^^^^^^^^^^^^^
  File "C:\Users\ADMIN\MyProjects\f1-betting\.venv\Lib\site-packages\sqlalchemy\orm\context.py", line 1175, in _create_orm_context
    _QueryEntity.to_compile_state(
  File "C:\Users\ADMIN\MyProjects\f1-betting\.venv\Lib\site-packages\sqlalchemy\orm\context.py", line 2628, in to_compile_state
    _MapperEntity(
  File "C:\Users\ADMIN\MyProjects\f1-betting\.venv\Lib\site-packages\sqlalchemy\orm\context.py", line 2708, in __init__
    entity._post_inspect
  File "C:\Users\ADMIN\MyProjects\f1-betting\.venv\Lib\site-packages\sqlalchemy\util\langhelpers.py", line 1338, in __get__
    obj.__dict__[self.__name__] = result = self.fget(obj)
                                           ^^^^^^^^^^^^^^
  File "C:\Users\ADMIN\MyProjects\f1-betting\.venv\Lib\site-packages\sqlalchemy\orm\mapper.py", line 2724, in _post_inspect
    self._check_configure()
  File "C:\Users\ADMIN\MyProjects\f1-betting\.venv\Lib\site-packages\sqlalchemy\orm\mapper.py", line 2401, in _check_configure
    _configure_registries({self.registry}, cascade=True)
  File "C:\Users\ADMIN\MyProjects\f1-betting\.venv\Lib\site-packages\sqlalchemy\orm\mapper.py", line 4218, in _configure_registries
    _do_configure_registries(registries, cascade)
  File "C:\Users\ADMIN\MyProjects\f1-betting\.venv\Lib\site-packages\sqlalchemy\orm\mapper.py", line 4259, in _do_configure_registries
    mapper._post_configure_properties()
  File "C:\Users\ADMIN\MyProjects\f1-betting\.venv\Lib\site-packages\sqlalchemy\orm\mapper.py", line 2418, in _post_configure_properties
    prop.init()
  File "C:\Users\ADMIN\MyProjects\f1-betting\.venv\Lib\site-packages\sqlalchemy\orm\interfaces.py", line 595, in init
    self.do_init()
  File "C:\Users\ADMIN\MyProjects\f1-betting\.venv\Lib\site-packages\sqlalchemy\orm\relationships.py", line 1655, in do_init
    self._setup_entity()
  File "C:\Users\ADMIN\MyProjects\f1-betting\.venv\Lib\site-packages\sqlalchemy\orm\relationships.py", line 1877, in _setup_entity
    entity = class_mapper(resolved_argument, configure=False)
             ^^^^^^^^^^^^^^^^^^^^^^^^^^^^^^^^^^^^^^^^^^^^^^^^
  File "C:\Users\ADMIN\MyProjects\f1-betting\.venv\Lib\site-packages\sqlalchemy\orm\base.py", line 563, in class_mapper
    raise exc.UnmappedClassError(class_)
sqlalchemy.orm.exc.UnmappedClassError: Class 'sqlalchemy.engine.result.Result' is not mapped
2025-08-23 22:56:12,405 - INFO - Creating database tables...
2025-08-23 22:56:12,672 - INFO - Database tables created successfully.
2025-08-23 22:56:12,672 - INFO - Ingesting seasons...
2025-08-23 22:56:13,535 - CRITICAL - A critical error occurred: Class 'sqlalchemy.engine.result.Result' is not mapped
Traceback (most recent call last):
  File "C:\Users\ADMIN\MyProjects\f1-betting\src\setup.py", line 587, in main
    all_seasons = ingest_seasons(db_session)
                  ^^^^^^^^^^^^^^^^^^^^^^^^^^
  File "C:\Users\ADMIN\MyProjects\f1-betting\src\setup.py", line 149, in ingest_seasons
    print(session.execute(select(Seasons)).scalars().all())
          ^^^^^^^^^^^^^^^^^^^^^^^^^^^^^^^^
  File "C:\Users\ADMIN\MyProjects\f1-betting\.venv\Lib\site-packages\sqlalchemy\orm\session.py", line 2365, in execute
    return self._execute_internal(
           ^^^^^^^^^^^^^^^^^^^^^^^
  File "C:\Users\ADMIN\MyProjects\f1-betting\.venv\Lib\site-packages\sqlalchemy\orm\session.py", line 2251, in _execute_internal
    result: Result[Any] = compile_state_cls.orm_execute_statement(
                          ^^^^^^^^^^^^^^^^^^^^^^^^^^^^^^^^^^^^^^^^
  File "C:\Users\ADMIN\MyProjects\f1-betting\.venv\Lib\site-packages\sqlalchemy\orm\context.py", line 306, in orm_execute_statement
    result = conn.execute(
             ^^^^^^^^^^^^^
  File "C:\Users\ADMIN\MyProjects\f1-betting\.venv\Lib\site-packages\sqlalchemy\engine\base.py", line 1419, in execute
    return meth(
           ^^^^^
  File "C:\Users\ADMIN\MyProjects\f1-betting\.venv\Lib\site-packages\sqlalchemy\sql\elements.py", line 526, in _execute_on_connection
    return connection._execute_clauseelement(
           ^^^^^^^^^^^^^^^^^^^^^^^^^^^^^^^^^^
  File "C:\Users\ADMIN\MyProjects\f1-betting\.venv\Lib\site-packages\sqlalchemy\engine\base.py", line 1633, in _execute_clauseelement
    compiled_sql, extracted_params, cache_hit = elem._compile_w_cache(
                                                ^^^^^^^^^^^^^^^^^^^^^^
  File "C:\Users\ADMIN\MyProjects\f1-betting\.venv\Lib\site-packages\sqlalchemy\sql\elements.py", line 715, in _compile_w_cache
    compiled_sql = self._compiler(
                   ^^^^^^^^^^^^^^^
  File "C:\Users\ADMIN\MyProjects\f1-betting\.venv\Lib\site-packages\sqlalchemy\sql\elements.py", line 323, in _compiler
    return dialect.statement_compiler(dialect, self, **kw)
           ^^^^^^^^^^^^^^^^^^^^^^^^^^^^^^^^^^^^^^^^^^^^^^^
  File "C:\Users\ADMIN\MyProjects\f1-betting\.venv\Lib\site-packages\sqlalchemy\sql\compiler.py", line 1446, in __init__
    Compiled.__init__(self, dialect, statement, **kwargs)
  File "C:\Users\ADMIN\MyProjects\f1-betting\.venv\Lib\site-packages\sqlalchemy\sql\compiler.py", line 886, in __init__
    self.string = self.process(self.statement, **compile_kwargs)
                  ^^^^^^^^^^^^^^^^^^^^^^^^^^^^^^^^^^^^^^^^^^^^^^
  File "C:\Users\ADMIN\MyProjects\f1-betting\.venv\Lib\site-packages\sqlalchemy\sql\compiler.py", line 932, in process
    return obj._compiler_dispatch(self, **kwargs)
           ^^^^^^^^^^^^^^^^^^^^^^^^^^^^^^^^^^^^^^
  File "C:\Users\ADMIN\MyProjects\f1-betting\.venv\Lib\site-packages\sqlalchemy\sql\visitors.py", line 138, in _compiler_dispatch
    return meth(self, **kw)  # type: ignore  # noqa: E501
           ^^^^^^^^^^^^^^^^
  File "C:\Users\ADMIN\MyProjects\f1-betting\.venv\Lib\site-packages\sqlalchemy\sql\compiler.py", line 4781, in visit_select
    compile_state = select_stmt._compile_state_factory(
                    ^^^^^^^^^^^^^^^^^^^^^^^^^^^^^^^^^^^
  File "C:\Users\ADMIN\MyProjects\f1-betting\.venv\Lib\site-packages\sqlalchemy\sql\base.py", line 701, in create_for_statement
    return klass.create_for_statement(statement, compiler, **kw)
           ^^^^^^^^^^^^^^^^^^^^^^^^^^^^^^^^^^^^^^^^^^^^^^^^^^^^^
  File "C:\Users\ADMIN\MyProjects\f1-betting\.venv\Lib\site-packages\sqlalchemy\orm\context.py", line 447, in create_for_statement
    return cls._create_orm_context(
           ^^^^^^^^^^^^^^^^^^^^^^^^
  File "C:\Users\ADMIN\MyProjects\f1-betting\.venv\Lib\site-packages\sqlalchemy\orm\context.py", line 1175, in _create_orm_context
    _QueryEntity.to_compile_state(
  File "C:\Users\ADMIN\MyProjects\f1-betting\.venv\Lib\site-packages\sqlalchemy\orm\context.py", line 2628, in to_compile_state
    _MapperEntity(
  File "C:\Users\ADMIN\MyProjects\f1-betting\.venv\Lib\site-packages\sqlalchemy\orm\context.py", line 2708, in __init__
    entity._post_inspect
  File "C:\Users\ADMIN\MyProjects\f1-betting\.venv\Lib\site-packages\sqlalchemy\util\langhelpers.py", line 1338, in __get__
    obj.__dict__[self.__name__] = result = self.fget(obj)
                                           ^^^^^^^^^^^^^^
  File "C:\Users\ADMIN\MyProjects\f1-betting\.venv\Lib\site-packages\sqlalchemy\orm\mapper.py", line 2724, in _post_inspect
    self._check_configure()
  File "C:\Users\ADMIN\MyProjects\f1-betting\.venv\Lib\site-packages\sqlalchemy\orm\mapper.py", line 2401, in _check_configure
    _configure_registries({self.registry}, cascade=True)
  File "C:\Users\ADMIN\MyProjects\f1-betting\.venv\Lib\site-packages\sqlalchemy\orm\mapper.py", line 4218, in _configure_registries
    _do_configure_registries(registries, cascade)
  File "C:\Users\ADMIN\MyProjects\f1-betting\.venv\Lib\site-packages\sqlalchemy\orm\mapper.py", line 4259, in _do_configure_registries
    mapper._post_configure_properties()
  File "C:\Users\ADMIN\MyProjects\f1-betting\.venv\Lib\site-packages\sqlalchemy\orm\mapper.py", line 2418, in _post_configure_properties
    prop.init()
  File "C:\Users\ADMIN\MyProjects\f1-betting\.venv\Lib\site-packages\sqlalchemy\orm\interfaces.py", line 595, in init
    self.do_init()
  File "C:\Users\ADMIN\MyProjects\f1-betting\.venv\Lib\site-packages\sqlalchemy\orm\relationships.py", line 1655, in do_init
    self._setup_entity()
  File "C:\Users\ADMIN\MyProjects\f1-betting\.venv\Lib\site-packages\sqlalchemy\orm\relationships.py", line 1877, in _setup_entity
    entity = class_mapper(resolved_argument, configure=False)
             ^^^^^^^^^^^^^^^^^^^^^^^^^^^^^^^^^^^^^^^^^^^^^^^^
  File "C:\Users\ADMIN\MyProjects\f1-betting\.venv\Lib\site-packages\sqlalchemy\orm\base.py", line 563, in class_mapper
    raise exc.UnmappedClassError(class_)
sqlalchemy.orm.exc.UnmappedClassError: Class 'sqlalchemy.engine.result.Result' is not mapped
2025-08-23 22:56:31,481 - INFO - Creating database tables...
2025-08-23 22:56:31,645 - INFO - Database tables created successfully.
2025-08-23 22:56:31,645 - INFO - Ingesting seasons...
2025-08-23 22:56:32,493 - CRITICAL - A critical error occurred: Class 'sqlalchemy.engine.result.Result' is not mapped
Traceback (most recent call last):
  File "C:\Users\ADMIN\MyProjects\f1-betting\src\setup.py", line 587, in main
    all_seasons = ingest_seasons(db_session)
                  ^^^^^^^^^^^^^^^^^^^^^^^^^^
  File "C:\Users\ADMIN\MyProjects\f1-betting\src\setup.py", line 149, in ingest_seasons
    print(session.execute(select(Seasons)).scalars())
          ^^^^^^^^^^^^^^^^^^^^^^^^^^^^^^^^
  File "C:\Users\ADMIN\MyProjects\f1-betting\.venv\Lib\site-packages\sqlalchemy\orm\session.py", line 2365, in execute
    return self._execute_internal(
           ^^^^^^^^^^^^^^^^^^^^^^^
  File "C:\Users\ADMIN\MyProjects\f1-betting\.venv\Lib\site-packages\sqlalchemy\orm\session.py", line 2251, in _execute_internal
    result: Result[Any] = compile_state_cls.orm_execute_statement(
                          ^^^^^^^^^^^^^^^^^^^^^^^^^^^^^^^^^^^^^^^^
  File "C:\Users\ADMIN\MyProjects\f1-betting\.venv\Lib\site-packages\sqlalchemy\orm\context.py", line 306, in orm_execute_statement
    result = conn.execute(
             ^^^^^^^^^^^^^
  File "C:\Users\ADMIN\MyProjects\f1-betting\.venv\Lib\site-packages\sqlalchemy\engine\base.py", line 1419, in execute
    return meth(
           ^^^^^
  File "C:\Users\ADMIN\MyProjects\f1-betting\.venv\Lib\site-packages\sqlalchemy\sql\elements.py", line 526, in _execute_on_connection
    return connection._execute_clauseelement(
           ^^^^^^^^^^^^^^^^^^^^^^^^^^^^^^^^^^
  File "C:\Users\ADMIN\MyProjects\f1-betting\.venv\Lib\site-packages\sqlalchemy\engine\base.py", line 1633, in _execute_clauseelement
    compiled_sql, extracted_params, cache_hit = elem._compile_w_cache(
                                                ^^^^^^^^^^^^^^^^^^^^^^
  File "C:\Users\ADMIN\MyProjects\f1-betting\.venv\Lib\site-packages\sqlalchemy\sql\elements.py", line 715, in _compile_w_cache
    compiled_sql = self._compiler(
                   ^^^^^^^^^^^^^^^
  File "C:\Users\ADMIN\MyProjects\f1-betting\.venv\Lib\site-packages\sqlalchemy\sql\elements.py", line 323, in _compiler
    return dialect.statement_compiler(dialect, self, **kw)
           ^^^^^^^^^^^^^^^^^^^^^^^^^^^^^^^^^^^^^^^^^^^^^^^
  File "C:\Users\ADMIN\MyProjects\f1-betting\.venv\Lib\site-packages\sqlalchemy\sql\compiler.py", line 1446, in __init__
    Compiled.__init__(self, dialect, statement, **kwargs)
  File "C:\Users\ADMIN\MyProjects\f1-betting\.venv\Lib\site-packages\sqlalchemy\sql\compiler.py", line 886, in __init__
    self.string = self.process(self.statement, **compile_kwargs)
                  ^^^^^^^^^^^^^^^^^^^^^^^^^^^^^^^^^^^^^^^^^^^^^^
  File "C:\Users\ADMIN\MyProjects\f1-betting\.venv\Lib\site-packages\sqlalchemy\sql\compiler.py", line 932, in process
    return obj._compiler_dispatch(self, **kwargs)
           ^^^^^^^^^^^^^^^^^^^^^^^^^^^^^^^^^^^^^^
  File "C:\Users\ADMIN\MyProjects\f1-betting\.venv\Lib\site-packages\sqlalchemy\sql\visitors.py", line 138, in _compiler_dispatch
    return meth(self, **kw)  # type: ignore  # noqa: E501
           ^^^^^^^^^^^^^^^^
  File "C:\Users\ADMIN\MyProjects\f1-betting\.venv\Lib\site-packages\sqlalchemy\sql\compiler.py", line 4781, in visit_select
    compile_state = select_stmt._compile_state_factory(
                    ^^^^^^^^^^^^^^^^^^^^^^^^^^^^^^^^^^^
  File "C:\Users\ADMIN\MyProjects\f1-betting\.venv\Lib\site-packages\sqlalchemy\sql\base.py", line 701, in create_for_statement
    return klass.create_for_statement(statement, compiler, **kw)
           ^^^^^^^^^^^^^^^^^^^^^^^^^^^^^^^^^^^^^^^^^^^^^^^^^^^^^
  File "C:\Users\ADMIN\MyProjects\f1-betting\.venv\Lib\site-packages\sqlalchemy\orm\context.py", line 447, in create_for_statement
    return cls._create_orm_context(
           ^^^^^^^^^^^^^^^^^^^^^^^^
  File "C:\Users\ADMIN\MyProjects\f1-betting\.venv\Lib\site-packages\sqlalchemy\orm\context.py", line 1175, in _create_orm_context
    _QueryEntity.to_compile_state(
  File "C:\Users\ADMIN\MyProjects\f1-betting\.venv\Lib\site-packages\sqlalchemy\orm\context.py", line 2628, in to_compile_state
    _MapperEntity(
  File "C:\Users\ADMIN\MyProjects\f1-betting\.venv\Lib\site-packages\sqlalchemy\orm\context.py", line 2708, in __init__
    entity._post_inspect
  File "C:\Users\ADMIN\MyProjects\f1-betting\.venv\Lib\site-packages\sqlalchemy\util\langhelpers.py", line 1338, in __get__
    obj.__dict__[self.__name__] = result = self.fget(obj)
                                           ^^^^^^^^^^^^^^
  File "C:\Users\ADMIN\MyProjects\f1-betting\.venv\Lib\site-packages\sqlalchemy\orm\mapper.py", line 2724, in _post_inspect
    self._check_configure()
  File "C:\Users\ADMIN\MyProjects\f1-betting\.venv\Lib\site-packages\sqlalchemy\orm\mapper.py", line 2401, in _check_configure
    _configure_registries({self.registry}, cascade=True)
  File "C:\Users\ADMIN\MyProjects\f1-betting\.venv\Lib\site-packages\sqlalchemy\orm\mapper.py", line 4218, in _configure_registries
    _do_configure_registries(registries, cascade)
  File "C:\Users\ADMIN\MyProjects\f1-betting\.venv\Lib\site-packages\sqlalchemy\orm\mapper.py", line 4259, in _do_configure_registries
    mapper._post_configure_properties()
  File "C:\Users\ADMIN\MyProjects\f1-betting\.venv\Lib\site-packages\sqlalchemy\orm\mapper.py", line 2418, in _post_configure_properties
    prop.init()
  File "C:\Users\ADMIN\MyProjects\f1-betting\.venv\Lib\site-packages\sqlalchemy\orm\interfaces.py", line 595, in init
    self.do_init()
  File "C:\Users\ADMIN\MyProjects\f1-betting\.venv\Lib\site-packages\sqlalchemy\orm\relationships.py", line 1655, in do_init
    self._setup_entity()
  File "C:\Users\ADMIN\MyProjects\f1-betting\.venv\Lib\site-packages\sqlalchemy\orm\relationships.py", line 1877, in _setup_entity
    entity = class_mapper(resolved_argument, configure=False)
             ^^^^^^^^^^^^^^^^^^^^^^^^^^^^^^^^^^^^^^^^^^^^^^^^
  File "C:\Users\ADMIN\MyProjects\f1-betting\.venv\Lib\site-packages\sqlalchemy\orm\base.py", line 563, in class_mapper
    raise exc.UnmappedClassError(class_)
sqlalchemy.orm.exc.UnmappedClassError: Class 'sqlalchemy.engine.result.Result' is not mapped
2025-08-23 22:57:54,688 - INFO - Creating database tables...
2025-08-23 22:57:54,750 - INFO - Database tables created successfully.
2025-08-23 22:57:54,751 - INFO - Ingesting seasons...
2025-08-23 22:57:55,642 - INFO - Ingested 76 new seasons. Total seasons: 76
2025-08-23 22:57:55,642 - INFO - Ingesting circuits...
2025-08-23 22:57:56,537 - CRITICAL - A critical error occurred: (psycopg2.errors.UndefinedColumn) column circuits.url does not exist
LINE 1: ...on, circuits.country, circuits.lat, circuits.lng, circuits.u...
                                                             ^

[SQL: SELECT circuits.circuit_id, circuits.circuit_ref, circuits.name, circuits.location, circuits.country, circuits.lat, circuits.lng, circuits.url 
FROM circuits]
(Background on this error at: https://sqlalche.me/e/20/f405)
Traceback (most recent call last):
  File "C:\Users\ADMIN\MyProjects\f1-betting\.venv\Lib\site-packages\sqlalchemy\engine\base.py", line 1967, in _exec_single_context
    self.dialect.do_execute(
  File "C:\Users\ADMIN\MyProjects\f1-betting\.venv\Lib\site-packages\sqlalchemy\engine\default.py", line 951, in do_execute
    cursor.execute(statement, parameters)
psycopg2.errors.UndefinedColumn: column circuits.url does not exist
LINE 1: ...on, circuits.country, circuits.lat, circuits.lng, circuits.u...
                                                             ^


The above exception was the direct cause of the following exception:

Traceback (most recent call last):
  File "C:\Users\ADMIN\MyProjects\f1-betting\src\setup.py", line 592, in main
    ingest_circuits(db_session)
  File "C:\Users\ADMIN\MyProjects\f1-betting\src\setup.py", line 180, in ingest_circuits
    c.circuit_ref for c in session.execute(select(Circuits)).scalars().all()
                           ^^^^^^^^^^^^^^^^^^^^^^^^^^^^^^^^^
  File "C:\Users\ADMIN\MyProjects\f1-betting\.venv\Lib\site-packages\sqlalchemy\orm\session.py", line 2365, in execute
    return self._execute_internal(
           ^^^^^^^^^^^^^^^^^^^^^^^
  File "C:\Users\ADMIN\MyProjects\f1-betting\.venv\Lib\site-packages\sqlalchemy\orm\session.py", line 2251, in _execute_internal
    result: Result[Any] = compile_state_cls.orm_execute_statement(
                          ^^^^^^^^^^^^^^^^^^^^^^^^^^^^^^^^^^^^^^^^
  File "C:\Users\ADMIN\MyProjects\f1-betting\.venv\Lib\site-packages\sqlalchemy\orm\context.py", line 306, in orm_execute_statement
    result = conn.execute(
             ^^^^^^^^^^^^^
  File "C:\Users\ADMIN\MyProjects\f1-betting\.venv\Lib\site-packages\sqlalchemy\engine\base.py", line 1419, in execute
    return meth(
           ^^^^^
  File "C:\Users\ADMIN\MyProjects\f1-betting\.venv\Lib\site-packages\sqlalchemy\sql\elements.py", line 526, in _execute_on_connection
    return connection._execute_clauseelement(
           ^^^^^^^^^^^^^^^^^^^^^^^^^^^^^^^^^^
  File "C:\Users\ADMIN\MyProjects\f1-betting\.venv\Lib\site-packages\sqlalchemy\engine\base.py", line 1641, in _execute_clauseelement
    ret = self._execute_context(
          ^^^^^^^^^^^^^^^^^^^^^^
  File "C:\Users\ADMIN\MyProjects\f1-betting\.venv\Lib\site-packages\sqlalchemy\engine\base.py", line 1846, in _execute_context
    return self._exec_single_context(
           ^^^^^^^^^^^^^^^^^^^^^^^^^^
  File "C:\Users\ADMIN\MyProjects\f1-betting\.venv\Lib\site-packages\sqlalchemy\engine\base.py", line 1986, in _exec_single_context
    self._handle_dbapi_exception(
  File "C:\Users\ADMIN\MyProjects\f1-betting\.venv\Lib\site-packages\sqlalchemy\engine\base.py", line 2355, in _handle_dbapi_exception
    raise sqlalchemy_exception.with_traceback(exc_info[2]) from e
  File "C:\Users\ADMIN\MyProjects\f1-betting\.venv\Lib\site-packages\sqlalchemy\engine\base.py", line 1967, in _exec_single_context
    self.dialect.do_execute(
  File "C:\Users\ADMIN\MyProjects\f1-betting\.venv\Lib\site-packages\sqlalchemy\engine\default.py", line 951, in do_execute
    cursor.execute(statement, parameters)
sqlalchemy.exc.ProgrammingError: (psycopg2.errors.UndefinedColumn) column circuits.url does not exist
LINE 1: ...on, circuits.country, circuits.lat, circuits.lng, circuits.u...
                                                             ^

[SQL: SELECT circuits.circuit_id, circuits.circuit_ref, circuits.name, circuits.location, circuits.country, circuits.lat, circuits.lng, circuits.url 
FROM circuits]
(Background on this error at: https://sqlalche.me/e/20/f405)
2025-08-23 22:58:21,437 - INFO - Creating database tables...
2025-08-23 22:58:21,496 - INFO - Database tables created successfully.
2025-08-23 22:58:21,496 - INFO - Ingesting seasons...
2025-08-23 22:58:22,378 - INFO - Ingested 0 new seasons. Total seasons: 76
2025-08-23 22:58:22,379 - INFO - Ingesting circuits...
2025-08-23 22:58:23,214 - CRITICAL - A critical error occurred: (psycopg2.errors.UndefinedColumn) column circuits.url does not exist
LINE 1: ...on, circuits.country, circuits.lat, circuits.lng, circuits.u...
                                                             ^

[SQL: SELECT circuits.circuit_id, circuits.circuit_ref, circuits.name, circuits.location, circuits.country, circuits.lat, circuits.lng, circuits.url 
FROM circuits]
(Background on this error at: https://sqlalche.me/e/20/f405)
Traceback (most recent call last):
  File "C:\Users\ADMIN\MyProjects\f1-betting\.venv\Lib\site-packages\sqlalchemy\engine\base.py", line 1967, in _exec_single_context
    self.dialect.do_execute(
  File "C:\Users\ADMIN\MyProjects\f1-betting\.venv\Lib\site-packages\sqlalchemy\engine\default.py", line 951, in do_execute
    cursor.execute(statement, parameters)
psycopg2.errors.UndefinedColumn: column circuits.url does not exist
LINE 1: ...on, circuits.country, circuits.lat, circuits.lng, circuits.u...
                                                             ^


The above exception was the direct cause of the following exception:

Traceback (most recent call last):
  File "C:\Users\ADMIN\MyProjects\f1-betting\src\setup.py", line 592, in main
    ingest_circuits(db_session)
  File "C:\Users\ADMIN\MyProjects\f1-betting\src\setup.py", line 180, in ingest_circuits
    c.circuit_ref for c in session.execute(select(Circuits)).scalars().all()
                           ^^^^^^^^^^^^^^^^^^^^^^^^^^^^^^^^^
  File "C:\Users\ADMIN\MyProjects\f1-betting\.venv\Lib\site-packages\sqlalchemy\orm\session.py", line 2365, in execute
    return self._execute_internal(
           ^^^^^^^^^^^^^^^^^^^^^^^
  File "C:\Users\ADMIN\MyProjects\f1-betting\.venv\Lib\site-packages\sqlalchemy\orm\session.py", line 2251, in _execute_internal
    result: Result[Any] = compile_state_cls.orm_execute_statement(
                          ^^^^^^^^^^^^^^^^^^^^^^^^^^^^^^^^^^^^^^^^
  File "C:\Users\ADMIN\MyProjects\f1-betting\.venv\Lib\site-packages\sqlalchemy\orm\context.py", line 306, in orm_execute_statement
    result = conn.execute(
             ^^^^^^^^^^^^^
  File "C:\Users\ADMIN\MyProjects\f1-betting\.venv\Lib\site-packages\sqlalchemy\engine\base.py", line 1419, in execute
    return meth(
           ^^^^^
  File "C:\Users\ADMIN\MyProjects\f1-betting\.venv\Lib\site-packages\sqlalchemy\sql\elements.py", line 526, in _execute_on_connection
    return connection._execute_clauseelement(
           ^^^^^^^^^^^^^^^^^^^^^^^^^^^^^^^^^^
  File "C:\Users\ADMIN\MyProjects\f1-betting\.venv\Lib\site-packages\sqlalchemy\engine\base.py", line 1641, in _execute_clauseelement
    ret = self._execute_context(
          ^^^^^^^^^^^^^^^^^^^^^^
  File "C:\Users\ADMIN\MyProjects\f1-betting\.venv\Lib\site-packages\sqlalchemy\engine\base.py", line 1846, in _execute_context
    return self._exec_single_context(
           ^^^^^^^^^^^^^^^^^^^^^^^^^^
  File "C:\Users\ADMIN\MyProjects\f1-betting\.venv\Lib\site-packages\sqlalchemy\engine\base.py", line 1986, in _exec_single_context
    self._handle_dbapi_exception(
  File "C:\Users\ADMIN\MyProjects\f1-betting\.venv\Lib\site-packages\sqlalchemy\engine\base.py", line 2355, in _handle_dbapi_exception
    raise sqlalchemy_exception.with_traceback(exc_info[2]) from e
  File "C:\Users\ADMIN\MyProjects\f1-betting\.venv\Lib\site-packages\sqlalchemy\engine\base.py", line 1967, in _exec_single_context
    self.dialect.do_execute(
  File "C:\Users\ADMIN\MyProjects\f1-betting\.venv\Lib\site-packages\sqlalchemy\engine\default.py", line 951, in do_execute
    cursor.execute(statement, parameters)
sqlalchemy.exc.ProgrammingError: (psycopg2.errors.UndefinedColumn) column circuits.url does not exist
LINE 1: ...on, circuits.country, circuits.lat, circuits.lng, circuits.u...
                                                             ^

[SQL: SELECT circuits.circuit_id, circuits.circuit_ref, circuits.name, circuits.location, circuits.country, circuits.lat, circuits.lng, circuits.url 
FROM circuits]
(Background on this error at: https://sqlalche.me/e/20/f405)
2025-08-23 22:58:52,059 - INFO - Creating database tables...
2025-08-23 22:58:52,115 - INFO - Database tables created successfully.
2025-08-23 22:58:52,115 - INFO - Ingesting seasons...
2025-08-23 22:58:53,005 - INFO - Ingested 0 new seasons. Total seasons: 76
2025-08-23 22:58:53,005 - INFO - Ingesting circuits...
2025-08-23 22:58:53,833 - CRITICAL - A critical error occurred: (psycopg2.errors.UndefinedColumn) column circuits.url does not exist
LINE 1: ...on, circuits.country, circuits.lat, circuits.lng, circuits.u...
                                                             ^

[SQL: SELECT circuits.circuit_id, circuits.circuit_ref, circuits.name, circuits.location, circuits.country, circuits.lat, circuits.lng, circuits.url 
FROM circuits]
(Background on this error at: https://sqlalche.me/e/20/f405)
Traceback (most recent call last):
  File "C:\Users\ADMIN\MyProjects\f1-betting\.venv\Lib\site-packages\sqlalchemy\engine\base.py", line 1967, in _exec_single_context
    self.dialect.do_execute(
  File "C:\Users\ADMIN\MyProjects\f1-betting\.venv\Lib\site-packages\sqlalchemy\engine\default.py", line 951, in do_execute
    cursor.execute(statement, parameters)
psycopg2.errors.UndefinedColumn: column circuits.url does not exist
LINE 1: ...on, circuits.country, circuits.lat, circuits.lng, circuits.u...
                                                             ^


The above exception was the direct cause of the following exception:

Traceback (most recent call last):
  File "C:\Users\ADMIN\MyProjects\f1-betting\src\setup.py", line 591, in main
    ingest_circuits(db_session)
  File "C:\Users\ADMIN\MyProjects\f1-betting\src\setup.py", line 180, in ingest_circuits
    c.circuit_ref for c in session.execute(select(Circuits)).scalars().all()
                           ^^^^^^^^^^^^^^^^^^^^^^^^^^^^^^^^^
  File "C:\Users\ADMIN\MyProjects\f1-betting\.venv\Lib\site-packages\sqlalchemy\orm\session.py", line 2365, in execute
    return self._execute_internal(
           ^^^^^^^^^^^^^^^^^^^^^^^
  File "C:\Users\ADMIN\MyProjects\f1-betting\.venv\Lib\site-packages\sqlalchemy\orm\session.py", line 2251, in _execute_internal
    result: Result[Any] = compile_state_cls.orm_execute_statement(
                          ^^^^^^^^^^^^^^^^^^^^^^^^^^^^^^^^^^^^^^^^
  File "C:\Users\ADMIN\MyProjects\f1-betting\.venv\Lib\site-packages\sqlalchemy\orm\context.py", line 306, in orm_execute_statement
    result = conn.execute(
             ^^^^^^^^^^^^^
  File "C:\Users\ADMIN\MyProjects\f1-betting\.venv\Lib\site-packages\sqlalchemy\engine\base.py", line 1419, in execute
    return meth(
           ^^^^^
  File "C:\Users\ADMIN\MyProjects\f1-betting\.venv\Lib\site-packages\sqlalchemy\sql\elements.py", line 526, in _execute_on_connection
    return connection._execute_clauseelement(
           ^^^^^^^^^^^^^^^^^^^^^^^^^^^^^^^^^^
  File "C:\Users\ADMIN\MyProjects\f1-betting\.venv\Lib\site-packages\sqlalchemy\engine\base.py", line 1641, in _execute_clauseelement
    ret = self._execute_context(
          ^^^^^^^^^^^^^^^^^^^^^^
  File "C:\Users\ADMIN\MyProjects\f1-betting\.venv\Lib\site-packages\sqlalchemy\engine\base.py", line 1846, in _execute_context
    return self._exec_single_context(
           ^^^^^^^^^^^^^^^^^^^^^^^^^^
  File "C:\Users\ADMIN\MyProjects\f1-betting\.venv\Lib\site-packages\sqlalchemy\engine\base.py", line 1986, in _exec_single_context
    self._handle_dbapi_exception(
  File "C:\Users\ADMIN\MyProjects\f1-betting\.venv\Lib\site-packages\sqlalchemy\engine\base.py", line 2355, in _handle_dbapi_exception
    raise sqlalchemy_exception.with_traceback(exc_info[2]) from e
  File "C:\Users\ADMIN\MyProjects\f1-betting\.venv\Lib\site-packages\sqlalchemy\engine\base.py", line 1967, in _exec_single_context
    self.dialect.do_execute(
  File "C:\Users\ADMIN\MyProjects\f1-betting\.venv\Lib\site-packages\sqlalchemy\engine\default.py", line 951, in do_execute
    cursor.execute(statement, parameters)
sqlalchemy.exc.ProgrammingError: (psycopg2.errors.UndefinedColumn) column circuits.url does not exist
LINE 1: ...on, circuits.country, circuits.lat, circuits.lng, circuits.u...
                                                             ^

[SQL: SELECT circuits.circuit_id, circuits.circuit_ref, circuits.name, circuits.location, circuits.country, circuits.lat, circuits.lng, circuits.url 
FROM circuits]
(Background on this error at: https://sqlalche.me/e/20/f405)
2025-08-23 22:59:05,861 - INFO - Creating database tables...
2025-08-23 22:59:05,925 - INFO - Database tables created successfully.
2025-08-23 22:59:05,926 - INFO - Ingesting seasons...
2025-08-23 22:59:06,830 - INFO - Ingested 0 new seasons. Total seasons: 76
2025-08-23 22:59:06,830 - INFO - Ingesting circuits...
2025-08-23 22:59:07,666 - CRITICAL - A critical error occurred: (psycopg2.errors.UndefinedColumn) column circuits.url does not exist
LINE 1: ...on, circuits.country, circuits.lat, circuits.lng, circuits.u...
                                                             ^

[SQL: SELECT circuits.circuit_id, circuits.circuit_ref, circuits.name, circuits.location, circuits.country, circuits.lat, circuits.lng, circuits.url 
FROM circuits]
(Background on this error at: https://sqlalche.me/e/20/f405)
Traceback (most recent call last):
  File "C:\Users\ADMIN\MyProjects\f1-betting\.venv\Lib\site-packages\sqlalchemy\engine\base.py", line 1967, in _exec_single_context
    self.dialect.do_execute(
  File "C:\Users\ADMIN\MyProjects\f1-betting\.venv\Lib\site-packages\sqlalchemy\engine\default.py", line 951, in do_execute
    cursor.execute(statement, parameters)
psycopg2.errors.UndefinedColumn: column circuits.url does not exist
LINE 1: ...on, circuits.country, circuits.lat, circuits.lng, circuits.u...
                                                             ^


The above exception was the direct cause of the following exception:

Traceback (most recent call last):
  File "C:\Users\ADMIN\MyProjects\f1-betting\src\setup.py", line 591, in main
    ingest_circuits(db_session)
  File "C:\Users\ADMIN\MyProjects\f1-betting\src\setup.py", line 180, in ingest_circuits
    c.circuit_ref for c in session.execute(select(Circuits)).scalars().all()
                           ^^^^^^^^^^^^^^^^^^^^^^^^^^^^^^^^^
  File "C:\Users\ADMIN\MyProjects\f1-betting\.venv\Lib\site-packages\sqlalchemy\orm\session.py", line 2365, in execute
    return self._execute_internal(
           ^^^^^^^^^^^^^^^^^^^^^^^
  File "C:\Users\ADMIN\MyProjects\f1-betting\.venv\Lib\site-packages\sqlalchemy\orm\session.py", line 2251, in _execute_internal
    result: Result[Any] = compile_state_cls.orm_execute_statement(
                          ^^^^^^^^^^^^^^^^^^^^^^^^^^^^^^^^^^^^^^^^
  File "C:\Users\ADMIN\MyProjects\f1-betting\.venv\Lib\site-packages\sqlalchemy\orm\context.py", line 306, in orm_execute_statement
    result = conn.execute(
             ^^^^^^^^^^^^^
  File "C:\Users\ADMIN\MyProjects\f1-betting\.venv\Lib\site-packages\sqlalchemy\engine\base.py", line 1419, in execute
    return meth(
           ^^^^^
  File "C:\Users\ADMIN\MyProjects\f1-betting\.venv\Lib\site-packages\sqlalchemy\sql\elements.py", line 526, in _execute_on_connection
    return connection._execute_clauseelement(
           ^^^^^^^^^^^^^^^^^^^^^^^^^^^^^^^^^^
  File "C:\Users\ADMIN\MyProjects\f1-betting\.venv\Lib\site-packages\sqlalchemy\engine\base.py", line 1641, in _execute_clauseelement
    ret = self._execute_context(
          ^^^^^^^^^^^^^^^^^^^^^^
  File "C:\Users\ADMIN\MyProjects\f1-betting\.venv\Lib\site-packages\sqlalchemy\engine\base.py", line 1846, in _execute_context
    return self._exec_single_context(
           ^^^^^^^^^^^^^^^^^^^^^^^^^^
  File "C:\Users\ADMIN\MyProjects\f1-betting\.venv\Lib\site-packages\sqlalchemy\engine\base.py", line 1986, in _exec_single_context
    self._handle_dbapi_exception(
  File "C:\Users\ADMIN\MyProjects\f1-betting\.venv\Lib\site-packages\sqlalchemy\engine\base.py", line 2355, in _handle_dbapi_exception
    raise sqlalchemy_exception.with_traceback(exc_info[2]) from e
  File "C:\Users\ADMIN\MyProjects\f1-betting\.venv\Lib\site-packages\sqlalchemy\engine\base.py", line 1967, in _exec_single_context
    self.dialect.do_execute(
  File "C:\Users\ADMIN\MyProjects\f1-betting\.venv\Lib\site-packages\sqlalchemy\engine\default.py", line 951, in do_execute
    cursor.execute(statement, parameters)
sqlalchemy.exc.ProgrammingError: (psycopg2.errors.UndefinedColumn) column circuits.url does not exist
LINE 1: ...on, circuits.country, circuits.lat, circuits.lng, circuits.u...
                                                             ^

[SQL: SELECT circuits.circuit_id, circuits.circuit_ref, circuits.name, circuits.location, circuits.country, circuits.lat, circuits.lng, circuits.url 
FROM circuits]
(Background on this error at: https://sqlalche.me/e/20/f405)
2025-08-23 22:59:32,282 - INFO - Creating database tables...
2025-08-23 22:59:32,339 - INFO - Database tables created successfully.
2025-08-23 22:59:32,339 - INFO - Ingesting seasons...
2025-08-23 22:59:33,207 - INFO - Ingested 0 new seasons. Total seasons: 76
2025-08-23 22:59:33,208 - INFO - Ingesting circuits...
2025-08-23 22:59:34,066 - INFO - Ingested 42 new circuits.
2025-08-23 22:59:34,066 - INFO - Ingesting statuses...
2025-08-23 22:59:36,025 - INFO - Ingested 136 new statuses.
2025-08-23 22:59:36,025 - INFO - Ingesting drivers and constructors for all seasons...
2025-08-23 22:59:36,028 - CRITICAL - A critical error occurred: (psycopg2.errors.UndefinedColumn) column drivers.number does not exist
LINE 1: SELECT drivers.driver_id, drivers.driver_ref, drivers.number...
                                                      ^

[SQL: SELECT drivers.driver_id, drivers.driver_ref, drivers.number, drivers.code, drivers.forename, drivers.surname, drivers.dob, drivers.nationality, drivers.url 
FROM drivers]
(Background on this error at: https://sqlalche.me/e/20/f405)
Traceback (most recent call last):
  File "C:\Users\ADMIN\MyProjects\f1-betting\.venv\Lib\site-packages\sqlalchemy\engine\base.py", line 1967, in _exec_single_context
    self.dialect.do_execute(
  File "C:\Users\ADMIN\MyProjects\f1-betting\.venv\Lib\site-packages\sqlalchemy\engine\default.py", line 951, in do_execute
    cursor.execute(statement, parameters)
psycopg2.errors.UndefinedColumn: column drivers.number does not exist
LINE 1: SELECT drivers.driver_id, drivers.driver_ref, drivers.number...
                                                      ^


The above exception was the direct cause of the following exception:

Traceback (most recent call last):
  File "C:\Users\ADMIN\MyProjects\f1-betting\src\setup.py", line 595, in main
    ingest_drivers_and_constructors(db_session, all_seasons)
  File "C:\Users\ADMIN\MyProjects\f1-betting\src\setup.py", line 234, in ingest_drivers_and_constructors
    d.driver_ref for d in session.execute(select(Drivers)).scalars().all()
                          ^^^^^^^^^^^^^^^^^^^^^^^^^^^^^^^^
  File "C:\Users\ADMIN\MyProjects\f1-betting\.venv\Lib\site-packages\sqlalchemy\orm\session.py", line 2365, in execute
    return self._execute_internal(
           ^^^^^^^^^^^^^^^^^^^^^^^
  File "C:\Users\ADMIN\MyProjects\f1-betting\.venv\Lib\site-packages\sqlalchemy\orm\session.py", line 2251, in _execute_internal
    result: Result[Any] = compile_state_cls.orm_execute_statement(
                          ^^^^^^^^^^^^^^^^^^^^^^^^^^^^^^^^^^^^^^^^
  File "C:\Users\ADMIN\MyProjects\f1-betting\.venv\Lib\site-packages\sqlalchemy\orm\context.py", line 306, in orm_execute_statement
    result = conn.execute(
             ^^^^^^^^^^^^^
  File "C:\Users\ADMIN\MyProjects\f1-betting\.venv\Lib\site-packages\sqlalchemy\engine\base.py", line 1419, in execute
    return meth(
           ^^^^^
  File "C:\Users\ADMIN\MyProjects\f1-betting\.venv\Lib\site-packages\sqlalchemy\sql\elements.py", line 526, in _execute_on_connection
    return connection._execute_clauseelement(
           ^^^^^^^^^^^^^^^^^^^^^^^^^^^^^^^^^^
  File "C:\Users\ADMIN\MyProjects\f1-betting\.venv\Lib\site-packages\sqlalchemy\engine\base.py", line 1641, in _execute_clauseelement
    ret = self._execute_context(
          ^^^^^^^^^^^^^^^^^^^^^^
  File "C:\Users\ADMIN\MyProjects\f1-betting\.venv\Lib\site-packages\sqlalchemy\engine\base.py", line 1846, in _execute_context
    return self._exec_single_context(
           ^^^^^^^^^^^^^^^^^^^^^^^^^^
  File "C:\Users\ADMIN\MyProjects\f1-betting\.venv\Lib\site-packages\sqlalchemy\engine\base.py", line 1986, in _exec_single_context
    self._handle_dbapi_exception(
  File "C:\Users\ADMIN\MyProjects\f1-betting\.venv\Lib\site-packages\sqlalchemy\engine\base.py", line 2355, in _handle_dbapi_exception
    raise sqlalchemy_exception.with_traceback(exc_info[2]) from e
  File "C:\Users\ADMIN\MyProjects\f1-betting\.venv\Lib\site-packages\sqlalchemy\engine\base.py", line 1967, in _exec_single_context
    self.dialect.do_execute(
  File "C:\Users\ADMIN\MyProjects\f1-betting\.venv\Lib\site-packages\sqlalchemy\engine\default.py", line 951, in do_execute
    cursor.execute(statement, parameters)
sqlalchemy.exc.ProgrammingError: (psycopg2.errors.UndefinedColumn) column drivers.number does not exist
LINE 1: SELECT drivers.driver_id, drivers.driver_ref, drivers.number...
                                                      ^

[SQL: SELECT drivers.driver_id, drivers.driver_ref, drivers.number, drivers.code, drivers.forename, drivers.surname, drivers.dob, drivers.nationality, drivers.url 
FROM drivers]
(Background on this error at: https://sqlalche.me/e/20/f405)
2025-08-23 23:00:47,626 - INFO - Creating database tables...
2025-08-23 23:00:47,807 - INFO - Database tables created successfully.
2025-08-23 23:00:47,807 - INFO - Ingesting seasons...
2025-08-23 23:00:48,710 - INFO - Ingested 76 new seasons. Total seasons: 76
2025-08-23 23:00:48,710 - INFO - Ingesting circuits...
2025-08-23 23:00:49,559 - INFO - Ingested 77 new circuits.
2025-08-23 23:00:49,559 - INFO - Ingesting statuses...
2025-08-23 23:00:51,237 - INFO - Ingested 136 new statuses.
2025-08-23 23:00:51,237 - INFO - Ingesting drivers and constructors for all seasons...
2025-08-23 23:00:51,241 - INFO - Fetching data for 1950 season...
2025-08-23 23:00:52,094 - CRITICAL - A critical error occurred: string indices must be integers, not 'str'
Traceback (most recent call last):
  File "C:\Users\ADMIN\MyProjects\f1-betting\src\setup.py", line 595, in main
    ingest_drivers_and_constructors(db_session, all_seasons)
  File "C:\Users\ADMIN\MyProjects\f1-betting\src\setup.py", line 250, in ingest_drivers_and_constructors
    if d_data["driverId"] not in existing_drivers:
       ~~~~~~^^^^^^^^^^^^
TypeError: string indices must be integers, not 'str'
2025-08-23 23:01:32,941 - INFO - Creating database tables...
2025-08-23 23:01:33,124 - INFO - Database tables created successfully.
2025-08-23 23:01:33,124 - INFO - Ingesting seasons...
2025-08-23 23:01:34,206 - INFO - Ingested 76 new seasons. Total seasons: 76
2025-08-23 23:01:34,207 - INFO - Ingesting circuits...
2025-08-23 23:01:35,059 - INFO - Ingested 77 new circuits.
2025-08-23 23:01:35,059 - INFO - Ingesting statuses...
2025-08-23 23:01:36,725 - INFO - Ingested 136 new statuses.
2025-08-23 23:01:36,726 - INFO - Ingesting drivers and constructors for all seasons...
2025-08-23 23:01:36,729 - INFO - Fetching data for 1950 season...
2025-08-23 23:01:37,577 - CRITICAL - A critical error occurred: string indices must be integers, not 'str'
Traceback (most recent call last):
  File "C:\Users\ADMIN\MyProjects\f1-betting\src\setup.py", line 596, in main
    ingest_drivers_and_constructors(db_session, all_seasons)
  File "C:\Users\ADMIN\MyProjects\f1-betting\src\setup.py", line 251, in ingest_drivers_and_constructors
    if d_data["driverId"] not in existing_drivers:
       ~~~~~~^^^^^^^^^^^^
TypeError: string indices must be integers, not 'str'
2025-08-23 23:05:02,036 - INFO - Creating database tables...
2025-08-23 23:05:02,102 - INFO - Database tables created successfully.
2025-08-23 23:05:02,102 - INFO - Ingesting seasons...
2025-08-23 23:05:03,012 - INFO - Ingested 0 new seasons. Total seasons: 76
2025-08-23 23:05:03,012 - INFO - Ingesting circuits...
2025-08-23 23:05:03,862 - INFO - Ingested 0 new circuits.
2025-08-23 23:05:03,862 - INFO - Ingesting statuses...
2025-08-23 23:05:05,537 - INFO - Ingested 0 new statuses.
2025-08-23 23:05:05,537 - INFO - Ingesting drivers and constructors for all seasons...
2025-08-23 23:05:05,540 - INFO - Fetching data for 1950 season...
2025-08-23 23:05:06,385 - CRITICAL - A critical error occurred: string indices must be integers, not 'str'
Traceback (most recent call last):
  File "C:\Users\ADMIN\MyProjects\f1-betting\src\setup.py", line 597, in main
    ingest_drivers_and_constructors(db_session, all_seasons)
  File "C:\Users\ADMIN\MyProjects\f1-betting\src\setup.py", line 252, in ingest_drivers_and_constructors
    if d_data["driverId"] not in existing_drivers:
       ~~~~~~^^^^^^^^^^^^
TypeError: string indices must be integers, not 'str'
2025-08-23 23:05:47,557 - INFO - Creating database tables...
2025-08-23 23:05:47,618 - INFO - Database tables created successfully.
2025-08-23 23:05:47,619 - INFO - Ingesting seasons...
2025-08-23 23:05:48,519 - INFO - Ingested 0 new seasons. Total seasons: 76
2025-08-23 23:05:48,520 - INFO - Ingesting circuits...
2025-08-23 23:05:49,344 - INFO - Ingested 0 new circuits.
2025-08-23 23:05:49,345 - INFO - Ingesting statuses...
2025-08-23 23:05:51,000 - INFO - Ingested 0 new statuses.
2025-08-23 23:05:51,000 - INFO - Ingesting drivers and constructors for all seasons...
2025-08-23 23:05:51,004 - INFO - Fetching data for 1950 season...
2025-08-23 23:05:51,837 - CRITICAL - A critical error occurred: string indices must be integers, not 'str'
Traceback (most recent call last):
  File "C:\Users\ADMIN\MyProjects\f1-betting\src\setup.py", line 597, in main
    ingest_drivers_and_constructors(db_session, all_seasons)
  File "C:\Users\ADMIN\MyProjects\f1-betting\src\setup.py", line 252, in ingest_drivers_and_constructors
    if d_data["driverId"] not in existing_drivers:
       ~~~~~~^^^^^^^^^^^^
TypeError: string indices must be integers, not 'str'
2025-08-23 23:06:29,522 - INFO - Creating database tables...
2025-08-23 23:06:29,714 - INFO - Database tables created successfully.
2025-08-23 23:06:29,714 - INFO - Ingesting seasons...
2025-08-23 23:06:30,615 - INFO - Ingested 76 new seasons. Total seasons: 76
2025-08-23 23:06:30,616 - INFO - Ingesting circuits...
2025-08-23 23:06:31,487 - INFO - Ingested 77 new circuits.
2025-08-23 23:06:31,488 - INFO - Ingesting statuses...
2025-08-23 23:06:33,198 - INFO - Ingested 136 new statuses.
2025-08-23 23:06:33,198 - INFO - Ingesting drivers and constructors for all seasons...
2025-08-23 23:06:33,203 - INFO - Fetching data for 1950 season...
2025-08-23 23:06:34,053 - CRITICAL - A critical error occurred: string indices must be integers, not 'str'
Traceback (most recent call last):
  File "C:\Users\ADMIN\MyProjects\f1-betting\src\setup.py", line 597, in main
    ingest_drivers_and_constructors(db_session, all_seasons)
  File "C:\Users\ADMIN\MyProjects\f1-betting\src\setup.py", line 252, in ingest_drivers_and_constructors
    if d_data["driverId"] not in existing_drivers:
       ~~~~~~^^^^^^^^^^^^
TypeError: string indices must be integers, not 'str'
2025-08-23 23:07:25,372 - INFO - Creating database tables...
2025-08-23 23:07:25,426 - INFO - Database tables created successfully.
2025-08-23 23:07:25,426 - INFO - Ingesting seasons...
2025-08-23 23:07:26,365 - INFO - Ingested 0 new seasons. Total seasons: 76
2025-08-23 23:07:26,366 - INFO - Ingesting circuits...
2025-08-23 23:07:27,199 - INFO - Ingested 0 new circuits.
2025-08-23 23:07:27,199 - INFO - Ingesting statuses...
2025-08-23 23:07:28,888 - INFO - Ingested 0 new statuses.
2025-08-23 23:07:28,888 - INFO - Ingesting drivers and constructors for all seasons...
2025-08-23 23:07:28,892 - INFO - Fetching data for 1950 season...
2025-08-23 23:07:29,761 - CRITICAL - A critical error occurred: string indices must be integers, not 'str'
Traceback (most recent call last):
  File "C:\Users\ADMIN\MyProjects\f1-betting\src\setup.py", line 597, in main
    ingest_drivers_and_constructors(db_session, all_seasons)
  File "C:\Users\ADMIN\MyProjects\f1-betting\src\setup.py", line 252, in ingest_drivers_and_constructors
    if d_data["driverId"] not in existing_drivers:
       ~~~~~~^^^^^^^^^^^^
TypeError: string indices must be integers, not 'str'
2025-08-23 23:08:31,119 - INFO - Creating database tables...
2025-08-23 23:08:31,175 - INFO - Database tables created successfully.
2025-08-23 23:08:31,175 - INFO - Ingesting seasons...
2025-08-23 23:08:32,132 - INFO - Ingested 0 new seasons. Total seasons: 76
2025-08-23 23:08:32,132 - INFO - Ingesting circuits...
2025-08-23 23:08:32,980 - INFO - Ingested 0 new circuits.
2025-08-23 23:08:32,980 - INFO - Ingesting statuses...
2025-08-23 23:08:34,660 - INFO - Ingested 0 new statuses.
2025-08-23 23:08:34,661 - INFO - Ingesting drivers and constructors for all seasons...
2025-08-23 23:08:34,665 - INFO - Fetching data for 1950 season...
2025-08-23 23:08:35,510 - CRITICAL - A critical error occurred: string indices must be integers, not 'str'
Traceback (most recent call last):
  File "C:\Users\ADMIN\MyProjects\f1-betting\src\setup.py", line 597, in main
  File "C:\Users\ADMIN\MyProjects\f1-betting\src\setup.py", line 252, in ingest_drivers_and_constructors
    if drivers_data:
               ^^^^^^
TypeError: string indices must be integers, not 'str'
2025-08-23 23:08:43,456 - INFO - Creating database tables...
2025-08-23 23:08:43,616 - INFO - Database tables created successfully.
2025-08-23 23:08:43,617 - INFO - Ingesting seasons...
2025-08-23 23:08:44,495 - INFO - Ingested 0 new seasons. Total seasons: 76
2025-08-23 23:08:44,495 - INFO - Ingesting circuits...
2025-08-23 23:08:45,322 - INFO - Ingested 0 new circuits.
2025-08-23 23:08:45,322 - INFO - Ingesting statuses...
2025-08-23 23:08:47,007 - INFO - Ingested 0 new statuses.
2025-08-23 23:08:47,008 - INFO - Ingesting drivers and constructors for all seasons...
2025-08-23 23:08:47,011 - INFO - Fetching data for 1950 season...
2025-08-23 23:08:47,846 - CRITICAL - A critical error occurred: string indices must be integers, not 'str'
Traceback (most recent call last):
  File "C:\Users\ADMIN\MyProjects\f1-betting\src\setup.py", line 598, in main
    ingest_drivers_and_constructors(db_session, all_seasons)
  File "C:\Users\ADMIN\MyProjects\f1-betting\src\setup.py", line 253, in ingest_drivers_and_constructors
    if d_data["driverId"] not in existing_drivers:
       ~~~~~~^^^^^^^^^^^^
TypeError: string indices must be integers, not 'str'
2025-08-23 23:09:16,914 - INFO - Creating database tables...
2025-08-23 23:09:17,072 - INFO - Database tables created successfully.
2025-08-23 23:09:17,073 - INFO - Ingesting seasons...
2025-08-23 23:09:17,954 - INFO - Ingested 0 new seasons. Total seasons: 76
2025-08-23 23:09:17,954 - INFO - Ingesting circuits...
2025-08-23 23:09:18,788 - INFO - Ingested 0 new circuits.
2025-08-23 23:09:18,789 - INFO - Ingesting statuses...
2025-08-23 23:09:20,434 - INFO - Ingested 0 new statuses.
2025-08-23 23:09:20,434 - INFO - Ingesting drivers and constructors for all seasons...
2025-08-23 23:09:20,438 - INFO - Fetching data for 1950 season...
2025-08-23 23:09:22,333 - INFO - Fetching data for 1951 season...
2025-08-23 23:09:24,285 - INFO - Fetching data for 1952 season...
2025-08-23 23:09:27,062 - INFO - Fetching data for 1953 season...
2025-08-23 23:09:29,850 - INFO - Fetching data for 1954 season...
2025-08-23 23:09:31,946 - INFO - Fetching data for 1955 season...
2025-08-23 23:09:33,700 - INFO - Fetching data for 1956 season...
2025-08-23 23:09:35,468 - INFO - Fetching data for 1957 season...
2025-08-23 23:09:37,415 - INFO - Fetching data for 1958 season...
2025-08-23 23:09:39,354 - INFO - Fetching data for 1959 season...
2025-08-23 23:09:41,054 - INFO - Fetching data for 1960 season...
2025-08-23 23:09:42,776 - INFO - Fetching data for 1961 season...
2025-08-23 23:09:44,471 - INFO - Fetching data for 1962 season...
2025-08-23 23:09:46,418 - INFO - Fetching data for 1963 season...
2025-08-23 23:09:51,213 - INFO - Creating database tables...
2025-08-23 23:09:51,396 - INFO - Database tables created successfully.
2025-08-23 23:09:51,396 - INFO - Ingesting seasons...
2025-08-23 23:09:52,281 - INFO - Ingested 76 new seasons. Total seasons: 76
2025-08-23 23:09:52,281 - INFO - Ingesting circuits...
2025-08-23 23:09:53,114 - INFO - Ingested 77 new circuits.
2025-08-23 23:09:53,115 - INFO - Ingesting statuses...
2025-08-23 23:09:54,788 - INFO - Ingested 136 new statuses.
2025-08-23 23:09:54,789 - INFO - Ingesting drivers and constructors for all seasons...
2025-08-23 23:09:54,792 - INFO - Fetching data for 1950 season...
2025-08-23 23:09:56,456 - INFO - Fetching data for 1951 season...
2025-08-23 23:09:58,138 - INFO - Fetching data for 1952 season...
2025-08-23 23:10:00,634 - INFO - Fetching data for 1953 season...
2025-08-23 23:10:03,153 - INFO - Fetching data for 1954 season...
2025-08-23 23:10:04,841 - INFO - Fetching data for 1955 season...
2025-08-23 23:10:06,551 - INFO - Fetching data for 1956 season...
2025-08-23 23:10:08,193 - INFO - Fetching data for 1957 season...
2025-08-23 23:10:09,868 - INFO - Fetching data for 1958 season...
2025-08-23 23:10:11,542 - INFO - Fetching data for 1959 season...
2025-08-23 23:10:13,190 - INFO - Fetching data for 1960 season...
2025-08-23 23:10:14,861 - INFO - Fetching data for 1961 season...
2025-08-23 23:10:16,546 - INFO - Fetching data for 1962 season...
2025-08-23 23:10:18,214 - INFO - Fetching data for 1963 season...
2025-08-23 23:10:19,915 - INFO - Fetching data for 1964 season...
2025-08-23 23:10:21,588 - INFO - Fetching data for 1965 season...
2025-08-23 23:10:23,536 - INFO - Fetching data for 1966 season...
2025-08-23 23:10:25,732 - INFO - Fetching data for 1967 season...
2025-08-23 23:10:27,446 - INFO - Fetching data for 1968 season...
2025-08-23 23:10:29,135 - INFO - Fetching data for 1969 season...
2025-08-23 23:10:31,049 - INFO - Fetching data for 1970 season...
2025-08-23 23:10:32,960 - INFO - Fetching data for 1971 season...
2025-08-23 23:10:34,677 - INFO - Fetching data for 1972 season...
2025-08-23 23:10:36,393 - INFO - Fetching data for 1973 season...
2025-08-23 23:10:38,107 - INFO - Fetching data for 1974 season...
2025-08-23 23:10:38,943 - ERROR - Attempt 1/5 failed for https://api.jolpi.ca/ergast/f1/1974/drivers.json: 429 Client Error: Too Many Requests for url: https://api.jolpi.ca/ergast/f1/1974/drivers.json?limit=100&offset=0
2025-08-23 23:10:45,900 - INFO - Fetching data for 1975 season...
2025-08-23 23:10:47,598 - ERROR - Attempt 1/5 failed for https://api.jolpi.ca/ergast/f1/1975/constructors.json: 429 Client Error: Too Many Requests for url: https://api.jolpi.ca/ergast/f1/1975/constructors.json?limit=100&offset=0
2025-08-23 23:10:53,474 - INFO - Fetching data for 1976 season...
2025-08-23 23:10:55,172 - INFO - Fetching data for 1977 season...
2025-08-23 23:10:55,999 - ERROR - Attempt 1/5 failed for https://api.jolpi.ca/ergast/f1/1977/drivers.json: 429 Client Error: Too Many Requests for url: https://api.jolpi.ca/ergast/f1/1977/drivers.json?limit=100&offset=0
2025-08-23 23:11:02,752 - INFO - Fetching data for 1978 season...
2025-08-23 23:11:04,472 - ERROR - Attempt 1/5 failed for https://api.jolpi.ca/ergast/f1/1978/constructors.json: 429 Client Error: Too Many Requests for url: https://api.jolpi.ca/ergast/f1/1978/constructors.json?limit=100&offset=0
2025-08-23 23:11:10,496 - INFO - Fetching data for 1979 season...
2025-08-23 23:11:12,211 - INFO - Fetching data for 1980 season...
2025-08-23 23:11:13,031 - ERROR - Attempt 1/5 failed for https://api.jolpi.ca/ergast/f1/1980/drivers.json: 429 Client Error: Too Many Requests for url: https://api.jolpi.ca/ergast/f1/1980/drivers.json?limit=100&offset=0
2025-08-23 23:11:19,752 - INFO - Fetching data for 1981 season...
2025-08-23 23:11:20,589 - ERROR - Attempt 1/5 failed for https://api.jolpi.ca/ergast/f1/1981/drivers.json: 429 Client Error: Too Many Requests for url: https://api.jolpi.ca/ergast/f1/1981/drivers.json?limit=100&offset=0
2025-08-23 23:11:27,295 - INFO - Fetching data for 1982 season...
2025-08-23 23:11:29,167 - ERROR - Attempt 1/5 failed for https://api.jolpi.ca/ergast/f1/1982/constructors.json: 429 Client Error: Too Many Requests for url: https://api.jolpi.ca/ergast/f1/1982/constructors.json?limit=100&offset=0
2025-08-23 23:11:35,212 - INFO - Fetching data for 1983 season...
2025-08-23 23:11:37,093 - INFO - Fetching data for 1984 season...
2025-08-23 23:11:37,924 - ERROR - Attempt 1/5 failed for https://api.jolpi.ca/ergast/f1/1984/drivers.json: 429 Client Error: Too Many Requests for url: https://api.jolpi.ca/ergast/f1/1984/drivers.json?limit=100&offset=0
2025-08-23 23:11:44,822 - INFO - Fetching data for 1985 season...
2025-08-23 23:11:46,502 - ERROR - Attempt 1/5 failed for https://api.jolpi.ca/ergast/f1/1985/constructors.json: 429 Client Error: Too Many Requests for url: https://api.jolpi.ca/ergast/f1/1985/constructors.json?limit=100&offset=0
2025-08-23 23:11:52,332 - INFO - Fetching data for 1986 season...
2025-08-23 23:11:54,194 - ERROR - Attempt 1/5 failed for https://api.jolpi.ca/ergast/f1/1986/constructors.json: 429 Client Error: Too Many Requests for url: https://api.jolpi.ca/ergast/f1/1986/constructors.json?limit=100&offset=0
2025-08-23 23:12:00,044 - INFO - Fetching data for 1987 season...
2025-08-23 23:12:01,774 - INFO - Fetching data for 1988 season...
2025-08-23 23:12:02,607 - ERROR - Attempt 1/5 failed for https://api.jolpi.ca/ergast/f1/1988/drivers.json: 429 Client Error: Too Many Requests for url: https://api.jolpi.ca/ergast/f1/1988/drivers.json?limit=100&offset=0
2025-08-23 23:12:09,543 - INFO - Fetching data for 1989 season...
2025-08-23 23:12:11,217 - ERROR - Attempt 1/5 failed for https://api.jolpi.ca/ergast/f1/1989/constructors.json: 429 Client Error: Too Many Requests for url: https://api.jolpi.ca/ergast/f1/1989/constructors.json?limit=100&offset=0
2025-08-23 23:12:17,073 - INFO - Fetching data for 1990 season...
2025-08-23 23:12:18,769 - INFO - Fetching data for 1991 season...
2025-08-23 23:12:19,599 - ERROR - Attempt 1/5 failed for https://api.jolpi.ca/ergast/f1/1991/drivers.json: 429 Client Error: Too Many Requests for url: https://api.jolpi.ca/ergast/f1/1991/drivers.json?limit=100&offset=0
2025-08-23 23:12:26,518 - INFO - Fetching data for 1992 season...
2025-08-23 23:12:28,388 - ERROR - Attempt 1/5 failed for https://api.jolpi.ca/ergast/f1/1992/constructors.json: 429 Client Error: Too Many Requests for url: https://api.jolpi.ca/ergast/f1/1992/constructors.json?limit=100&offset=0
2025-08-23 23:12:34,435 - INFO - Fetching data for 1993 season...
2025-08-23 23:12:36,131 - ERROR - Attempt 1/5 failed for https://api.jolpi.ca/ergast/f1/1993/constructors.json: 429 Client Error: Too Many Requests for url: https://api.jolpi.ca/ergast/f1/1993/constructors.json?limit=100&offset=0
2025-08-23 23:12:41,989 - INFO - Fetching data for 1994 season...
2025-08-23 23:12:43,884 - INFO - Fetching data for 1995 season...
2025-08-23 23:12:44,721 - ERROR - Attempt 1/5 failed for https://api.jolpi.ca/ergast/f1/1995/drivers.json: 429 Client Error: Too Many Requests for url: https://api.jolpi.ca/ergast/f1/1995/drivers.json?limit=100&offset=0
2025-08-23 23:12:51,574 - INFO - Fetching data for 1996 season...
2025-08-23 23:12:53,218 - ERROR - Attempt 1/5 failed for https://api.jolpi.ca/ergast/f1/1996/constructors.json: 429 Client Error: Too Many Requests for url: https://api.jolpi.ca/ergast/f1/1996/constructors.json?limit=100&offset=0
2025-08-23 23:12:59,253 - INFO - Fetching data for 1997 season...
2025-08-23 23:13:01,609 - INFO - Fetching data for 1998 season...
2025-08-23 23:13:02,453 - ERROR - Attempt 1/5 failed for https://api.jolpi.ca/ergast/f1/1998/drivers.json: 429 Client Error: Too Many Requests for url: https://api.jolpi.ca/ergast/f1/1998/drivers.json?limit=100&offset=0
2025-08-23 23:13:09,428 - INFO - Fetching data for 1999 season...
2025-08-23 23:13:11,098 - ERROR - Attempt 1/5 failed for https://api.jolpi.ca/ergast/f1/1999/constructors.json: 429 Client Error: Too Many Requests for url: https://api.jolpi.ca/ergast/f1/1999/constructors.json?limit=100&offset=0
2025-08-23 23:13:16,958 - INFO - Fetching data for 2000 season...
2025-08-23 23:13:18,839 - INFO - Fetching data for 2001 season...
2025-08-23 23:13:19,669 - ERROR - Attempt 1/5 failed for https://api.jolpi.ca/ergast/f1/2001/drivers.json: 429 Client Error: Too Many Requests for url: https://api.jolpi.ca/ergast/f1/2001/drivers.json?limit=100&offset=0
2025-08-23 23:13:26,369 - INFO - Fetching data for 2002 season...
2025-08-23 23:13:27,208 - ERROR - Attempt 1/5 failed for https://api.jolpi.ca/ergast/f1/2002/drivers.json: 429 Client Error: Too Many Requests for url: https://api.jolpi.ca/ergast/f1/2002/drivers.json?limit=100&offset=0
2025-08-23 23:13:34,098 - INFO - Fetching data for 2003 season...
2025-08-23 23:13:35,943 - ERROR - Attempt 1/5 failed for https://api.jolpi.ca/ergast/f1/2003/constructors.json: 429 Client Error: Too Many Requests for url: https://api.jolpi.ca/ergast/f1/2003/constructors.json?limit=100&offset=0
2025-08-23 23:13:41,808 - INFO - Fetching data for 2004 season...
2025-08-23 23:13:43,505 - INFO - Fetching data for 2005 season...
2025-08-23 23:13:44,336 - ERROR - Attempt 1/5 failed for https://api.jolpi.ca/ergast/f1/2005/drivers.json: 429 Client Error: Too Many Requests for url: https://api.jolpi.ca/ergast/f1/2005/drivers.json?limit=100&offset=0
2025-08-23 23:13:51,243 - INFO - Fetching data for 2006 season...
2025-08-23 23:13:53,136 - ERROR - Attempt 1/5 failed for https://api.jolpi.ca/ergast/f1/2006/constructors.json: 429 Client Error: Too Many Requests for url: https://api.jolpi.ca/ergast/f1/2006/constructors.json?limit=100&offset=0
2025-08-23 23:13:58,992 - INFO - Fetching data for 2007 season...
2025-08-23 23:14:00,714 - INFO - Fetching data for 2008 season...
2025-08-23 23:14:01,551 - ERROR - Attempt 1/5 failed for https://api.jolpi.ca/ergast/f1/2008/drivers.json: 429 Client Error: Too Many Requests for url: https://api.jolpi.ca/ergast/f1/2008/drivers.json?limit=100&offset=0
2025-08-23 23:14:08,252 - INFO - Fetching data for 2009 season...
2025-08-23 23:14:09,078 - ERROR - Attempt 1/5 failed for https://api.jolpi.ca/ergast/f1/2009/drivers.json: 429 Client Error: Too Many Requests for url: https://api.jolpi.ca/ergast/f1/2009/drivers.json?limit=100&offset=0
2025-08-23 23:14:15,982 - INFO - Fetching data for 2010 season...
2025-08-23 23:14:17,847 - ERROR - Attempt 1/5 failed for https://api.jolpi.ca/ergast/f1/2010/constructors.json: 429 Client Error: Too Many Requests for url: https://api.jolpi.ca/ergast/f1/2010/constructors.json?limit=100&offset=0
2025-08-23 23:14:23,864 - INFO - Fetching data for 2011 season...
2025-08-23 23:14:25,560 - INFO - Fetching data for 2012 season...
2025-08-23 23:14:26,381 - ERROR - Attempt 1/5 failed for https://api.jolpi.ca/ergast/f1/2012/drivers.json: 429 Client Error: Too Many Requests for url: https://api.jolpi.ca/ergast/f1/2012/drivers.json?limit=100&offset=0
2025-08-23 23:14:33,077 - INFO - Fetching data for 2013 season...
2025-08-23 23:14:34,746 - ERROR - Attempt 1/5 failed for https://api.jolpi.ca/ergast/f1/2013/constructors.json: 429 Client Error: Too Many Requests for url: https://api.jolpi.ca/ergast/f1/2013/constructors.json?limit=100&offset=0
2025-08-23 23:14:40,601 - INFO - Fetching data for 2014 season...
2025-08-23 23:14:42,265 - ERROR - Attempt 1/5 failed for https://api.jolpi.ca/ergast/f1/2014/constructors.json: 429 Client Error: Too Many Requests for url: https://api.jolpi.ca/ergast/f1/2014/constructors.json?limit=100&offset=0
2025-08-23 23:14:48,122 - INFO - Fetching data for 2015 season...
2025-08-23 23:14:49,814 - INFO - Fetching data for 2016 season...
2025-08-23 23:14:50,650 - ERROR - Attempt 1/5 failed for https://api.jolpi.ca/ergast/f1/2016/drivers.json: 429 Client Error: Too Many Requests for url: https://api.jolpi.ca/ergast/f1/2016/drivers.json?limit=100&offset=0
2025-08-23 23:14:57,546 - INFO - Fetching data for 2017 season...
2025-08-23 23:14:59,412 - ERROR - Attempt 1/5 failed for https://api.jolpi.ca/ergast/f1/2017/constructors.json: 429 Client Error: Too Many Requests for url: https://api.jolpi.ca/ergast/f1/2017/constructors.json?limit=100&offset=0
2025-08-23 23:15:05,280 - INFO - Fetching data for 2018 season...
2025-08-23 23:15:06,987 - INFO - Fetching data for 2019 season...
2025-08-23 23:15:07,812 - ERROR - Attempt 1/5 failed for https://api.jolpi.ca/ergast/f1/2019/drivers.json: 429 Client Error: Too Many Requests for url: https://api.jolpi.ca/ergast/f1/2019/drivers.json?limit=100&offset=0
2025-08-23 23:15:14,526 - INFO - Fetching data for 2020 season...
2025-08-23 23:15:15,345 - ERROR - Attempt 1/5 failed for https://api.jolpi.ca/ergast/f1/2020/drivers.json: 429 Client Error: Too Many Requests for url: https://api.jolpi.ca/ergast/f1/2020/drivers.json?limit=100&offset=0
2025-08-23 23:15:22,022 - INFO - Fetching data for 2021 season...
2025-08-23 23:15:23,720 - ERROR - Attempt 1/5 failed for https://api.jolpi.ca/ergast/f1/2021/constructors.json: 429 Client Error: Too Many Requests for url: https://api.jolpi.ca/ergast/f1/2021/constructors.json?limit=100&offset=0
2025-08-23 23:15:29,605 - INFO - Fetching data for 2022 season...
2025-08-23 23:15:31,310 - INFO - Fetching data for 2023 season...
2025-08-23 23:15:32,130 - ERROR - Attempt 1/5 failed for https://api.jolpi.ca/ergast/f1/2023/drivers.json: 429 Client Error: Too Many Requests for url: https://api.jolpi.ca/ergast/f1/2023/drivers.json?limit=100&offset=0
2025-08-23 23:15:39,044 - INFO - Fetching data for 2024 season...
2025-08-23 23:15:40,719 - ERROR - Attempt 1/5 failed for https://api.jolpi.ca/ergast/f1/2024/constructors.json: 429 Client Error: Too Many Requests for url: https://api.jolpi.ca/ergast/f1/2024/constructors.json?limit=100&offset=0
2025-08-23 23:15:46,836 - INFO - Fetching data for 2025 season...
2025-08-23 23:15:48,538 - ERROR - Attempt 1/5 failed for https://api.jolpi.ca/ergast/f1/2025/constructors.json: 429 Client Error: Too Many Requests for url: https://api.jolpi.ca/ergast/f1/2025/constructors.json?limit=100&offset=0
2025-08-23 23:15:54,624 - INFO - Ingested 0 new drivers.
2025-08-23 23:15:54,624 - INFO - Ingested 0 new constructors.
2025-08-23 23:15:54,625 - INFO - Building foreign key maps...
2025-08-23 23:15:54,631 - INFO - Ingesting races...
2025-08-23 23:15:55,683 - WARNING - No race data found for season 1950.
2025-08-23 23:15:56,532 - WARNING - No race data found for season 1951.
2025-08-23 23:15:57,374 - ERROR - Attempt 1/5 failed for https://api.jolpi.ca/ergast/f1/1952/races.json: 429 Client Error: Too Many Requests for url: https://api.jolpi.ca/ergast/f1/1952/races.json?limit=100&offset=0
2025-08-23 23:16:03,255 - WARNING - No race data found for season 1952.
2025-08-23 23:16:04,123 - WARNING - No race data found for season 1953.
2025-08-23 23:16:04,945 - ERROR - Attempt 1/5 failed for https://api.jolpi.ca/ergast/f1/1954/races.json: 429 Client Error: Too Many Requests for url: https://api.jolpi.ca/ergast/f1/1954/races.json?limit=100&offset=0
2025-08-23 23:16:10,822 - WARNING - No race data found for season 1954.
2025-08-23 23:16:11,694 - WARNING - No race data found for season 1955.
2025-08-23 23:16:12,519 - ERROR - Attempt 1/5 failed for https://api.jolpi.ca/ergast/f1/1956/races.json: 429 Client Error: Too Many Requests for url: https://api.jolpi.ca/ergast/f1/1956/races.json?limit=100&offset=0
2025-08-23 23:16:18,679 - WARNING - No race data found for season 1956.
2025-08-23 23:16:19,764 - WARNING - No race data found for season 1957.
2025-08-23 23:16:20,633 - WARNING - No race data found for season 1958.
2025-08-23 23:16:21,484 - ERROR - Attempt 1/5 failed for https://api.jolpi.ca/ergast/f1/1959/races.json: 429 Client Error: Too Many Requests for url: https://api.jolpi.ca/ergast/f1/1959/races.json?limit=100&offset=0
2025-08-23 23:16:27,347 - WARNING - No race data found for season 1959.
2025-08-23 23:16:28,191 - WARNING - No race data found for season 1960.
2025-08-23 23:16:29,056 - WARNING - No race data found for season 1961.
2025-08-23 23:16:29,885 - ERROR - Attempt 1/5 failed for https://api.jolpi.ca/ergast/f1/1962/races.json: 429 Client Error: Too Many Requests for url: https://api.jolpi.ca/ergast/f1/1962/races.json?limit=100&offset=0
2025-08-23 23:16:35,979 - WARNING - No race data found for season 1962.
2025-08-23 23:16:36,844 - WARNING - No race data found for season 1963.
2025-08-23 23:16:37,707 - WARNING - No race data found for season 1964.
2025-08-23 23:16:38,542 - ERROR - Attempt 1/5 failed for https://api.jolpi.ca/ergast/f1/1965/races.json: 429 Client Error: Too Many Requests for url: https://api.jolpi.ca/ergast/f1/1965/races.json?limit=100&offset=0
2025-08-23 23:16:44,417 - WARNING - No race data found for season 1965.
2025-08-23 23:16:45,480 - WARNING - No race data found for season 1966.
2025-08-23 23:16:46,353 - WARNING - No race data found for season 1967.
2025-08-23 23:16:47,176 - ERROR - Attempt 1/5 failed for https://api.jolpi.ca/ergast/f1/1968/races.json: 429 Client Error: Too Many Requests for url: https://api.jolpi.ca/ergast/f1/1968/races.json?limit=100&offset=0
2025-08-23 23:16:53,041 - WARNING - No race data found for season 1968.
2025-08-23 23:16:53,916 - WARNING - No race data found for season 1969.
2025-08-23 23:16:54,778 - WARNING - No race data found for season 1970.
2025-08-23 23:16:55,608 - ERROR - Attempt 1/5 failed for https://api.jolpi.ca/ergast/f1/1971/races.json: 429 Client Error: Too Many Requests for url: https://api.jolpi.ca/ergast/f1/1971/races.json?limit=100&offset=0
2025-08-23 23:17:01,464 - WARNING - No race data found for season 1971.
2025-08-23 23:17:02,328 - WARNING - No race data found for season 1972.
2025-08-23 23:17:03,155 - ERROR - Attempt 1/5 failed for https://api.jolpi.ca/ergast/f1/1973/races.json: 429 Client Error: Too Many Requests for url: https://api.jolpi.ca/ergast/f1/1973/races.json?limit=100&offset=0
2025-08-23 23:17:09,018 - WARNING - No race data found for season 1973.
2025-08-23 23:17:10,090 - WARNING - No race data found for season 1974.
2025-08-23 23:17:10,949 - WARNING - No race data found for season 1975.
2025-08-23 23:17:11,777 - ERROR - Attempt 1/5 failed for https://api.jolpi.ca/ergast/f1/1976/races.json: 429 Client Error: Too Many Requests for url: https://api.jolpi.ca/ergast/f1/1976/races.json?limit=100&offset=0
2025-08-23 23:17:17,856 - WARNING - No race data found for season 1976.
2025-08-23 23:17:18,719 - WARNING - No race data found for season 1977.
2025-08-23 23:17:19,582 - WARNING - No race data found for season 1978.
2025-08-23 23:17:20,450 - ERROR - Attempt 1/5 failed for https://api.jolpi.ca/ergast/f1/1979/races.json: 429 Client Error: Too Many Requests for url: https://api.jolpi.ca/ergast/f1/1979/races.json?limit=100&offset=0
2025-08-23 23:17:26,510 - WARNING - No race data found for season 1979.
2025-08-23 23:17:27,376 - WARNING - No race data found for season 1980.
2025-08-23 23:17:28,244 - WARNING - No race data found for season 1981.
2025-08-23 23:17:29,078 - ERROR - Attempt 1/5 failed for https://api.jolpi.ca/ergast/f1/1982/races.json: 429 Client Error: Too Many Requests for url: https://api.jolpi.ca/ergast/f1/1982/races.json?limit=100&offset=0
2025-08-23 23:17:35,158 - WARNING - No race data found for season 1982.
2025-08-23 23:17:36,192 - WARNING - No race data found for season 1983.
2025-08-23 23:17:37,051 - WARNING - No race data found for season 1984.
2025-08-23 23:17:37,898 - ERROR - Attempt 1/5 failed for https://api.jolpi.ca/ergast/f1/1985/races.json: 429 Client Error: Too Many Requests for url: https://api.jolpi.ca/ergast/f1/1985/races.json?limit=100&offset=0
2025-08-23 23:17:44,650 - WARNING - No race data found for season 1985.
2025-08-23 23:17:45,652 - WARNING - No race data found for season 1986.
2025-08-23 23:17:46,980 - WARNING - No race data found for season 1987.
2025-08-23 23:17:48,042 - ERROR - Attempt 1/5 failed for https://api.jolpi.ca/ergast/f1/1988/races.json: 429 Client Error: Too Many Requests for url: https://api.jolpi.ca/ergast/f1/1988/races.json?limit=100&offset=0
2025-08-23 23:17:53,980 - WARNING - No race data found for season 1988.
2025-08-23 23:17:55,074 - WARNING - No race data found for season 1989.
2025-08-23 23:17:55,988 - WARNING - No race data found for season 1990.
2025-08-23 23:17:56,850 - ERROR - Attempt 1/5 failed for https://api.jolpi.ca/ergast/f1/1991/races.json: 429 Client Error: Too Many Requests for url: https://api.jolpi.ca/ergast/f1/1991/races.json?limit=100&offset=0
2025-08-23 23:18:02,794 - WARNING - No race data found for season 1991.
2025-08-23 23:18:03,783 - WARNING - No race data found for season 1992.
2025-08-23 23:18:04,785 - WARNING - No race data found for season 1993.
2025-08-23 23:18:05,782 - ERROR - Attempt 1/5 failed for https://api.jolpi.ca/ergast/f1/1994/races.json: 429 Client Error: Too Many Requests for url: https://api.jolpi.ca/ergast/f1/1994/races.json?limit=100&offset=0
2025-08-23 23:18:11,842 - WARNING - No race data found for season 1994.
2025-08-23 23:18:12,724 - WARNING - No race data found for season 1995.
2025-08-23 23:18:13,598 - WARNING - No race data found for season 1996.
2025-08-23 23:18:14,440 - ERROR - Attempt 1/5 failed for https://api.jolpi.ca/ergast/f1/1997/races.json: 429 Client Error: Too Many Requests for url: https://api.jolpi.ca/ergast/f1/1997/races.json?limit=100&offset=0
2025-08-23 23:18:20,517 - WARNING - No race data found for season 1997.
2025-08-23 23:18:21,603 - WARNING - No race data found for season 1998.
2025-08-23 23:18:22,473 - WARNING - No race data found for season 1999.
2025-08-23 23:18:23,305 - ERROR - Attempt 1/5 failed for https://api.jolpi.ca/ergast/f1/2000/races.json: 429 Client Error: Too Many Requests for url: https://api.jolpi.ca/ergast/f1/2000/races.json?limit=100&offset=0
2025-08-23 23:18:29,224 - WARNING - No race data found for season 2000.
2025-08-23 23:18:30,103 - WARNING - No race data found for season 2001.
2025-08-23 23:18:30,981 - WARNING - No race data found for season 2002.
2025-08-23 23:18:31,818 - ERROR - Attempt 1/5 failed for https://api.jolpi.ca/ergast/f1/2003/races.json: 429 Client Error: Too Many Requests for url: https://api.jolpi.ca/ergast/f1/2003/races.json?limit=100&offset=0
2025-08-23 23:18:37,673 - WARNING - No race data found for season 2003.
2025-08-23 23:18:38,749 - WARNING - No race data found for season 2004.
2025-08-23 23:18:39,578 - ERROR - Attempt 1/5 failed for https://api.jolpi.ca/ergast/f1/2005/races.json: 429 Client Error: Too Many Requests for url: https://api.jolpi.ca/ergast/f1/2005/races.json?limit=100&offset=0
2025-08-23 23:18:45,455 - WARNING - No race data found for season 2005.
2025-08-23 23:18:46,508 - WARNING - No race data found for season 2006.
2025-08-23 23:18:47,369 - WARNING - No race data found for season 2007.
2025-08-23 23:18:48,205 - ERROR - Attempt 1/5 failed for https://api.jolpi.ca/ergast/f1/2008/races.json: 429 Client Error: Too Many Requests for url: https://api.jolpi.ca/ergast/f1/2008/races.json?limit=100&offset=0
2025-08-23 23:18:54,270 - WARNING - No race data found for season 2008.
2025-08-23 23:18:55,326 - WARNING - No race data found for season 2009.
2025-08-23 23:18:56,394 - WARNING - No race data found for season 2010.
2025-08-23 23:18:57,236 - ERROR - Attempt 1/5 failed for https://api.jolpi.ca/ergast/f1/2011/races.json: 429 Client Error: Too Many Requests for url: https://api.jolpi.ca/ergast/f1/2011/races.json?limit=100&offset=0
2025-08-23 23:19:03,365 - WARNING - No race data found for season 2011.
2025-08-23 23:19:04,264 - WARNING - No race data found for season 2012.
2025-08-23 23:19:05,174 - WARNING - No race data found for season 2013.
2025-08-23 23:19:06,028 - ERROR - Attempt 1/5 failed for https://api.jolpi.ca/ergast/f1/2014/races.json: 429 Client Error: Too Many Requests for url: https://api.jolpi.ca/ergast/f1/2014/races.json?limit=100&offset=0
2025-08-23 23:19:11,901 - WARNING - No race data found for season 2014.
2025-08-23 23:19:12,980 - WARNING - No race data found for season 2015.
2025-08-23 23:19:14,057 - WARNING - No race data found for season 2016.
2025-08-23 23:19:14,964 - ERROR - Attempt 1/5 failed for https://api.jolpi.ca/ergast/f1/2017/races.json: 429 Client Error: Too Many Requests for url: https://api.jolpi.ca/ergast/f1/2017/races.json?limit=100&offset=0
2025-08-23 23:19:20,926 - WARNING - No race data found for season 2017.
2025-08-23 23:19:21,989 - WARNING - No race data found for season 2018.
2025-08-23 23:19:22,886 - WARNING - No race data found for season 2019.
2025-08-23 23:19:23,741 - ERROR - Attempt 1/5 failed for https://api.jolpi.ca/ergast/f1/2020/races.json: 429 Client Error: Too Many Requests for url: https://api.jolpi.ca/ergast/f1/2020/races.json?limit=100&offset=0
2025-08-23 23:19:29,593 - WARNING - No race data found for season 2020.
2025-08-23 23:19:30,443 - WARNING - No race data found for season 2021.
2025-08-23 23:19:31,316 - WARNING - No race data found for season 2022.
2025-08-23 23:19:32,165 - ERROR - Attempt 1/5 failed for https://api.jolpi.ca/ergast/f1/2023/races.json: 429 Client Error: Too Many Requests for url: https://api.jolpi.ca/ergast/f1/2023/races.json?limit=100&offset=0
2025-08-23 23:19:38,072 - WARNING - No race data found for season 2023.
2025-08-23 23:19:39,151 - WARNING - No race data found for season 2024.
2025-08-23 23:19:40,188 - WARNING - No race data found for season 2025.
2025-08-23 23:19:40,189 - INFO - Ingesting race-related data (results, qualifying, etc.)...
2025-08-23 23:19:40,193 - INFO - Ingesting final standings for all seasons...
2025-08-23 23:19:41,028 - ERROR - Attempt 1/5 failed for https://api.jolpi.ca/ergast/f1/1950/driverStandings.json: 429 Client Error: Too Many Requests for url: https://api.jolpi.ca/ergast/f1/1950/driverStandings.json?limit=100&offset=0
2025-08-23 23:19:49,853 - ERROR - Attempt 1/5 failed for https://api.jolpi.ca/ergast/f1/1951/constructorStandings.json: 429 Client Error: Too Many Requests for url: https://api.jolpi.ca/ergast/f1/1951/constructorStandings.json?limit=100&offset=0
2025-08-23 23:19:57,652 - ERROR - Attempt 1/5 failed for https://api.jolpi.ca/ergast/f1/1952/driverStandings.json: 429 Client Error: Too Many Requests for url: https://api.jolpi.ca/ergast/f1/1952/driverStandings.json?limit=100&offset=100
2025-08-23 23:20:06,922 - ERROR - Attempt 1/5 failed for https://api.jolpi.ca/ergast/f1/1953/driverStandings.json: 429 Client Error: Too Many Requests for url: https://api.jolpi.ca/ergast/f1/1953/driverStandings.json?limit=100&offset=100
2025-08-23 23:20:15,621 - ERROR - Attempt 1/5 failed for https://api.jolpi.ca/ergast/f1/1954/constructorStandings.json: 429 Client Error: Too Many Requests for url: https://api.jolpi.ca/ergast/f1/1954/constructorStandings.json?limit=100&offset=0
2025-08-23 23:20:24,082 - ERROR - Attempt 1/5 failed for https://api.jolpi.ca/ergast/f1/1956/driverStandings.json: 429 Client Error: Too Many Requests for url: https://api.jolpi.ca/ergast/f1/1956/driverStandings.json?limit=100&offset=0
2025-08-23 23:20:32,792 - ERROR - Attempt 1/5 failed for https://api.jolpi.ca/ergast/f1/1957/constructorStandings.json: 429 Client Error: Too Many Requests for url: https://api.jolpi.ca/ergast/f1/1957/constructorStandings.json?limit=100&offset=0
2025-08-23 23:20:41,441 - ERROR - Attempt 1/5 failed for https://api.jolpi.ca/ergast/f1/1959/driverStandings.json: 429 Client Error: Too Many Requests for url: https://api.jolpi.ca/ergast/f1/1959/driverStandings.json?limit=100&offset=0
2025-08-23 23:20:50,260 - ERROR - Attempt 1/5 failed for https://api.jolpi.ca/ergast/f1/1960/constructorStandings.json: 429 Client Error: Too Many Requests for url: https://api.jolpi.ca/ergast/f1/1960/constructorStandings.json?limit=100&offset=0
2025-08-23 23:20:57,882 - ERROR - Attempt 1/5 failed for https://api.jolpi.ca/ergast/f1/1961/constructorStandings.json: 429 Client Error: Too Many Requests for url: https://api.jolpi.ca/ergast/f1/1961/constructorStandings.json?limit=100&offset=0
2025-08-23 23:21:06,598 - ERROR - Attempt 1/5 failed for https://api.jolpi.ca/ergast/f1/1963/driverStandings.json: 429 Client Error: Too Many Requests for url: https://api.jolpi.ca/ergast/f1/1963/driverStandings.json?limit=100&offset=0
2025-08-23 23:21:15,639 - ERROR - Attempt 1/5 failed for https://api.jolpi.ca/ergast/f1/1964/constructorStandings.json: 429 Client Error: Too Many Requests for url: https://api.jolpi.ca/ergast/f1/1964/constructorStandings.json?limit=100&offset=0
2025-08-23 23:21:24,326 - ERROR - Attempt 1/5 failed for https://api.jolpi.ca/ergast/f1/1966/driverStandings.json: 429 Client Error: Too Many Requests for url: https://api.jolpi.ca/ergast/f1/1966/driverStandings.json?limit=100&offset=0
2025-08-23 23:21:30,159 - ERROR - Attempt 2/5 failed for https://api.jolpi.ca/ergast/f1/1966/driverStandings.json: 429 Client Error: Too Many Requests for url: https://api.jolpi.ca/ergast/f1/1966/driverStandings.json?limit=100&offset=0
2025-08-23 23:21:45,028 - ERROR - Attempt 1/5 failed for https://api.jolpi.ca/ergast/f1/1968/driverStandings.json: 429 Client Error: Too Many Requests for url: https://api.jolpi.ca/ergast/f1/1968/driverStandings.json?limit=100&offset=0
2025-08-23 23:21:53,789 - ERROR - Attempt 1/5 failed for https://api.jolpi.ca/ergast/f1/1969/constructorStandings.json: 429 Client Error: Too Many Requests for url: https://api.jolpi.ca/ergast/f1/1969/constructorStandings.json?limit=100&offset=0
2025-08-23 23:22:02,538 - ERROR - Attempt 1/5 failed for https://api.jolpi.ca/ergast/f1/1971/driverStandings.json: 429 Client Error: Too Many Requests for url: https://api.jolpi.ca/ergast/f1/1971/driverStandings.json?limit=100&offset=0
2025-08-23 23:22:10,588 - INFO - Creating database tables...
2025-08-23 23:22:10,673 - INFO - Database tables created successfully.
2025-08-23 23:22:10,673 - INFO - Ingesting seasons...
2025-08-23 23:22:11,680 - INFO - Ingested 0 new seasons. Total seasons: 76
2025-08-23 23:22:11,680 - INFO - Ingesting circuits...
2025-08-23 23:22:12,598 - INFO - Ingested 0 new circuits.
2025-08-23 23:22:12,599 - INFO - Ingesting statuses...
2025-08-23 23:22:14,249 - INFO - Ingested 0 new statuses.
2025-08-23 23:22:14,249 - INFO - Ingesting drivers and constructors for all seasons...
2025-08-23 23:22:14,253 - INFO - Fetching data for 1950 season...
2025-08-23 23:22:15,091 - ERROR - Attempt 1/5 failed for https://api.jolpi.ca/ergast/f1/1950/drivers.json: 429 Client Error: Too Many Requests for url: https://api.jolpi.ca/ergast/f1/1950/drivers.json?limit=100&offset=0
2025-08-23 23:22:21,773 - INFO - Fetching data for 1951 season...
2025-08-23 23:22:23,437 - ERROR - Attempt 1/5 failed for https://api.jolpi.ca/ergast/f1/1951/constructors.json: 429 Client Error: Too Many Requests for url: https://api.jolpi.ca/ergast/f1/1951/constructors.json?limit=100&offset=0
2025-08-23 23:22:29,295 - INFO - Fetching data for 1952 season...
2025-08-23 23:22:30,968 - ERROR - Attempt 1/5 failed for https://api.jolpi.ca/ergast/f1/1952/drivers.json: 429 Client Error: Too Many Requests for url: https://api.jolpi.ca/ergast/f1/1952/drivers.json?limit=100&offset=100
2025-08-23 23:22:37,636 - INFO - Fetching data for 1953 season...
2025-08-23 23:22:39,298 - ERROR - Attempt 1/5 failed for https://api.jolpi.ca/ergast/f1/1953/drivers.json: 429 Client Error: Too Many Requests for url: https://api.jolpi.ca/ergast/f1/1953/drivers.json?limit=100&offset=100
2025-08-23 23:22:45,940 - INFO - Fetching data for 1954 season...
2025-08-23 23:22:47,601 - ERROR - Attempt 1/5 failed for https://api.jolpi.ca/ergast/f1/1954/constructors.json: 429 Client Error: Too Many Requests for url: https://api.jolpi.ca/ergast/f1/1954/constructors.json?limit=100&offset=0
2025-08-23 23:22:53,448 - INFO - Fetching data for 1955 season...
2025-08-23 23:22:55,106 - ERROR - Attempt 1/5 failed for https://api.jolpi.ca/ergast/f1/1955/constructors.json: 429 Client Error: Too Many Requests for url: https://api.jolpi.ca/ergast/f1/1955/constructors.json?limit=100&offset=0
2025-08-23 23:23:01,039 - INFO - Fetching data for 1956 season...
2025-08-23 23:23:02,710 - INFO - Fetching data for 1957 season...
2025-08-23 23:23:03,530 - ERROR - Attempt 1/5 failed for https://api.jolpi.ca/ergast/f1/1957/drivers.json: 429 Client Error: Too Many Requests for url: https://api.jolpi.ca/ergast/f1/1957/drivers.json?limit=100&offset=0
2025-08-23 23:23:10,218 - INFO - Fetching data for 1958 season...
2025-08-23 23:23:11,870 - ERROR - Attempt 1/5 failed for https://api.jolpi.ca/ergast/f1/1958/constructors.json: 429 Client Error: Too Many Requests for url: https://api.jolpi.ca/ergast/f1/1958/constructors.json?limit=100&offset=0
2025-08-23 23:23:17,738 - INFO - Fetching data for 1959 season...
2025-08-23 23:23:19,401 - INFO - Fetching data for 1960 season...
2025-08-23 23:23:20,221 - ERROR - Attempt 1/5 failed for https://api.jolpi.ca/ergast/f1/1960/drivers.json: 429 Client Error: Too Many Requests for url: https://api.jolpi.ca/ergast/f1/1960/drivers.json?limit=100&offset=0
2025-08-23 23:23:26,917 - INFO - Fetching data for 1961 season...
2025-08-23 23:23:27,761 - ERROR - Attempt 1/5 failed for https://api.jolpi.ca/ergast/f1/1961/drivers.json: 429 Client Error: Too Many Requests for url: https://api.jolpi.ca/ergast/f1/1961/drivers.json?limit=100&offset=0
2025-08-23 23:23:34,456 - INFO - Fetching data for 1962 season...
2025-08-23 23:23:36,127 - ERROR - Attempt 1/5 failed for https://api.jolpi.ca/ergast/f1/1962/constructors.json: 429 Client Error: Too Many Requests for url: https://api.jolpi.ca/ergast/f1/1962/constructors.json?limit=100&offset=0
2025-08-23 23:23:41,965 - INFO - Fetching data for 1963 season...
2025-08-23 23:23:43,643 - INFO - Fetching data for 1964 season...
2025-08-23 23:23:44,481 - ERROR - Attempt 1/5 failed for https://api.jolpi.ca/ergast/f1/1964/drivers.json: 429 Client Error: Too Many Requests for url: https://api.jolpi.ca/ergast/f1/1964/drivers.json?limit=100&offset=0
2025-08-23 23:23:51,160 - INFO - Fetching data for 1965 season...
2025-08-23 23:23:51,994 - ERROR - Attempt 1/5 failed for https://api.jolpi.ca/ergast/f1/1965/drivers.json: 429 Client Error: Too Many Requests for url: https://api.jolpi.ca/ergast/f1/1965/drivers.json?limit=100&offset=0
2025-08-23 23:23:58,661 - INFO - Fetching data for 1966 season...
2025-08-23 23:24:00,445 - ERROR - Attempt 1/5 failed for https://api.jolpi.ca/ergast/f1/1966/constructors.json: 429 Client Error: Too Many Requests for url: https://api.jolpi.ca/ergast/f1/1966/constructors.json?limit=100&offset=0
2025-08-23 23:24:06,285 - INFO - Fetching data for 1967 season...
2025-08-23 23:24:08,143 - INFO - Fetching data for 1968 season...
2025-08-23 23:24:08,974 - ERROR - Attempt 1/5 failed for https://api.jolpi.ca/ergast/f1/1968/drivers.json: 429 Client Error: Too Many Requests for url: https://api.jolpi.ca/ergast/f1/1968/drivers.json?limit=100&offset=0
2025-08-23 23:24:15,623 - ERROR - Attempt 1/5 failed for https://api.jolpi.ca/ergast/f1/1968/constructors.json: 429 Client Error: Too Many Requests for url: https://api.jolpi.ca/ergast/f1/1968/constructors.json?limit=100&offset=0
2025-08-23 23:24:21,460 - INFO - Fetching data for 1969 season...
2025-08-23 23:24:23,117 - INFO - Fetching data for 1970 season...
2025-08-23 23:24:23,946 - ERROR - Attempt 1/5 failed for https://api.jolpi.ca/ergast/f1/1970/drivers.json: 429 Client Error: Too Many Requests for url: https://api.jolpi.ca/ergast/f1/1970/drivers.json?limit=100&offset=0
2025-08-23 23:24:30,613 - INFO - Fetching data for 1971 season...
2025-08-23 23:24:32,287 - ERROR - Attempt 1/5 failed for https://api.jolpi.ca/ergast/f1/1971/constructors.json: 429 Client Error: Too Many Requests for url: https://api.jolpi.ca/ergast/f1/1971/constructors.json?limit=100&offset=0
2025-08-23 23:24:38,138 - INFO - Fetching data for 1972 season...
2025-08-23 23:24:39,847 - ERROR - Attempt 1/5 failed for https://api.jolpi.ca/ergast/f1/1972/constructors.json: 429 Client Error: Too Many Requests for url: https://api.jolpi.ca/ergast/f1/1972/constructors.json?limit=100&offset=0
2025-08-23 23:24:46,751 - INFO - Creating database tables...
2025-08-23 23:24:46,808 - INFO - Database tables created successfully.
2025-08-23 23:24:46,808 - INFO - Ingesting seasons...
2025-08-23 23:24:47,679 - INFO - Ingested 0 new seasons. Total seasons: 76
2025-08-23 23:24:47,679 - INFO - Ingesting circuits...
2025-08-23 23:24:48,523 - INFO - Ingested 0 new circuits.
2025-08-23 23:24:48,523 - INFO - Ingesting statuses...
2025-08-23 23:24:50,204 - INFO - Ingested 0 new statuses.
2025-08-23 23:24:50,204 - INFO - Ingesting drivers and constructors for all seasons...
2025-08-23 23:24:50,208 - INFO - Fetching data for 1950 season...
2025-08-23 23:24:51,038 - ERROR - Attempt 1/5 failed for https://api.jolpi.ca/ergast/f1/1950/drivers.json: 429 Client Error: Too Many Requests for url: https://api.jolpi.ca/ergast/f1/1950/drivers.json?limit=100&offset=0
2025-08-23 23:24:57,716 - INFO - Fetching data for 1951 season...
2025-08-23 23:24:59,382 - ERROR - Attempt 1/5 failed for https://api.jolpi.ca/ergast/f1/1951/constructors.json: 429 Client Error: Too Many Requests for url: https://api.jolpi.ca/ergast/f1/1951/constructors.json?limit=100&offset=0
2025-08-23 23:25:05,222 - INFO - Fetching data for 1952 season...
2025-08-23 23:25:06,888 - ERROR - Attempt 1/5 failed for https://api.jolpi.ca/ergast/f1/1952/drivers.json: 429 Client Error: Too Many Requests for url: https://api.jolpi.ca/ergast/f1/1952/drivers.json?limit=100&offset=100
2025-08-23 23:25:13,559 - INFO - Fetching data for 1953 season...
2025-08-23 23:25:15,212 - ERROR - Attempt 1/5 failed for https://api.jolpi.ca/ergast/f1/1953/drivers.json: 429 Client Error: Too Many Requests for url: https://api.jolpi.ca/ergast/f1/1953/drivers.json?limit=100&offset=100
2025-08-23 23:25:21,881 - INFO - Fetching data for 1954 season...
2025-08-23 23:25:23,531 - ERROR - Attempt 1/5 failed for https://api.jolpi.ca/ergast/f1/1954/constructors.json: 429 Client Error: Too Many Requests for url: https://api.jolpi.ca/ergast/f1/1954/constructors.json?limit=100&offset=0
2025-08-23 23:25:29,369 - INFO - Fetching data for 1955 season...
2025-08-23 23:25:30,991 - ERROR - Attempt 1/5 failed for https://api.jolpi.ca/ergast/f1/1955/constructors.json: 429 Client Error: Too Many Requests for url: https://api.jolpi.ca/ergast/f1/1955/constructors.json?limit=100&offset=0
2025-08-23 23:25:36,836 - INFO - Fetching data for 1956 season...
2025-08-23 23:25:38,506 - INFO - Fetching data for 1957 season...
2025-08-23 23:25:39,416 - ERROR - Attempt 1/5 failed for https://api.jolpi.ca/ergast/f1/1957/drivers.json: 429 Client Error: Too Many Requests for url: https://api.jolpi.ca/ergast/f1/1957/drivers.json?limit=100&offset=0
2025-08-23 23:25:46,109 - ERROR - Attempt 1/5 failed for https://api.jolpi.ca/ergast/f1/1957/constructors.json: 429 Client Error: Too Many Requests for url: https://api.jolpi.ca/ergast/f1/1957/constructors.json?limit=100&offset=0
2025-08-23 23:25:51,941 - INFO - Fetching data for 1958 season...
2025-08-23 23:25:53,625 - INFO - Fetching data for 1959 season...
2025-08-23 23:25:54,477 - ERROR - Attempt 1/5 failed for https://api.jolpi.ca/ergast/f1/1959/drivers.json: 429 Client Error: Too Many Requests for url: https://api.jolpi.ca/ergast/f1/1959/drivers.json?limit=100&offset=0
2025-08-23 23:26:01,161 - INFO - Fetching data for 1960 season...
2025-08-23 23:26:02,833 - ERROR - Attempt 1/5 failed for https://api.jolpi.ca/ergast/f1/1960/constructors.json: 429 Client Error: Too Many Requests for url: https://api.jolpi.ca/ergast/f1/1960/constructors.json?limit=100&offset=0
2025-08-23 23:26:08,667 - INFO - Fetching data for 1961 season...
2025-08-23 23:26:10,348 - ERROR - Attempt 1/5 failed for https://api.jolpi.ca/ergast/f1/1961/constructors.json: 429 Client Error: Too Many Requests for url: https://api.jolpi.ca/ergast/f1/1961/constructors.json?limit=100&offset=0
2025-08-23 23:26:16,200 - INFO - Fetching data for 1962 season...
2025-08-23 23:26:17,912 - INFO - Fetching data for 1963 season...
2025-08-23 23:26:18,761 - ERROR - Attempt 1/5 failed for https://api.jolpi.ca/ergast/f1/1963/drivers.json: 429 Client Error: Too Many Requests for url: https://api.jolpi.ca/ergast/f1/1963/drivers.json?limit=100&offset=0
2025-08-23 23:26:23,291 - INFO - Creating database tables...
2025-08-23 23:26:23,347 - INFO - Database tables created successfully.
2025-08-23 23:26:23,347 - INFO - Ingesting seasons...
2025-08-23 23:26:24,246 - INFO - Ingested 0 new seasons. Total seasons: 76
2025-08-23 23:26:24,246 - INFO - Ingesting circuits...
2025-08-23 23:26:25,095 - INFO - Ingested 0 new circuits.
2025-08-23 23:26:25,096 - INFO - Ingesting statuses...
2025-08-23 23:26:26,751 - ERROR - Attempt 1/5 failed for https://api.jolpi.ca/ergast/f1/status.json: 429 Client Error: Too Many Requests for url: https://api.jolpi.ca/ergast/f1/status.json?limit=100&offset=100
2025-08-23 23:26:39,129 - INFO - Creating database tables...
2025-08-23 23:26:39,184 - INFO - Database tables created successfully.
2025-08-23 23:26:39,184 - INFO - Ingesting seasons...
2025-08-23 23:26:40,005 - CRITICAL - A critical error occurred: cannot access local variable 'item_list_key' where it is not associated with a value
Traceback (most recent call last):
  File "C:\Users\ADMIN\MyProjects\f1-betting\src\setup.py", line 591, in main
    all_seasons = ingest_seasons(db_session)
                  ^^^^^^^^^^^^^^^^^^^^^^^^^^
  File "C:\Users\ADMIN\MyProjects\f1-betting\src\setup.py", line 147, in ingest_seasons
    seasons_data = make_api_request("/f1/seasons.json")
                   ^^^^^^^^^^^^^^^^^^^^^^^^^^^^^^^^^^^^
  File "C:\Users\ADMIN\MyProjects\f1-betting\src\setup.py", line 105, in make_api_request
    print(data_table, item_list_key)
                      ^^^^^^^^^^^^^
UnboundLocalError: cannot access local variable 'item_list_key' where it is not associated with a value
2025-08-23 23:26:42,024 - INFO - Creating database tables...
2025-08-23 23:26:42,081 - INFO - Database tables created successfully.
2025-08-23 23:26:42,082 - INFO - Ingesting seasons...
2025-08-23 23:26:42,925 - CRITICAL - A critical error occurred: cannot access local variable 'item_list_key' where it is not associated with a value
Traceback (most recent call last):
  File "C:\Users\ADMIN\MyProjects\f1-betting\src\setup.py", line 591, in main
    all_seasons = ingest_seasons(db_session)
                  ^^^^^^^^^^^^^^^^^^^^^^^^^^
  File "C:\Users\ADMIN\MyProjects\f1-betting\src\setup.py", line 147, in ingest_seasons
    seasons_data = make_api_request("/f1/seasons.json")
                   ^^^^^^^^^^^^^^^^^^^^^^^^^^^^^^^^^^^^
  File "C:\Users\ADMIN\MyProjects\f1-betting\src\setup.py", line 105, in make_api_request
    print(data_table, item_list_key)
                      ^^^^^^^^^^^^^
UnboundLocalError: cannot access local variable 'item_list_key' where it is not associated with a value
2025-08-23 23:26:49,712 - INFO - Creating database tables...
2025-08-23 23:26:49,787 - INFO - Database tables created successfully.
2025-08-23 23:26:49,790 - INFO - Ingesting seasons...
2025-08-23 23:26:50,691 - INFO - Ingested 0 new seasons. Total seasons: 76
2025-08-23 23:26:50,691 - INFO - Ingesting circuits...
2025-08-23 23:26:51,578 - INFO - Ingested 0 new circuits.
2025-08-23 23:26:51,578 - INFO - Ingesting statuses...
2025-08-23 23:26:53,261 - INFO - Ingested 0 new statuses.
2025-08-23 23:26:53,261 - INFO - Ingesting drivers and constructors for all seasons...
2025-08-23 23:26:53,264 - INFO - Fetching data for 1950 season...
2025-08-23 23:26:54,941 - INFO - Fetching data for 1951 season...
2025-08-23 23:33:13,066 - INFO - Creating database tables...
2025-08-23 23:33:13,131 - INFO - Database tables created successfully.
2025-08-23 23:33:13,131 - INFO - Ingesting seasons...
2025-08-23 23:33:14,049 - INFO - Ingested 0 new seasons. Total seasons: 76
2025-08-23 23:33:14,050 - INFO - Ingesting circuits...
2025-08-23 23:33:14,892 - INFO - Ingested 0 new circuits.
2025-08-23 23:33:14,892 - INFO - Ingesting statuses...
2025-08-23 23:33:16,567 - INFO - Ingested 0 new statuses.
2025-08-23 23:33:16,568 - INFO - Ingesting drivers and constructors for all seasons...
2025-08-23 23:33:16,571 - INFO - Fetching data for 1950 season...
2025-08-23 23:33:38,265 - INFO - Creating database tables...
2025-08-23 23:33:38,322 - INFO - Database tables created successfully.
2025-08-23 23:33:38,323 - INFO - Ingesting seasons...
2025-08-23 23:33:39,208 - INFO - Ingested 0 new seasons. Total seasons: 76
2025-08-23 23:33:39,209 - INFO - Ingesting circuits...
2025-08-23 23:33:40,032 - INFO - Ingested 0 new circuits.
2025-08-23 23:33:40,032 - INFO - Ingesting statuses...
2025-08-23 23:33:41,703 - INFO - Ingested 0 new statuses.
2025-08-23 23:33:41,704 - INFO - Ingesting drivers and constructors for all seasons...
2025-08-23 23:33:41,707 - INFO - Fetching data for 1950 season...
2025-08-23 23:33:43,378 - INFO - Fetching data for 1951 season...
2025-08-23 23:33:45,057 - INFO - Fetching data for 1952 season...
2025-08-23 23:33:47,581 - INFO - Fetching data for 1953 season...
2025-08-23 23:33:50,123 - INFO - Fetching data for 1954 season...
2025-08-23 23:33:51,812 - INFO - Fetching data for 1955 season...
2025-08-23 23:33:53,482 - INFO - Fetching data for 1956 season...
2025-08-23 23:33:55,147 - INFO - Fetching data for 1957 season...
2025-08-23 23:33:56,899 - INFO - Fetching data for 1958 season...
2025-08-23 23:33:58,562 - INFO - Fetching data for 1959 season...
2025-08-23 23:34:00,245 - INFO - Fetching data for 1960 season...
2025-08-23 23:34:01,906 - INFO - Fetching data for 1961 season...
2025-08-23 23:34:03,576 - INFO - Fetching data for 1962 season...
2025-08-23 23:34:05,309 - INFO - Fetching data for 1963 season...
2025-08-23 23:34:07,034 - INFO - Fetching data for 1964 season...
2025-08-23 23:34:08,721 - INFO - Fetching data for 1965 season...
2025-08-23 23:34:10,419 - INFO - Fetching data for 1966 season...
2025-08-23 23:34:25,126 - INFO - Creating database tables...
2025-08-23 23:34:25,289 - INFO - Database tables created successfully.
2025-08-23 23:34:25,290 - INFO - Ingesting seasons...
2025-08-23 23:34:26,184 - INFO - Ingested 0 new seasons. Total seasons: 76
2025-08-23 23:34:26,184 - INFO - Ingesting circuits...
2025-08-23 23:34:27,018 - INFO - Ingested 0 new circuits.
2025-08-23 23:34:27,019 - INFO - Ingesting statuses...
2025-08-23 23:34:28,703 - INFO - Ingested 0 new statuses.
2025-08-23 23:34:28,703 - INFO - Ingesting drivers and constructors for all seasons...
2025-08-23 23:34:28,707 - INFO - Fetching data for 1950 season...
2025-08-23 23:34:30,383 - INFO - Fetching data for 1951 season...
2025-08-23 23:34:32,059 - INFO - Fetching data for 1952 season...
2025-08-23 23:34:41,725 - INFO - Creating database tables...
2025-08-23 23:34:41,782 - INFO - Database tables created successfully.
2025-08-23 23:34:41,783 - INFO - Ingesting seasons...
2025-08-23 23:34:42,655 - INFO - Ingested 0 new seasons. Total seasons: 76
2025-08-23 23:34:42,655 - INFO - Ingesting circuits...
2025-08-23 23:34:43,490 - INFO - Ingested 0 new circuits.
2025-08-23 23:34:43,490 - INFO - Ingesting statuses...
2025-08-23 23:34:45,168 - INFO - Ingested 0 new statuses.
2025-08-23 23:34:45,169 - INFO - Ingesting drivers and constructors for all seasons...
2025-08-23 23:34:45,172 - INFO - Fetching data for 1950 season...
2025-08-23 23:34:46,856 - INFO - Fetching data for 1951 season...
2025-08-23 23:34:48,553 - INFO - Fetching data for 1952 season...
2025-08-23 23:35:14,769 - INFO - Creating database tables...
2025-08-23 23:35:14,825 - INFO - Database tables created successfully.
2025-08-23 23:35:14,825 - INFO - Ingesting seasons...
2025-08-23 23:35:15,715 - INFO - Ingested 0 new seasons. Total seasons: 76
2025-08-23 23:35:15,715 - INFO - Ingesting circuits...
2025-08-23 23:35:16,541 - INFO - Ingested 0 new circuits.
2025-08-23 23:35:16,541 - INFO - Ingesting statuses...
2025-08-23 23:35:18,220 - INFO - Ingested 0 new statuses.
2025-08-23 23:35:18,221 - INFO - Ingesting drivers and constructors for all seasons...
2025-08-23 23:35:18,224 - INFO - Fetching data for 1950 season...
2025-08-23 23:35:19,913 - INFO - Fetching data for 1951 season...
2025-08-23 23:35:21,569 - INFO - Fetching data for 1952 season...
2025-08-23 23:35:24,086 - INFO - Fetching data for 1953 season...
2025-08-23 23:35:26,634 - INFO - Fetching data for 1954 season...
2025-08-23 23:35:28,299 - INFO - Fetching data for 1955 season...
2025-08-23 23:35:29,967 - INFO - Fetching data for 1956 season...
2025-08-23 23:35:31,651 - INFO - Fetching data for 1957 season...
2025-08-23 23:35:33,308 - INFO - Fetching data for 1958 season...
2025-08-23 23:35:34,965 - INFO - Fetching data for 1959 season...
2025-08-23 23:35:36,628 - INFO - Fetching data for 1960 season...
2025-08-23 23:35:38,301 - INFO - Fetching data for 1961 season...
2025-08-23 23:35:39,959 - INFO - Fetching data for 1962 season...
2025-08-23 23:35:41,610 - INFO - Fetching data for 1963 season...
2025-08-23 23:35:43,270 - INFO - Fetching data for 1964 season...
2025-08-23 23:35:44,952 - INFO - Fetching data for 1965 season...
2025-08-23 23:35:46,605 - INFO - Fetching data for 1966 season...
2025-08-23 23:35:48,273 - INFO - Fetching data for 1967 season...
2025-08-23 23:35:49,952 - INFO - Fetching data for 1968 season...
2025-08-23 23:35:51,621 - INFO - Fetching data for 1969 season...
2025-08-23 23:35:53,304 - INFO - Fetching data for 1970 season...
2025-08-23 23:35:54,982 - INFO - Fetching data for 1971 season...
2025-08-23 23:35:55,813 - ERROR - Attempt 1/5 failed for https://api.jolpi.ca/ergast/f1/1971/drivers.json: 429 Client Error: Too Many Requests for url: https://api.jolpi.ca/ergast/f1/1971/drivers.json?limit=100&offset=0
2025-08-23 23:36:02,515 - INFO - Fetching data for 1972 season...
2025-08-23 23:36:03,351 - ERROR - Attempt 1/5 failed for https://api.jolpi.ca/ergast/f1/1972/drivers.json: 429 Client Error: Too Many Requests for url: https://api.jolpi.ca/ergast/f1/1972/drivers.json?limit=100&offset=0
2025-08-23 23:36:10,018 - INFO - Fetching data for 1973 season...
2025-08-23 23:36:11,697 - ERROR - Attempt 1/5 failed for https://api.jolpi.ca/ergast/f1/1973/constructors.json: 429 Client Error: Too Many Requests for url: https://api.jolpi.ca/ergast/f1/1973/constructors.json?limit=100&offset=0
2025-08-23 23:36:17,568 - INFO - Fetching data for 1974 season...
2025-08-23 23:36:19,269 - INFO - Fetching data for 1975 season...
2025-08-23 23:36:20,162 - ERROR - Attempt 1/5 failed for https://api.jolpi.ca/ergast/f1/1975/drivers.json: 429 Client Error: Too Many Requests for url: https://api.jolpi.ca/ergast/f1/1975/drivers.json?limit=100&offset=0
2025-08-23 23:36:26,855 - INFO - Fetching data for 1976 season...
2025-08-23 23:36:28,536 - ERROR - Attempt 1/5 failed for https://api.jolpi.ca/ergast/f1/1976/constructors.json: 429 Client Error: Too Many Requests for url: https://api.jolpi.ca/ergast/f1/1976/constructors.json?limit=100&offset=0
2025-08-23 23:36:34,441 - INFO - Fetching data for 1977 season...
2025-08-23 23:36:36,114 - ERROR - Attempt 1/5 failed for https://api.jolpi.ca/ergast/f1/1977/constructors.json: 429 Client Error: Too Many Requests for url: https://api.jolpi.ca/ergast/f1/1977/constructors.json?limit=100&offset=0
2025-08-23 23:36:41,953 - INFO - Fetching data for 1978 season...
2025-08-23 23:36:43,733 - INFO - Fetching data for 1979 season...
2025-08-23 23:36:44,576 - ERROR - Attempt 1/5 failed for https://api.jolpi.ca/ergast/f1/1979/drivers.json: 429 Client Error: Too Many Requests for url: https://api.jolpi.ca/ergast/f1/1979/drivers.json?limit=100&offset=0
2025-08-23 23:36:48,389 - INFO - Creating database tables...
2025-08-23 23:36:48,441 - INFO - Database tables created successfully.
2025-08-23 23:36:48,441 - INFO - Ingesting seasons...
2025-08-23 23:36:49,349 - INFO - Ingested 0 new seasons. Total seasons: 76
2025-08-23 23:36:49,349 - INFO - Ingesting circuits...
2025-08-23 23:36:50,186 - INFO - Ingested 0 new circuits.
2025-08-23 23:36:50,187 - INFO - Ingesting statuses...
2025-08-23 23:36:51,022 - ERROR - Attempt 1/5 failed for https://api.jolpi.ca/ergast/f1/status.json: 429 Client Error: Too Many Requests for url: https://api.jolpi.ca/ergast/f1/status.json?limit=100&offset=0
2025-08-23 23:36:57,701 - INFO - Ingested 0 new statuses.
2025-08-23 23:36:57,701 - INFO - Ingesting drivers and constructors for all seasons...
2025-08-23 23:36:57,705 - INFO - Fetching data for 1950 season...
2025-08-23 23:36:59,377 - ERROR - Attempt 1/5 failed for https://api.jolpi.ca/ergast/f1/1950/constructors.json: 429 Client Error: Too Many Requests for url: https://api.jolpi.ca/ergast/f1/1950/constructors.json?limit=100&offset=0
2025-08-23 23:37:05,217 - INFO - Fetching data for 1951 season...
2025-08-23 23:37:06,924 - INFO - Fetching data for 1952 season...
2025-08-23 23:37:07,756 - ERROR - Attempt 1/5 failed for https://api.jolpi.ca/ergast/f1/1952/drivers.json: 429 Client Error: Too Many Requests for url: https://api.jolpi.ca/ergast/f1/1952/drivers.json?limit=100&offset=0
2025-08-23 23:37:29,584 - INFO - Creating database tables...
2025-08-23 23:37:29,639 - INFO - Database tables created successfully.
2025-08-23 23:37:29,639 - INFO - Ingesting seasons...
2025-08-23 23:37:30,582 - INFO - Ingested 0 new seasons. Total seasons: 76
2025-08-23 23:37:30,582 - INFO - Ingesting circuits...
2025-08-23 23:37:31,418 - INFO - Ingested 0 new circuits.
2025-08-23 23:37:31,419 - INFO - Ingesting statuses...
2025-08-23 23:37:33,091 - INFO - Ingested 0 new statuses.
2025-08-23 23:37:33,091 - INFO - Ingesting drivers and constructors for all seasons...
2025-08-23 23:37:33,094 - INFO - Fetching data for 1950 season...
2025-08-23 23:37:34,743 - INFO - Fetching data for 1951 season...
2025-08-23 23:37:36,383 - INFO - Fetching data for 1952 season...
2025-08-23 23:37:38,083 - ERROR - Attempt 1/5 failed for https://api.jolpi.ca/ergast/f1/1952/drivers.json: 429 Client Error: Too Many Requests for url: https://api.jolpi.ca/ergast/f1/1952/drivers.json?limit=100&offset=100
2025-08-23 23:37:44,766 - INFO - Fetching data for 1953 season...
2025-08-23 23:37:46,493 - ERROR - Attempt 1/5 failed for https://api.jolpi.ca/ergast/f1/1953/drivers.json: 429 Client Error: Too Many Requests for url: https://api.jolpi.ca/ergast/f1/1953/drivers.json?limit=100&offset=100
2025-08-23 23:37:53,282 - INFO - Fetching data for 1954 season...
2025-08-23 23:37:54,116 - ERROR - Attempt 1/5 failed for https://api.jolpi.ca/ergast/f1/1954/drivers.json: 429 Client Error: Too Many Requests for url: https://api.jolpi.ca/ergast/f1/1954/drivers.json?limit=100&offset=0
2025-08-23 23:38:00,798 - INFO - Fetching data for 1955 season...
2025-08-23 23:38:02,477 - ERROR - Attempt 1/5 failed for https://api.jolpi.ca/ergast/f1/1955/constructors.json: 429 Client Error: Too Many Requests for url: https://api.jolpi.ca/ergast/f1/1955/constructors.json?limit=100&offset=0
2025-08-23 23:38:08,348 - INFO - Fetching data for 1956 season...
2025-08-23 23:38:10,058 - INFO - Fetching data for 1957 season...
2025-08-23 23:38:10,896 - ERROR - Attempt 1/5 failed for https://api.jolpi.ca/ergast/f1/1957/drivers.json: 429 Client Error: Too Many Requests for url: https://api.jolpi.ca/ergast/f1/1957/drivers.json?limit=100&offset=0
2025-08-23 23:38:17,565 - ERROR - Attempt 1/5 failed for https://api.jolpi.ca/ergast/f1/1957/constructors.json: 429 Client Error: Too Many Requests for url: https://api.jolpi.ca/ergast/f1/1957/constructors.json?limit=100&offset=0
2025-08-23 23:38:23,432 - INFO - Fetching data for 1958 season...
2025-08-23 23:38:25,133 - INFO - Fetching data for 1959 season...
2025-08-23 23:38:25,999 - ERROR - Attempt 1/5 failed for https://api.jolpi.ca/ergast/f1/1959/drivers.json: 429 Client Error: Too Many Requests for url: https://api.jolpi.ca/ergast/f1/1959/drivers.json?limit=100&offset=0
2025-08-23 23:38:29,991 - INFO - Creating database tables...
2025-08-23 23:38:30,048 - INFO - Database tables created successfully.
2025-08-23 23:38:30,048 - INFO - Ingesting seasons...
2025-08-23 23:38:30,941 - INFO - Ingested 0 new seasons. Total seasons: 76
2025-08-23 23:38:30,941 - INFO - Ingesting circuits...
2025-08-23 23:38:31,779 - INFO - Ingested 0 new circuits.
2025-08-23 23:38:31,780 - INFO - Ingesting statuses...
2025-08-23 23:38:32,598 - ERROR - Attempt 1/5 failed for https://api.jolpi.ca/ergast/f1/status.json: 429 Client Error: Too Many Requests for url: https://api.jolpi.ca/ergast/f1/status.json?limit=100&offset=0
2025-08-23 23:38:39,282 - INFO - Ingested 0 new statuses.
2025-08-23 23:38:39,283 - INFO - Ingesting drivers and constructors for all seasons...
2025-08-23 23:38:39,286 - INFO - Fetching data for 1950 season...
2025-08-23 23:38:40,932 - ERROR - Attempt 1/5 failed for https://api.jolpi.ca/ergast/f1/1950/constructors.json: 429 Client Error: Too Many Requests for url: https://api.jolpi.ca/ergast/f1/1950/constructors.json?limit=100&offset=0
2025-08-23 23:38:46,791 - INFO - Fetching data for 1951 season...
2025-08-23 23:38:48,473 - ERROR - Attempt 1/5 failed for https://api.jolpi.ca/ergast/f1/1951/constructors.json: 429 Client Error: Too Many Requests for url: https://api.jolpi.ca/ergast/f1/1951/constructors.json?limit=100&offset=0
2025-08-23 23:38:54,329 - INFO - Fetching data for 1952 season...
2025-08-23 23:38:56,823 - ERROR - Attempt 1/5 failed for https://api.jolpi.ca/ergast/f1/1952/constructors.json: 429 Client Error: Too Many Requests for url: https://api.jolpi.ca/ergast/f1/1952/constructors.json?limit=100&offset=0
2025-08-23 23:39:02,674 - INFO - Fetching data for 1953 season...
2025-08-23 23:39:05,211 - ERROR - Attempt 1/5 failed for https://api.jolpi.ca/ergast/f1/1953/constructors.json: 429 Client Error: Too Many Requests for url: https://api.jolpi.ca/ergast/f1/1953/constructors.json?limit=100&offset=0
2025-08-23 23:39:11,032 - INFO - Fetching data for 1954 season...
2025-08-23 23:39:12,672 - ERROR - Attempt 1/5 failed for https://api.jolpi.ca/ergast/f1/1954/constructors.json: 429 Client Error: Too Many Requests for url: https://api.jolpi.ca/ergast/f1/1954/constructors.json?limit=100&offset=0
2025-08-23 23:39:18,503 - INFO - Fetching data for 1955 season...
2025-08-23 23:39:20,145 - ERROR - Attempt 1/5 failed for https://api.jolpi.ca/ergast/f1/1955/constructors.json: 429 Client Error: Too Many Requests for url: https://api.jolpi.ca/ergast/f1/1955/constructors.json?limit=100&offset=0
2025-08-23 23:39:22,442 - INFO - Creating database tables...
2025-08-23 23:39:22,500 - INFO - Database tables created successfully.
2025-08-23 23:39:22,500 - INFO - Ingesting seasons...
2025-08-23 23:39:23,368 - INFO - Ingested 0 new seasons. Total seasons: 76
2025-08-23 23:39:23,368 - INFO - Ingesting circuits...
2025-08-23 23:39:24,187 - ERROR - Attempt 1/5 failed for https://api.jolpi.ca/ergast/f1/circuits.json: 429 Client Error: Too Many Requests for url: https://api.jolpi.ca/ergast/f1/circuits.json?limit=100&offset=0
2025-08-23 23:39:30,037 - INFO - Ingested 0 new circuits.
2025-08-23 23:39:30,037 - INFO - Ingesting statuses...
2025-08-23 23:39:31,736 - INFO - Ingested 0 new statuses.
2025-08-23 23:39:31,736 - INFO - Ingesting drivers and constructors for all seasons...
2025-08-23 23:39:31,740 - INFO - Fetching data for 1950 season...
2025-08-23 23:39:32,568 - ERROR - Attempt 1/5 failed for https://api.jolpi.ca/ergast/f1/1950/drivers.json: 429 Client Error: Too Many Requests for url: https://api.jolpi.ca/ergast/f1/1950/drivers.json?limit=100&offset=0
2025-08-23 23:39:39,228 - INFO - Fetching data for 1951 season...
2025-08-23 23:39:40,919 - ERROR - Attempt 1/5 failed for https://api.jolpi.ca/ergast/f1/1951/constructors.json: 429 Client Error: Too Many Requests for url: https://api.jolpi.ca/ergast/f1/1951/constructors.json?limit=100&offset=0
2025-08-23 23:39:46,770 - INFO - Fetching data for 1952 season...
2025-08-23 23:39:48,709 - ERROR - Attempt 1/5 failed for https://api.jolpi.ca/ergast/f1/1952/drivers.json: 429 Client Error: Too Many Requests for url: https://api.jolpi.ca/ergast/f1/1952/drivers.json?limit=100&offset=100
2025-08-23 23:39:55,426 - INFO - Fetching data for 1953 season...
2025-08-23 23:39:57,390 - ERROR - Attempt 1/5 failed for https://api.jolpi.ca/ergast/f1/1953/drivers.json: 429 Client Error: Too Many Requests for url: https://api.jolpi.ca/ergast/f1/1953/drivers.json?limit=100&offset=100
2025-08-23 23:40:04,128 - INFO - Fetching data for 1954 season...
2025-08-23 23:40:06,062 - ERROR - Attempt 1/5 failed for https://api.jolpi.ca/ergast/f1/1954/constructors.json: 429 Client Error: Too Many Requests for url: https://api.jolpi.ca/ergast/f1/1954/constructors.json?limit=100&offset=0
2025-08-23 23:40:11,923 - INFO - Fetching data for 1955 season...
2025-08-23 23:40:13,684 - INFO - Fetching data for 1956 season...
2025-08-23 23:40:14,530 - ERROR - Attempt 1/5 failed for https://api.jolpi.ca/ergast/f1/1956/drivers.json: 429 Client Error: Too Many Requests for url: https://api.jolpi.ca/ergast/f1/1956/drivers.json?limit=100&offset=0
2025-08-23 23:40:21,206 - INFO - Fetching data for 1957 season...
2025-08-23 23:40:22,860 - ERROR - Attempt 1/5 failed for https://api.jolpi.ca/ergast/f1/1957/constructors.json: 429 Client Error: Too Many Requests for url: https://api.jolpi.ca/ergast/f1/1957/constructors.json?limit=100&offset=0
2025-08-23 23:40:28,706 - INFO - Fetching data for 1958 season...
2025-08-23 23:40:30,382 - ERROR - Attempt 1/5 failed for https://api.jolpi.ca/ergast/f1/1958/constructors.json: 429 Client Error: Too Many Requests for url: https://api.jolpi.ca/ergast/f1/1958/constructors.json?limit=100&offset=0
2025-08-23 23:40:36,307 - INFO - Fetching data for 1959 season...
2025-08-23 23:40:38,022 - INFO - Fetching data for 1960 season...
2025-08-23 23:40:39,184 - ERROR - Attempt 1/5 failed for https://api.jolpi.ca/ergast/f1/1960/drivers.json: 429 Client Error: Too Many Requests for url: https://api.jolpi.ca/ergast/f1/1960/drivers.json?limit=100&offset=0
2025-08-23 23:40:45,881 - INFO - Fetching data for 1961 season...
2025-08-23 23:40:47,545 - ERROR - Attempt 1/5 failed for https://api.jolpi.ca/ergast/f1/1961/constructors.json: 429 Client Error: Too Many Requests for url: https://api.jolpi.ca/ergast/f1/1961/constructors.json?limit=100&offset=0
2025-08-23 23:40:53,421 - INFO - Fetching data for 1962 season...
2025-08-23 23:40:55,086 - INFO - Fetching data for 1963 season...
2025-08-23 23:40:55,921 - ERROR - Attempt 1/5 failed for https://api.jolpi.ca/ergast/f1/1963/drivers.json: 429 Client Error: Too Many Requests for url: https://api.jolpi.ca/ergast/f1/1963/drivers.json?limit=100&offset=0
2025-08-23 23:41:02,603 - INFO - Fetching data for 1964 season...
2025-08-23 23:41:03,448 - ERROR - Attempt 1/5 failed for https://api.jolpi.ca/ergast/f1/1964/drivers.json: 429 Client Error: Too Many Requests for url: https://api.jolpi.ca/ergast/f1/1964/drivers.json?limit=100&offset=0
2025-08-23 23:41:10,116 - INFO - Fetching data for 1965 season...
2025-08-23 23:41:11,781 - ERROR - Attempt 1/5 failed for https://api.jolpi.ca/ergast/f1/1965/constructors.json: 429 Client Error: Too Many Requests for url: https://api.jolpi.ca/ergast/f1/1965/constructors.json?limit=100&offset=0
2025-08-23 23:41:17,616 - INFO - Fetching data for 1966 season...
2025-08-23 23:41:19,291 - INFO - Fetching data for 1967 season...
2025-08-23 23:41:20,111 - ERROR - Attempt 1/5 failed for https://api.jolpi.ca/ergast/f1/1967/drivers.json: 429 Client Error: Too Many Requests for url: https://api.jolpi.ca/ergast/f1/1967/drivers.json?limit=100&offset=0
2025-08-23 23:41:27,213 - INFO - Fetching data for 1968 season...
2025-08-23 23:41:28,873 - ERROR - Attempt 1/5 failed for https://api.jolpi.ca/ergast/f1/1968/constructors.json: 429 Client Error: Too Many Requests for url: https://api.jolpi.ca/ergast/f1/1968/constructors.json?limit=100&offset=0
2025-08-23 23:41:34,708 - INFO - Fetching data for 1969 season...
2025-08-23 23:41:36,454 - ERROR - Attempt 1/5 failed for https://api.jolpi.ca/ergast/f1/1969/constructors.json: 429 Client Error: Too Many Requests for url: https://api.jolpi.ca/ergast/f1/1969/constructors.json?limit=100&offset=0
2025-08-23 23:41:42,296 - INFO - Fetching data for 1970 season...
2025-08-23 23:41:44,114 - INFO - Fetching data for 1971 season...
2025-08-23 23:41:45,000 - ERROR - Attempt 1/5 failed for https://api.jolpi.ca/ergast/f1/1971/drivers.json: 429 Client Error: Too Many Requests for url: https://api.jolpi.ca/ergast/f1/1971/drivers.json?limit=100&offset=0
2025-08-23 23:41:51,707 - INFO - Fetching data for 1972 season...
2025-08-23 23:41:53,429 - ERROR - Attempt 1/5 failed for https://api.jolpi.ca/ergast/f1/1972/constructors.json: 429 Client Error: Too Many Requests for url: https://api.jolpi.ca/ergast/f1/1972/constructors.json?limit=100&offset=0
2025-08-23 23:41:59,267 - INFO - Fetching data for 1973 season...
2025-08-23 23:42:00,930 - ERROR - Attempt 1/5 failed for https://api.jolpi.ca/ergast/f1/1973/constructors.json: 429 Client Error: Too Many Requests for url: https://api.jolpi.ca/ergast/f1/1973/constructors.json?limit=100&offset=0
2025-08-23 23:42:06,781 - INFO - Fetching data for 1974 season...
2025-08-23 23:42:08,457 - INFO - Fetching data for 1975 season...
2025-08-23 23:42:09,274 - ERROR - Attempt 1/5 failed for https://api.jolpi.ca/ergast/f1/1975/drivers.json: 429 Client Error: Too Many Requests for url: https://api.jolpi.ca/ergast/f1/1975/drivers.json?limit=100&offset=0
2025-08-23 23:42:15,959 - INFO - Fetching data for 1976 season...
2025-08-23 23:42:17,629 - ERROR - Attempt 1/5 failed for https://api.jolpi.ca/ergast/f1/1976/constructors.json: 429 Client Error: Too Many Requests for url: https://api.jolpi.ca/ergast/f1/1976/constructors.json?limit=100&offset=0
2025-08-23 23:42:23,472 - INFO - Fetching data for 1977 season...
2025-08-23 23:42:25,154 - INFO - Fetching data for 1978 season...
2025-08-23 23:42:26,262 - ERROR - Attempt 1/5 failed for https://api.jolpi.ca/ergast/f1/1978/drivers.json: 429 Client Error: Too Many Requests for url: https://api.jolpi.ca/ergast/f1/1978/drivers.json?limit=100&offset=0
2025-08-23 23:42:33,024 - INFO - Fetching data for 1979 season...
2025-08-23 23:42:33,870 - ERROR - Attempt 1/5 failed for https://api.jolpi.ca/ergast/f1/1979/drivers.json: 429 Client Error: Too Many Requests for url: https://api.jolpi.ca/ergast/f1/1979/drivers.json?limit=100&offset=0
2025-08-23 23:42:40,673 - INFO - Fetching data for 1980 season...
2025-08-23 23:42:42,360 - ERROR - Attempt 1/5 failed for https://api.jolpi.ca/ergast/f1/1980/constructors.json: 429 Client Error: Too Many Requests for url: https://api.jolpi.ca/ergast/f1/1980/constructors.json?limit=100&offset=0
2025-08-23 23:42:48,188 - INFO - Fetching data for 1981 season...
2025-08-23 23:42:49,914 - INFO - Fetching data for 1982 season...
2025-08-23 23:42:50,769 - ERROR - Attempt 1/5 failed for https://api.jolpi.ca/ergast/f1/1982/drivers.json: 429 Client Error: Too Many Requests for url: https://api.jolpi.ca/ergast/f1/1982/drivers.json?limit=100&offset=0
2025-08-23 23:42:57,466 - INFO - Fetching data for 1983 season...
2025-08-23 23:42:59,138 - ERROR - Attempt 1/5 failed for https://api.jolpi.ca/ergast/f1/1983/constructors.json: 429 Client Error: Too Many Requests for url: https://api.jolpi.ca/ergast/f1/1983/constructors.json?limit=100&offset=0
2025-08-23 23:43:04,986 - INFO - Fetching data for 1984 season...
2025-08-23 23:43:06,656 - ERROR - Attempt 1/5 failed for https://api.jolpi.ca/ergast/f1/1984/constructors.json: 429 Client Error: Too Many Requests for url: https://api.jolpi.ca/ergast/f1/1984/constructors.json?limit=100&offset=0
2025-08-23 23:43:12,498 - INFO - Fetching data for 1985 season...
2025-08-23 23:43:14,168 - INFO - Fetching data for 1986 season...
2025-08-23 23:43:15,007 - ERROR - Attempt 1/5 failed for https://api.jolpi.ca/ergast/f1/1986/drivers.json: 429 Client Error: Too Many Requests for url: https://api.jolpi.ca/ergast/f1/1986/drivers.json?limit=100&offset=0
2025-08-23 23:43:21,673 - INFO - Fetching data for 1987 season...
2025-08-23 23:43:23,381 - ERROR - Attempt 1/5 failed for https://api.jolpi.ca/ergast/f1/1987/constructors.json: 429 Client Error: Too Many Requests for url: https://api.jolpi.ca/ergast/f1/1987/constructors.json?limit=100&offset=0
2025-08-23 23:43:29,295 - INFO - Fetching data for 1988 season...
2025-08-23 23:43:30,959 - ERROR - Attempt 1/5 failed for https://api.jolpi.ca/ergast/f1/1988/constructors.json: 429 Client Error: Too Many Requests for url: https://api.jolpi.ca/ergast/f1/1988/constructors.json?limit=100&offset=0
2025-08-23 23:43:36,807 - INFO - Fetching data for 1989 season...
2025-08-23 23:43:38,535 - INFO - Fetching data for 1990 season...
2025-08-23 23:43:39,382 - ERROR - Attempt 1/5 failed for https://api.jolpi.ca/ergast/f1/1990/drivers.json: 429 Client Error: Too Many Requests for url: https://api.jolpi.ca/ergast/f1/1990/drivers.json?limit=100&offset=0
2025-08-23 23:43:46,054 - INFO - Fetching data for 1991 season...
2025-08-23 23:43:47,712 - ERROR - Attempt 1/5 failed for https://api.jolpi.ca/ergast/f1/1991/constructors.json: 429 Client Error: Too Many Requests for url: https://api.jolpi.ca/ergast/f1/1991/constructors.json?limit=100&offset=0
2025-08-23 23:43:53,564 - INFO - Fetching data for 1992 season...
2025-08-23 23:43:55,268 - INFO - Fetching data for 1993 season...
2025-08-23 23:43:56,128 - ERROR - Attempt 1/5 failed for https://api.jolpi.ca/ergast/f1/1993/drivers.json: 429 Client Error: Too Many Requests for url: https://api.jolpi.ca/ergast/f1/1993/drivers.json?limit=100&offset=0
2025-08-23 23:44:02,823 - INFO - Fetching data for 1994 season...
2025-08-23 23:44:03,650 - ERROR - Attempt 1/5 failed for https://api.jolpi.ca/ergast/f1/1994/drivers.json: 429 Client Error: Too Many Requests for url: https://api.jolpi.ca/ergast/f1/1994/drivers.json?limit=100&offset=0
2025-08-23 23:44:10,421 - INFO - Fetching data for 1995 season...
2025-08-23 23:44:12,161 - ERROR - Attempt 1/5 failed for https://api.jolpi.ca/ergast/f1/1995/constructors.json: 429 Client Error: Too Many Requests for url: https://api.jolpi.ca/ergast/f1/1995/constructors.json?limit=100&offset=0
2025-08-23 23:44:18,005 - INFO - Fetching data for 1996 season...
2025-08-23 23:44:18,843 - ERROR - Attempt 1/5 failed for https://api.jolpi.ca/ergast/f1/1996/drivers.json: 429 Client Error: Too Many Requests for url: https://api.jolpi.ca/ergast/f1/1996/drivers.json?limit=100&offset=0
2025-08-23 23:44:25,487 - INFO - Fetching data for 1997 season...
2025-08-23 23:44:27,161 - ERROR - Attempt 1/5 failed for https://api.jolpi.ca/ergast/f1/1997/constructors.json: 429 Client Error: Too Many Requests for url: https://api.jolpi.ca/ergast/f1/1997/constructors.json?limit=100&offset=0
2025-08-23 23:44:33,005 - INFO - Fetching data for 1998 season...
2025-08-23 23:44:34,659 - INFO - Fetching data for 1999 season...
2025-08-23 23:44:35,526 - ERROR - Attempt 1/5 failed for https://api.jolpi.ca/ergast/f1/1999/drivers.json: 429 Client Error: Too Many Requests for url: https://api.jolpi.ca/ergast/f1/1999/drivers.json?limit=100&offset=0
2025-08-23 23:44:42,206 - INFO - Fetching data for 2000 season...
2025-08-23 23:44:43,091 - ERROR - Attempt 1/5 failed for https://api.jolpi.ca/ergast/f1/2000/drivers.json: 429 Client Error: Too Many Requests for url: https://api.jolpi.ca/ergast/f1/2000/drivers.json?limit=100&offset=0
2025-08-23 23:44:49,846 - INFO - Fetching data for 2001 season...
2025-08-23 23:44:51,498 - ERROR - Attempt 1/5 failed for https://api.jolpi.ca/ergast/f1/2001/constructors.json: 429 Client Error: Too Many Requests for url: https://api.jolpi.ca/ergast/f1/2001/constructors.json?limit=100&offset=0
2025-08-23 23:44:57,403 - INFO - Fetching data for 2002 season...
2025-08-23 23:44:59,132 - INFO - Fetching data for 2003 season...
2025-08-23 23:44:59,967 - ERROR - Attempt 1/5 failed for https://api.jolpi.ca/ergast/f1/2003/drivers.json: 429 Client Error: Too Many Requests for url: https://api.jolpi.ca/ergast/f1/2003/drivers.json?limit=100&offset=0
2025-08-23 23:45:06,658 - INFO - Fetching data for 2004 season...
2025-08-23 23:45:08,323 - ERROR - Attempt 1/5 failed for https://api.jolpi.ca/ergast/f1/2004/constructors.json: 429 Client Error: Too Many Requests for url: https://api.jolpi.ca/ergast/f1/2004/constructors.json?limit=100&offset=0
2025-08-23 23:45:14,383 - INFO - Fetching data for 2005 season...
2025-08-23 23:45:16,091 - ERROR - Attempt 1/5 failed for https://api.jolpi.ca/ergast/f1/2005/constructors.json: 429 Client Error: Too Many Requests for url: https://api.jolpi.ca/ergast/f1/2005/constructors.json?limit=100&offset=0
2025-08-23 23:45:21,943 - INFO - Fetching data for 2006 season...
2025-08-23 23:45:23,903 - INFO - Fetching data for 2007 season...
2025-08-23 23:45:24,754 - ERROR - Attempt 1/5 failed for https://api.jolpi.ca/ergast/f1/2007/drivers.json: 429 Client Error: Too Many Requests for url: https://api.jolpi.ca/ergast/f1/2007/drivers.json?limit=100&offset=0
2025-08-23 23:45:31,541 - INFO - Fetching data for 2008 season...
2025-08-23 23:45:33,272 - ERROR - Attempt 1/5 failed for https://api.jolpi.ca/ergast/f1/2008/constructors.json: 429 Client Error: Too Many Requests for url: https://api.jolpi.ca/ergast/f1/2008/constructors.json?limit=100&offset=0
2025-08-23 23:45:39,168 - INFO - Fetching data for 2009 season...
2025-08-23 23:45:40,863 - INFO - Fetching data for 2010 season...
2025-08-23 23:45:41,709 - ERROR - Attempt 1/5 failed for https://api.jolpi.ca/ergast/f1/2010/drivers.json: 429 Client Error: Too Many Requests for url: https://api.jolpi.ca/ergast/f1/2010/drivers.json?limit=100&offset=0
2025-08-23 23:45:48,434 - INFO - Fetching data for 2011 season...
2025-08-23 23:45:49,263 - ERROR - Attempt 1/5 failed for https://api.jolpi.ca/ergast/f1/2011/drivers.json: 429 Client Error: Too Many Requests for url: https://api.jolpi.ca/ergast/f1/2011/drivers.json?limit=100&offset=0
2025-08-23 23:45:55,988 - INFO - Fetching data for 2012 season...
2025-08-23 23:45:57,667 - ERROR - Attempt 1/5 failed for https://api.jolpi.ca/ergast/f1/2012/constructors.json: 429 Client Error: Too Many Requests for url: https://api.jolpi.ca/ergast/f1/2012/constructors.json?limit=100&offset=0
2025-08-23 23:46:03,539 - INFO - Fetching data for 2013 season...
2025-08-23 23:46:05,291 - INFO - Fetching data for 2014 season...
2025-08-23 23:46:06,145 - ERROR - Attempt 1/5 failed for https://api.jolpi.ca/ergast/f1/2014/drivers.json: 429 Client Error: Too Many Requests for url: https://api.jolpi.ca/ergast/f1/2014/drivers.json?limit=100&offset=0
2025-08-23 23:46:12,873 - INFO - Fetching data for 2015 season...
2025-08-23 23:46:14,604 - ERROR - Attempt 1/5 failed for https://api.jolpi.ca/ergast/f1/2015/constructors.json: 429 Client Error: Too Many Requests for url: https://api.jolpi.ca/ergast/f1/2015/constructors.json?limit=100&offset=0
2025-08-23 23:46:20,485 - INFO - Fetching data for 2016 season...
2025-08-23 23:46:21,362 - ERROR - Attempt 1/5 failed for https://api.jolpi.ca/ergast/f1/2016/drivers.json: 429 Client Error: Too Many Requests for url: https://api.jolpi.ca/ergast/f1/2016/drivers.json?limit=100&offset=0
2025-08-23 23:46:28,092 - INFO - Fetching data for 2017 season...
2025-08-23 23:46:29,788 - ERROR - Attempt 1/5 failed for https://api.jolpi.ca/ergast/f1/2017/constructors.json: 429 Client Error: Too Many Requests for url: https://api.jolpi.ca/ergast/f1/2017/constructors.json?limit=100&offset=0
2025-08-23 23:46:35,637 - INFO - Fetching data for 2018 season...
2025-08-23 23:46:37,321 - ERROR - Attempt 1/5 failed for https://api.jolpi.ca/ergast/f1/2018/constructors.json: 429 Client Error: Too Many Requests for url: https://api.jolpi.ca/ergast/f1/2018/constructors.json?limit=100&offset=0
2025-08-23 23:46:43,157 - INFO - Fetching data for 2019 season...
2025-08-23 23:46:44,815 - INFO - Fetching data for 2020 season...
2025-08-23 23:46:45,651 - ERROR - Attempt 1/5 failed for https://api.jolpi.ca/ergast/f1/2020/drivers.json: 429 Client Error: Too Many Requests for url: https://api.jolpi.ca/ergast/f1/2020/drivers.json?limit=100&offset=0
2025-08-23 23:46:52,410 - INFO - Fetching data for 2021 season...
2025-08-23 23:46:54,152 - ERROR - Attempt 1/5 failed for https://api.jolpi.ca/ergast/f1/2021/constructors.json: 429 Client Error: Too Many Requests for url: https://api.jolpi.ca/ergast/f1/2021/constructors.json?limit=100&offset=0
2025-08-23 23:47:00,007 - INFO - Fetching data for 2022 season...
2025-08-23 23:47:01,755 - INFO - Fetching data for 2023 season...
2025-08-23 23:47:02,598 - ERROR - Attempt 1/5 failed for https://api.jolpi.ca/ergast/f1/2023/drivers.json: 429 Client Error: Too Many Requests for url: https://api.jolpi.ca/ergast/f1/2023/drivers.json?limit=100&offset=0
2025-08-23 23:47:09,340 - INFO - Fetching data for 2024 season...
2025-08-23 23:47:10,200 - ERROR - Attempt 1/5 failed for https://api.jolpi.ca/ergast/f1/2024/drivers.json: 429 Client Error: Too Many Requests for url: https://api.jolpi.ca/ergast/f1/2024/drivers.json?limit=100&offset=0
2025-08-23 23:47:16,885 - INFO - Fetching data for 2025 season...
2025-08-23 23:47:18,556 - ERROR - Attempt 1/5 failed for https://api.jolpi.ca/ergast/f1/2025/constructors.json: 429 Client Error: Too Many Requests for url: https://api.jolpi.ca/ergast/f1/2025/constructors.json?limit=100&offset=0
2025-08-23 23:47:24,540 - CRITICAL - A critical error occurred: (psycopg2.errors.NotNullViolation) null value in column "number" of relation "drivers" violates not-null constraint
DETAIL:  Failing row contains (1, ader, null, null, Walt, Ader, 1913-12-15, American, http://en.wikipedia.org/wiki/Walt_Ader).

[SQL: INSERT INTO drivers (driver_ref, number, code, forename, surname, dob, nationality, url) SELECT p0::VARCHAR, p1::INTEGER, p2::VARCHAR, p3::VARCHAR, p4::VARCHAR, p5::DATE, p6::VARCHAR, p7::VARCHAR FROM (VALUES (%(driver_ref__0)s, %(number__0)s, %(code ... 126016 characters truncated ... p7, sen_counter) ORDER BY sen_counter RETURNING drivers.driver_id, drivers.driver_id AS driver_id__1]
[parameters: {'forename__0': 'Walt', 'surname__0': 'Ader', 'url__0': 'http://en.wikipedia.org/wiki/Walt_Ader', 'driver_ref__0': 'ader', 'code__0': None, 'dob__0': '1913-12-15', 'number__0': None, 'nationality__0': 'American', 'forename__1': 'Fred', 'surname__1': 'Agabashian', 'url__1': 'http://en.wikipedia.org/wiki/Fred_Agabashian', 'driver_ref__1': 'agabashian', 'code__1': None, 'dob__1': '1913-08-21', 'number__1': None, 'nationality__1': 'American', 'forename__2': 'Alberto', 'surname__2': 'Ascari', 'url__2': 'http://en.wikipedia.org/wiki/Alberto_Ascari', 'driver_ref__2': 'ascari', 'code__2': None, 'dob__2': '1918-07-13', 'number__2': None, 'nationality__2': 'Italian', 'forename__3': 'Henry', 'surname__3': 'Banks', 'url__3': 'http://en.wikipedia.org/wiki/Henry_Banks', 'driver_ref__3': 'banks', 'code__3': None, 'dob__3': '1913-06-14', 'number__3': None, 'nationality__3': 'American', 'forename__4': 'Tony', 'surname__4': 'Bettenhausen', 'url__4': 'http://en.wikipedia.org/wiki/Tony_Bettenhausen', 'driver_ref__4': 'bettenhausen', 'code__4': None, 'dob__4': '1916-09-12', 'number__4': None, 'nationality__4': 'American', 'forename__5': 'Clemente', 'surname__5': 'Biondetti', 'url__5': 'http://en.wikipedia.org/wiki/Clemente_Biondetti', 'driver_ref__5': 'biondetti', 'code__5': None, 'dob__5': '1898-08-18', 'number__5': None, 'nationality__5': 'Italian', 'forename__6': 'Prince', 'surname__6': 'Bira' ... 6812 parameters truncated ... 'number__857': '2', 'nationality__857': 'American', 'forename__858': 'Andrea Kimi', 'surname__858': 'Antonelli', 'url__858': 'https://en.wikipedia.org/wiki/Andrea_Kimi_Antonelli', 'driver_ref__858': 'antonelli', 'code__858': 'ANT', 'dob__858': '2006-08-25', 'number__858': '12', 'nationality__858': 'Italian', 'forename__859': 'Oliver', 'surname__859': 'Bearman', 'url__859': 'http://en.wikipedia.org/wiki/Oliver_Bearman', 'driver_ref__859': 'bearman', 'code__859': 'BEA', 'dob__859': '2005-05-08', 'number__859': '87', 'nationality__859': 'British', 'forename__860': 'Franco', 'surname__860': 'Colapinto', 'url__860': 'http://en.wikipedia.org/wiki/Franco_Colapinto', 'driver_ref__860': 'colapinto', 'code__860': 'COL', 'dob__860': '2003-05-27', 'number__860': '43', 'nationality__860': 'Argentine', 'forename__861': 'Jack', 'surname__861': 'Doohan', 'url__861': 'http://en.wikipedia.org/wiki/Jack_Doohan', 'driver_ref__861': 'doohan', 'code__861': 'DOO', 'dob__861': '2003-01-20', 'number__861': '7', 'nationality__861': 'Australian', 'forename__862': 'Gabriel', 'surname__862': 'Bortoleto', 'url__862': 'https://en.wikipedia.org/wiki/Gabriel_Bortoleto', 'driver_ref__862': 'bortoleto', 'code__862': 'BOR', 'dob__862': '2004-10-14', 'number__862': '5', 'nationality__862': 'Brazilian', 'forename__863': 'Isack', 'surname__863': 'Hadjar', 'url__863': 'https://en.wikipedia.org/wiki/Isack_Hadjar', 'driver_ref__863': 'hadjar', 'code__863': 'HAD', 'dob__863': '2004-09-28', 'number__863': '6', 'nationality__863': 'French'}]
(Background on this error at: https://sqlalche.me/e/20/gkpj)
Traceback (most recent call last):
  File "C:\Users\ADMIN\MyProjects\f1-betting\.venv\Lib\site-packages\sqlalchemy\engine\base.py", line 2118, in _exec_insertmany_context
    dialect.do_execute(
  File "C:\Users\ADMIN\MyProjects\f1-betting\.venv\Lib\site-packages\sqlalchemy\engine\default.py", line 951, in do_execute
    cursor.execute(statement, parameters)
psycopg2.errors.NotNullViolation: null value in column "number" of relation "drivers" violates not-null constraint
DETAIL:  Failing row contains (1, ader, null, null, Walt, Ader, 1913-12-15, American, http://en.wikipedia.org/wiki/Walt_Ader).


The above exception was the direct cause of the following exception:

Traceback (most recent call last):
  File "C:\Users\ADMIN\MyProjects\f1-betting\src\setup.py", line 603, in main
    ingest_drivers_and_constructors(db_session, all_seasons)
  File "C:\Users\ADMIN\MyProjects\f1-betting\src\setup.py", line 293, in ingest_drivers_and_constructors
    session.commit()
  File "C:\Users\ADMIN\MyProjects\f1-betting\.venv\Lib\site-packages\sqlalchemy\orm\session.py", line 2032, in commit
    trans.commit(_to_root=True)
  File "<string>", line 2, in commit
  File "C:\Users\ADMIN\MyProjects\f1-betting\.venv\Lib\site-packages\sqlalchemy\orm\state_changes.py", line 137, in _go
    ret_value = fn(self, *arg, **kw)
                ^^^^^^^^^^^^^^^^^^^^
  File "C:\Users\ADMIN\MyProjects\f1-betting\.venv\Lib\site-packages\sqlalchemy\orm\session.py", line 1313, in commit
    self._prepare_impl()
  File "<string>", line 2, in _prepare_impl
  File "C:\Users\ADMIN\MyProjects\f1-betting\.venv\Lib\site-packages\sqlalchemy\orm\state_changes.py", line 137, in _go
    ret_value = fn(self, *arg, **kw)
                ^^^^^^^^^^^^^^^^^^^^
  File "C:\Users\ADMIN\MyProjects\f1-betting\.venv\Lib\site-packages\sqlalchemy\orm\session.py", line 1288, in _prepare_impl
    self.session.flush()
  File "C:\Users\ADMIN\MyProjects\f1-betting\.venv\Lib\site-packages\sqlalchemy\orm\session.py", line 4345, in flush
    self._flush(objects)
  File "C:\Users\ADMIN\MyProjects\f1-betting\.venv\Lib\site-packages\sqlalchemy\orm\session.py", line 4480, in _flush
    with util.safe_reraise():
         ^^^^^^^^^^^^^^^^^^^
  File "C:\Users\ADMIN\MyProjects\f1-betting\.venv\Lib\site-packages\sqlalchemy\util\langhelpers.py", line 224, in __exit__
    raise exc_value.with_traceback(exc_tb)
  File "C:\Users\ADMIN\MyProjects\f1-betting\.venv\Lib\site-packages\sqlalchemy\orm\session.py", line 4441, in _flush
    flush_context.execute()
  File "C:\Users\ADMIN\MyProjects\f1-betting\.venv\Lib\site-packages\sqlalchemy\orm\unitofwork.py", line 466, in execute
    rec.execute(self)
  File "C:\Users\ADMIN\MyProjects\f1-betting\.venv\Lib\site-packages\sqlalchemy\orm\unitofwork.py", line 642, in execute
    util.preloaded.orm_persistence.save_obj(
  File "C:\Users\ADMIN\MyProjects\f1-betting\.venv\Lib\site-packages\sqlalchemy\orm\persistence.py", line 93, in save_obj
    _emit_insert_statements(
  File "C:\Users\ADMIN\MyProjects\f1-betting\.venv\Lib\site-packages\sqlalchemy\orm\persistence.py", line 1143, in _emit_insert_statements
    result = connection.execute(
             ^^^^^^^^^^^^^^^^^^^
  File "C:\Users\ADMIN\MyProjects\f1-betting\.venv\Lib\site-packages\sqlalchemy\engine\base.py", line 1419, in execute
    return meth(
           ^^^^^
  File "C:\Users\ADMIN\MyProjects\f1-betting\.venv\Lib\site-packages\sqlalchemy\sql\elements.py", line 526, in _execute_on_connection
    return connection._execute_clauseelement(
           ^^^^^^^^^^^^^^^^^^^^^^^^^^^^^^^^^^
  File "C:\Users\ADMIN\MyProjects\f1-betting\.venv\Lib\site-packages\sqlalchemy\engine\base.py", line 1641, in _execute_clauseelement
    ret = self._execute_context(
          ^^^^^^^^^^^^^^^^^^^^^^
  File "C:\Users\ADMIN\MyProjects\f1-betting\.venv\Lib\site-packages\sqlalchemy\engine\base.py", line 1844, in _execute_context
    return self._exec_insertmany_context(dialect, context)
           ^^^^^^^^^^^^^^^^^^^^^^^^^^^^^^^^^^^^^^^^^^^^^^^
  File "C:\Users\ADMIN\MyProjects\f1-betting\.venv\Lib\site-packages\sqlalchemy\engine\base.py", line 2126, in _exec_insertmany_context
    self._handle_dbapi_exception(
  File "C:\Users\ADMIN\MyProjects\f1-betting\.venv\Lib\site-packages\sqlalchemy\engine\base.py", line 2355, in _handle_dbapi_exception
    raise sqlalchemy_exception.with_traceback(exc_info[2]) from e
  File "C:\Users\ADMIN\MyProjects\f1-betting\.venv\Lib\site-packages\sqlalchemy\engine\base.py", line 2118, in _exec_insertmany_context
    dialect.do_execute(
  File "C:\Users\ADMIN\MyProjects\f1-betting\.venv\Lib\site-packages\sqlalchemy\engine\default.py", line 951, in do_execute
    cursor.execute(statement, parameters)
sqlalchemy.exc.IntegrityError: (psycopg2.errors.NotNullViolation) null value in column "number" of relation "drivers" violates not-null constraint
DETAIL:  Failing row contains (1, ader, null, null, Walt, Ader, 1913-12-15, American, http://en.wikipedia.org/wiki/Walt_Ader).

[SQL: INSERT INTO drivers (driver_ref, number, code, forename, surname, dob, nationality, url) SELECT p0::VARCHAR, p1::INTEGER, p2::VARCHAR, p3::VARCHAR, p4::VARCHAR, p5::DATE, p6::VARCHAR, p7::VARCHAR FROM (VALUES (%(driver_ref__0)s, %(number__0)s, %(code ... 126016 characters truncated ... p7, sen_counter) ORDER BY sen_counter RETURNING drivers.driver_id, drivers.driver_id AS driver_id__1]
[parameters: {'forename__0': 'Walt', 'surname__0': 'Ader', 'url__0': 'http://en.wikipedia.org/wiki/Walt_Ader', 'driver_ref__0': 'ader', 'code__0': None, 'dob__0': '1913-12-15', 'number__0': None, 'nationality__0': 'American', 'forename__1': 'Fred', 'surname__1': 'Agabashian', 'url__1': 'http://en.wikipedia.org/wiki/Fred_Agabashian', 'driver_ref__1': 'agabashian', 'code__1': None, 'dob__1': '1913-08-21', 'number__1': None, 'nationality__1': 'American', 'forename__2': 'Alberto', 'surname__2': 'Ascari', 'url__2': 'http://en.wikipedia.org/wiki/Alberto_Ascari', 'driver_ref__2': 'ascari', 'code__2': None, 'dob__2': '1918-07-13', 'number__2': None, 'nationality__2': 'Italian', 'forename__3': 'Henry', 'surname__3': 'Banks', 'url__3': 'http://en.wikipedia.org/wiki/Henry_Banks', 'driver_ref__3': 'banks', 'code__3': None, 'dob__3': '1913-06-14', 'number__3': None, 'nationality__3': 'American', 'forename__4': 'Tony', 'surname__4': 'Bettenhausen', 'url__4': 'http://en.wikipedia.org/wiki/Tony_Bettenhausen', 'driver_ref__4': 'bettenhausen', 'code__4': None, 'dob__4': '1916-09-12', 'number__4': None, 'nationality__4': 'American', 'forename__5': 'Clemente', 'surname__5': 'Biondetti', 'url__5': 'http://en.wikipedia.org/wiki/Clemente_Biondetti', 'driver_ref__5': 'biondetti', 'code__5': None, 'dob__5': '1898-08-18', 'number__5': None, 'nationality__5': 'Italian', 'forename__6': 'Prince', 'surname__6': 'Bira' ... 6812 parameters truncated ... 'number__857': '2', 'nationality__857': 'American', 'forename__858': 'Andrea Kimi', 'surname__858': 'Antonelli', 'url__858': 'https://en.wikipedia.org/wiki/Andrea_Kimi_Antonelli', 'driver_ref__858': 'antonelli', 'code__858': 'ANT', 'dob__858': '2006-08-25', 'number__858': '12', 'nationality__858': 'Italian', 'forename__859': 'Oliver', 'surname__859': 'Bearman', 'url__859': 'http://en.wikipedia.org/wiki/Oliver_Bearman', 'driver_ref__859': 'bearman', 'code__859': 'BEA', 'dob__859': '2005-05-08', 'number__859': '87', 'nationality__859': 'British', 'forename__860': 'Franco', 'surname__860': 'Colapinto', 'url__860': 'http://en.wikipedia.org/wiki/Franco_Colapinto', 'driver_ref__860': 'colapinto', 'code__860': 'COL', 'dob__860': '2003-05-27', 'number__860': '43', 'nationality__860': 'Argentine', 'forename__861': 'Jack', 'surname__861': 'Doohan', 'url__861': 'http://en.wikipedia.org/wiki/Jack_Doohan', 'driver_ref__861': 'doohan', 'code__861': 'DOO', 'dob__861': '2003-01-20', 'number__861': '7', 'nationality__861': 'Australian', 'forename__862': 'Gabriel', 'surname__862': 'Bortoleto', 'url__862': 'https://en.wikipedia.org/wiki/Gabriel_Bortoleto', 'driver_ref__862': 'bortoleto', 'code__862': 'BOR', 'dob__862': '2004-10-14', 'number__862': '5', 'nationality__862': 'Brazilian', 'forename__863': 'Isack', 'surname__863': 'Hadjar', 'url__863': 'https://en.wikipedia.org/wiki/Isack_Hadjar', 'driver_ref__863': 'hadjar', 'code__863': 'HAD', 'dob__863': '2004-09-28', 'number__863': '6', 'nationality__863': 'French'}]
(Background on this error at: https://sqlalche.me/e/20/gkpj)
2025-08-23 23:49:36,260 - INFO - Creating database tables...
2025-08-23 23:49:36,328 - INFO - Database tables created successfully.
2025-08-23 23:49:36,329 - INFO - Ingesting seasons...
2025-08-23 23:49:37,279 - INFO - Ingested 0 new seasons. Total seasons: 76
2025-08-23 23:49:37,279 - INFO - Ingesting circuits...
2025-08-23 23:49:38,118 - INFO - Ingested 0 new circuits.
2025-08-23 23:49:38,118 - INFO - Ingesting statuses...
2025-08-23 23:49:39,788 - INFO - Ingested 0 new statuses.
2025-08-23 23:49:39,788 - INFO - Ingesting drivers and constructors for all seasons...
2025-08-23 23:49:39,791 - INFO - Fetching data for 1950 season...
2025-08-23 23:49:41,452 - INFO - Fetching data for 1951 season...
2025-08-23 23:49:43,115 - INFO - Fetching data for 1952 season...
2025-08-23 23:49:45,615 - INFO - Fetching data for 1953 season...
2025-08-23 23:49:48,156 - INFO - Fetching data for 1954 season...
2025-08-23 23:49:49,855 - INFO - Fetching data for 1955 season...
2025-08-23 23:49:51,568 - INFO - Fetching data for 1956 season...
2025-08-23 23:49:53,234 - INFO - Fetching data for 1957 season...
2025-08-23 23:49:54,905 - INFO - Fetching data for 1958 season...
2025-08-23 23:49:56,568 - INFO - Fetching data for 1959 season...
2025-08-23 23:49:58,243 - INFO - Fetching data for 1960 season...
2025-08-23 23:49:59,942 - INFO - Fetching data for 1961 season...
2025-08-23 23:50:01,856 - INFO - Fetching data for 1962 season...
2025-08-23 23:50:03,678 - INFO - Fetching data for 1963 season...
2025-08-23 23:50:05,497 - INFO - Fetching data for 1964 season...
2025-08-23 23:50:07,310 - INFO - Fetching data for 1965 season...
2025-08-23 23:50:09,031 - INFO - Fetching data for 1966 season...
2025-08-23 23:50:10,747 - INFO - Fetching data for 1967 season...
2025-08-23 23:50:12,452 - INFO - Fetching data for 1968 season...
2025-08-23 23:50:14,144 - INFO - Fetching data for 1969 season...
2025-08-23 23:50:15,900 - INFO - Fetching data for 1970 season...
2025-08-23 23:50:17,855 - INFO - Fetching data for 1971 season...
2025-08-23 23:50:19,812 - INFO - Fetching data for 1972 season...
2025-08-23 23:50:21,640 - INFO - Fetching data for 1973 season...
2025-08-23 23:50:23,450 - INFO - Fetching data for 1974 season...
2025-08-23 23:50:25,287 - INFO - Fetching data for 1975 season...
2025-08-23 23:50:26,983 - INFO - Fetching data for 1976 season...
2025-08-23 23:50:28,702 - INFO - Fetching data for 1977 season...
2025-08-23 23:50:29,576 - ERROR - Attempt 1/5 failed for https://api.jolpi.ca/ergast/f1/1977/drivers.json: 429 Client Error: Too Many Requests for url: https://api.jolpi.ca/ergast/f1/1977/drivers.json?limit=100&offset=0
2025-08-23 23:50:36,315 - INFO - Fetching data for 1978 season...
2025-08-23 23:50:37,163 - ERROR - Attempt 1/5 failed for https://api.jolpi.ca/ergast/f1/1978/drivers.json: 429 Client Error: Too Many Requests for url: https://api.jolpi.ca/ergast/f1/1978/drivers.json?limit=100&offset=0
2025-08-23 23:50:43,843 - INFO - Fetching data for 1979 season...
2025-08-23 23:50:45,494 - ERROR - Attempt 1/5 failed for https://api.jolpi.ca/ergast/f1/1979/constructors.json: 429 Client Error: Too Many Requests for url: https://api.jolpi.ca/ergast/f1/1979/constructors.json?limit=100&offset=0
2025-08-23 23:50:51,515 - INFO - Fetching data for 1980 season...
2025-08-23 23:50:53,759 - INFO - Fetching data for 1981 season...
2025-08-23 23:50:54,706 - ERROR - Attempt 1/5 failed for https://api.jolpi.ca/ergast/f1/1981/drivers.json: 429 Client Error: Too Many Requests for url: https://api.jolpi.ca/ergast/f1/1981/drivers.json?limit=100&offset=0
2025-08-23 23:51:01,447 - INFO - Fetching data for 1982 season...
2025-08-23 23:51:03,153 - ERROR - Attempt 1/5 failed for https://api.jolpi.ca/ergast/f1/1982/constructors.json: 429 Client Error: Too Many Requests for url: https://api.jolpi.ca/ergast/f1/1982/constructors.json?limit=100&offset=0
2025-08-23 23:51:09,003 - INFO - Fetching data for 1983 season...
2025-08-23 23:51:10,677 - ERROR - Attempt 1/5 failed for https://api.jolpi.ca/ergast/f1/1983/constructors.json: 429 Client Error: Too Many Requests for url: https://api.jolpi.ca/ergast/f1/1983/constructors.json?limit=100&offset=0
2025-08-23 23:51:16,523 - INFO - Fetching data for 1984 season...
2025-08-23 23:51:18,231 - INFO - Fetching data for 1985 season...
2025-08-23 23:51:19,080 - ERROR - Attempt 1/5 failed for https://api.jolpi.ca/ergast/f1/1985/drivers.json: 429 Client Error: Too Many Requests for url: https://api.jolpi.ca/ergast/f1/1985/drivers.json?limit=100&offset=0
2025-08-23 23:51:25,854 - INFO - Fetching data for 1986 season...
2025-08-23 23:51:26,683 - ERROR - Attempt 1/5 failed for https://api.jolpi.ca/ergast/f1/1986/drivers.json: 429 Client Error: Too Many Requests for url: https://api.jolpi.ca/ergast/f1/1986/drivers.json?limit=100&offset=0
2025-08-23 23:51:33,337 - INFO - Fetching data for 1987 season...
2025-08-23 23:51:34,173 - ERROR - Attempt 1/5 failed for https://api.jolpi.ca/ergast/f1/1987/drivers.json: 429 Client Error: Too Many Requests for url: https://api.jolpi.ca/ergast/f1/1987/drivers.json?limit=100&offset=0
2025-08-23 23:51:40,877 - INFO - Fetching data for 1988 season...
2025-08-23 23:51:42,529 - ERROR - Attempt 1/5 failed for https://api.jolpi.ca/ergast/f1/1988/constructors.json: 429 Client Error: Too Many Requests for url: https://api.jolpi.ca/ergast/f1/1988/constructors.json?limit=100&offset=0
2025-08-23 23:51:48,372 - INFO - Fetching data for 1989 season...
2025-08-23 23:51:50,038 - INFO - Fetching data for 1990 season...
2025-08-23 23:51:50,879 - ERROR - Attempt 1/5 failed for https://api.jolpi.ca/ergast/f1/1990/drivers.json: 429 Client Error: Too Many Requests for url: https://api.jolpi.ca/ergast/f1/1990/drivers.json?limit=100&offset=0
2025-08-23 23:51:57,549 - INFO - Fetching data for 1991 season...
2025-08-23 23:51:58,387 - ERROR - Attempt 1/5 failed for https://api.jolpi.ca/ergast/f1/1991/drivers.json: 429 Client Error: Too Many Requests for url: https://api.jolpi.ca/ergast/f1/1991/drivers.json?limit=100&offset=0
2025-08-23 23:52:05,068 - INFO - Fetching data for 1992 season...
2025-08-23 23:52:06,707 - ERROR - Attempt 1/5 failed for https://api.jolpi.ca/ergast/f1/1992/constructors.json: 429 Client Error: Too Many Requests for url: https://api.jolpi.ca/ergast/f1/1992/constructors.json?limit=100&offset=0
2025-08-23 23:52:12,594 - INFO - Fetching data for 1993 season...
2025-08-23 23:52:14,267 - INFO - Fetching data for 1994 season...
2025-08-23 23:52:15,112 - ERROR - Attempt 1/5 failed for https://api.jolpi.ca/ergast/f1/1994/drivers.json: 429 Client Error: Too Many Requests for url: https://api.jolpi.ca/ergast/f1/1994/drivers.json?limit=100&offset=0
2025-08-23 23:52:21,815 - ERROR - Attempt 1/5 failed for https://api.jolpi.ca/ergast/f1/1994/constructors.json: 429 Client Error: Too Many Requests for url: https://api.jolpi.ca/ergast/f1/1994/constructors.json?limit=100&offset=0
2025-08-23 23:52:27,658 - INFO - Fetching data for 1995 season...
2025-08-23 23:52:29,343 - INFO - Fetching data for 1996 season...
2025-08-23 23:52:30,189 - ERROR - Attempt 1/5 failed for https://api.jolpi.ca/ergast/f1/1996/drivers.json: 429 Client Error: Too Many Requests for url: https://api.jolpi.ca/ergast/f1/1996/drivers.json?limit=100&offset=0
2025-08-23 23:52:36,929 - INFO - Fetching data for 1997 season...
2025-08-23 23:52:37,865 - ERROR - Attempt 1/5 failed for https://api.jolpi.ca/ergast/f1/1997/drivers.json: 429 Client Error: Too Many Requests for url: https://api.jolpi.ca/ergast/f1/1997/drivers.json?limit=100&offset=0
2025-08-23 23:52:44,601 - INFO - Fetching data for 1998 season...
2025-08-23 23:52:46,308 - ERROR - Attempt 1/5 failed for https://api.jolpi.ca/ergast/f1/1998/constructors.json: 429 Client Error: Too Many Requests for url: https://api.jolpi.ca/ergast/f1/1998/constructors.json?limit=100&offset=0
2025-08-23 23:52:52,207 - INFO - Fetching data for 1999 season...
2025-08-23 23:52:53,899 - INFO - Fetching data for 2000 season...
2025-08-23 23:52:54,746 - ERROR - Attempt 1/5 failed for https://api.jolpi.ca/ergast/f1/2000/drivers.json: 429 Client Error: Too Many Requests for url: https://api.jolpi.ca/ergast/f1/2000/drivers.json?limit=100&offset=0
2025-08-23 23:53:01,592 - INFO - Fetching data for 2001 season...
2025-08-23 23:53:03,309 - ERROR - Attempt 1/5 failed for https://api.jolpi.ca/ergast/f1/2001/constructors.json: 429 Client Error: Too Many Requests for url: https://api.jolpi.ca/ergast/f1/2001/constructors.json?limit=100&offset=0
2025-08-23 23:53:09,163 - INFO - Fetching data for 2002 season...
2025-08-23 23:53:10,876 - ERROR - Attempt 1/5 failed for https://api.jolpi.ca/ergast/f1/2002/constructors.json: 429 Client Error: Too Many Requests for url: https://api.jolpi.ca/ergast/f1/2002/constructors.json?limit=100&offset=0
2025-08-23 23:53:16,723 - INFO - Fetching data for 2003 season...
2025-08-23 23:53:18,441 - INFO - Fetching data for 2004 season...
2025-08-23 23:53:19,311 - ERROR - Attempt 1/5 failed for https://api.jolpi.ca/ergast/f1/2004/drivers.json: 429 Client Error: Too Many Requests for url: https://api.jolpi.ca/ergast/f1/2004/drivers.json?limit=100&offset=0
2025-08-23 23:53:26,045 - INFO - Fetching data for 2005 season...
2025-08-23 23:53:27,754 - ERROR - Attempt 1/5 failed for https://api.jolpi.ca/ergast/f1/2005/constructors.json: 429 Client Error: Too Many Requests for url: https://api.jolpi.ca/ergast/f1/2005/constructors.json?limit=100&offset=0
2025-08-23 23:53:33,614 - INFO - Fetching data for 2006 season...
2025-08-23 23:53:35,317 - INFO - Fetching data for 2007 season...
2025-08-23 23:53:36,187 - ERROR - Attempt 1/5 failed for https://api.jolpi.ca/ergast/f1/2007/drivers.json: 429 Client Error: Too Many Requests for url: https://api.jolpi.ca/ergast/f1/2007/drivers.json?limit=100&offset=0
2025-08-23 23:53:42,890 - INFO - Fetching data for 2008 season...
2025-08-23 23:53:43,736 - ERROR - Attempt 1/5 failed for https://api.jolpi.ca/ergast/f1/2008/drivers.json: 429 Client Error: Too Many Requests for url: https://api.jolpi.ca/ergast/f1/2008/drivers.json?limit=100&offset=0
2025-08-23 23:53:50,470 - INFO - Fetching data for 2009 season...
2025-08-23 23:53:52,175 - ERROR - Attempt 1/5 failed for https://api.jolpi.ca/ergast/f1/2009/constructors.json: 429 Client Error: Too Many Requests for url: https://api.jolpi.ca/ergast/f1/2009/constructors.json?limit=100&offset=0
2025-08-23 23:53:58,015 - INFO - Fetching data for 2010 season...
2025-08-23 23:53:59,742 - INFO - Fetching data for 2011 season...
2025-08-23 23:54:00,635 - ERROR - Attempt 1/5 failed for https://api.jolpi.ca/ergast/f1/2011/drivers.json: 429 Client Error: Too Many Requests for url: https://api.jolpi.ca/ergast/f1/2011/drivers.json?limit=100&offset=0
2025-08-23 23:54:07,356 - INFO - Fetching data for 2012 season...
2025-08-23 23:54:09,052 - ERROR - Attempt 1/5 failed for https://api.jolpi.ca/ergast/f1/2012/constructors.json: 429 Client Error: Too Many Requests for url: https://api.jolpi.ca/ergast/f1/2012/constructors.json?limit=100&offset=0
2025-08-23 23:54:14,916 - INFO - Fetching data for 2013 season...
2025-08-23 23:54:16,603 - ERROR - Attempt 1/5 failed for https://api.jolpi.ca/ergast/f1/2013/constructors.json: 429 Client Error: Too Many Requests for url: https://api.jolpi.ca/ergast/f1/2013/constructors.json?limit=100&offset=0
2025-08-23 23:54:22,473 - INFO - Fetching data for 2014 season...
2025-08-23 23:54:24,191 - INFO - Fetching data for 2015 season...
2025-08-23 23:54:25,038 - ERROR - Attempt 1/5 failed for https://api.jolpi.ca/ergast/f1/2015/drivers.json: 429 Client Error: Too Many Requests for url: https://api.jolpi.ca/ergast/f1/2015/drivers.json?limit=100&offset=0
2025-08-23 23:54:31,751 - INFO - Fetching data for 2016 season...
2025-08-23 23:54:33,495 - ERROR - Attempt 1/5 failed for https://api.jolpi.ca/ergast/f1/2016/constructors.json: 429 Client Error: Too Many Requests for url: https://api.jolpi.ca/ergast/f1/2016/constructors.json?limit=100&offset=0
2025-08-23 23:54:39,376 - INFO - Fetching data for 2017 season...
2025-08-23 23:54:41,079 - INFO - Fetching data for 2018 season...
2025-08-23 23:54:41,938 - ERROR - Attempt 1/5 failed for https://api.jolpi.ca/ergast/f1/2018/drivers.json: 429 Client Error: Too Many Requests for url: https://api.jolpi.ca/ergast/f1/2018/drivers.json?limit=100&offset=0
2025-08-23 23:54:48,702 - INFO - Fetching data for 2019 season...
2025-08-23 23:54:49,549 - ERROR - Attempt 1/5 failed for https://api.jolpi.ca/ergast/f1/2019/drivers.json: 429 Client Error: Too Many Requests for url: https://api.jolpi.ca/ergast/f1/2019/drivers.json?limit=100&offset=0
2025-08-23 23:54:56,322 - INFO - Fetching data for 2020 season...
2025-08-23 23:54:58,129 - ERROR - Attempt 1/5 failed for https://api.jolpi.ca/ergast/f1/2020/constructors.json: 429 Client Error: Too Many Requests for url: https://api.jolpi.ca/ergast/f1/2020/constructors.json?limit=100&offset=0
2025-08-23 23:55:04,110 - INFO - Fetching data for 2021 season...
2025-08-23 23:55:05,860 - INFO - Fetching data for 2022 season...
2025-08-23 23:55:06,711 - ERROR - Attempt 1/5 failed for https://api.jolpi.ca/ergast/f1/2022/drivers.json: 429 Client Error: Too Many Requests for url: https://api.jolpi.ca/ergast/f1/2022/drivers.json?limit=100&offset=0
2025-08-23 23:55:13,458 - INFO - Fetching data for 2023 season...
2025-08-23 23:55:15,188 - ERROR - Attempt 1/5 failed for https://api.jolpi.ca/ergast/f1/2023/constructors.json: 429 Client Error: Too Many Requests for url: https://api.jolpi.ca/ergast/f1/2023/constructors.json?limit=100&offset=0
2025-08-23 23:55:21,092 - INFO - Fetching data for 2024 season...
2025-08-23 23:55:22,835 - ERROR - Attempt 1/5 failed for https://api.jolpi.ca/ergast/f1/2024/constructors.json: 429 Client Error: Too Many Requests for url: https://api.jolpi.ca/ergast/f1/2024/constructors.json?limit=100&offset=0
2025-08-23 23:55:28,710 - INFO - Fetching data for 2025 season...
2025-08-23 23:55:30,707 - CRITICAL - A critical error occurred: (psycopg2.errors.DatatypeMismatch) column "number" is of type integer but expression is of type character varying
LINE 1: ...rname, dob, nationality, url) SELECT p0::VARCHAR, p1::VARCHA...
                                                             ^
HINT:  You will need to rewrite or cast the expression.

[SQL: INSERT INTO drivers (driver_ref, number, code, forename, surname, dob, nationality, url) SELECT p0::VARCHAR, p1::VARCHAR, p2::VARCHAR, p3::VARCHAR, p4::VARCHAR, p5::DATE, p6::VARCHAR, p7::VARCHAR FROM (VALUES (%(driver_ref__0)s, %(number__0)s, %(code ... 126016 characters truncated ... p7, sen_counter) ORDER BY sen_counter RETURNING drivers.driver_id, drivers.driver_id AS driver_id__1]
[parameters: {'number__0': None, 'nationality__0': 'American', 'forename__0': 'Walt', 'surname__0': 'Ader', 'url__0': 'http://en.wikipedia.org/wiki/Walt_Ader', 'driver_ref__0': 'ader', 'code__0': None, 'dob__0': '1913-12-15', 'number__1': None, 'nationality__1': 'American', 'forename__1': 'Fred', 'surname__1': 'Agabashian', 'url__1': 'http://en.wikipedia.org/wiki/Fred_Agabashian', 'driver_ref__1': 'agabashian', 'code__1': None, 'dob__1': '1913-08-21', 'number__2': None, 'nationality__2': 'Italian', 'forename__2': 'Alberto', 'surname__2': 'Ascari', 'url__2': 'http://en.wikipedia.org/wiki/Alberto_Ascari', 'driver_ref__2': 'ascari', 'code__2': None, 'dob__2': '1918-07-13', 'number__3': None, 'nationality__3': 'American', 'forename__3': 'Henry', 'surname__3': 'Banks', 'url__3': 'http://en.wikipedia.org/wiki/Henry_Banks', 'driver_ref__3': 'banks', 'code__3': None, 'dob__3': '1913-06-14', 'number__4': None, 'nationality__4': 'American', 'forename__4': 'Tony', 'surname__4': 'Bettenhausen', 'url__4': 'http://en.wikipedia.org/wiki/Tony_Bettenhausen', 'driver_ref__4': 'bettenhausen', 'code__4': None, 'dob__4': '1916-09-12', 'number__5': None, 'nationality__5': 'Italian', 'forename__5': 'Clemente', 'surname__5': 'Biondetti', 'url__5': 'http://en.wikipedia.org/wiki/Clemente_Biondetti', 'driver_ref__5': 'biondetti', 'code__5': None, 'dob__5': '1898-08-18', 'number__6': None, 'nationality__6': 'Thai' ... 6812 parameters truncated ... 'code__857': 'SAR', 'dob__857': '2000-12-31', 'number__858': '12', 'nationality__858': 'Italian', 'forename__858': 'Andrea Kimi', 'surname__858': 'Antonelli', 'url__858': 'https://en.wikipedia.org/wiki/Andrea_Kimi_Antonelli', 'driver_ref__858': 'antonelli', 'code__858': 'ANT', 'dob__858': '2006-08-25', 'number__859': '87', 'nationality__859': 'British', 'forename__859': 'Oliver', 'surname__859': 'Bearman', 'url__859': 'http://en.wikipedia.org/wiki/Oliver_Bearman', 'driver_ref__859': 'bearman', 'code__859': 'BEA', 'dob__859': '2005-05-08', 'number__860': '43', 'nationality__860': 'Argentine', 'forename__860': 'Franco', 'surname__860': 'Colapinto', 'url__860': 'http://en.wikipedia.org/wiki/Franco_Colapinto', 'driver_ref__860': 'colapinto', 'code__860': 'COL', 'dob__860': '2003-05-27', 'number__861': '7', 'nationality__861': 'Australian', 'forename__861': 'Jack', 'surname__861': 'Doohan', 'url__861': 'http://en.wikipedia.org/wiki/Jack_Doohan', 'driver_ref__861': 'doohan', 'code__861': 'DOO', 'dob__861': '2003-01-20', 'number__862': '5', 'nationality__862': 'Brazilian', 'forename__862': 'Gabriel', 'surname__862': 'Bortoleto', 'url__862': 'https://en.wikipedia.org/wiki/Gabriel_Bortoleto', 'driver_ref__862': 'bortoleto', 'code__862': 'BOR', 'dob__862': '2004-10-14', 'number__863': '6', 'nationality__863': 'French', 'forename__863': 'Isack', 'surname__863': 'Hadjar', 'url__863': 'https://en.wikipedia.org/wiki/Isack_Hadjar', 'driver_ref__863': 'hadjar', 'code__863': 'HAD', 'dob__863': '2004-09-28'}]
(Background on this error at: https://sqlalche.me/e/20/f405)
Traceback (most recent call last):
  File "C:\Users\ADMIN\MyProjects\f1-betting\.venv\Lib\site-packages\sqlalchemy\engine\base.py", line 2118, in _exec_insertmany_context
    dialect.do_execute(
  File "C:\Users\ADMIN\MyProjects\f1-betting\.venv\Lib\site-packages\sqlalchemy\engine\default.py", line 951, in do_execute
    cursor.execute(statement, parameters)
psycopg2.errors.DatatypeMismatch: column "number" is of type integer but expression is of type character varying
LINE 1: ...rname, dob, nationality, url) SELECT p0::VARCHAR, p1::VARCHA...
                                                             ^
HINT:  You will need to rewrite or cast the expression.


The above exception was the direct cause of the following exception:

Traceback (most recent call last):
  File "C:\Users\ADMIN\MyProjects\f1-betting\src\setup.py", line 601, in main
    ingest_drivers_and_constructors(db_session, all_seasons)
  File "C:\Users\ADMIN\MyProjects\f1-betting\src\setup.py", line 291, in ingest_drivers_and_constructors
    session.commit()
  File "C:\Users\ADMIN\MyProjects\f1-betting\.venv\Lib\site-packages\sqlalchemy\orm\session.py", line 2032, in commit
    trans.commit(_to_root=True)
  File "<string>", line 2, in commit
  File "C:\Users\ADMIN\MyProjects\f1-betting\.venv\Lib\site-packages\sqlalchemy\orm\state_changes.py", line 137, in _go
    ret_value = fn(self, *arg, **kw)
                ^^^^^^^^^^^^^^^^^^^^
  File "C:\Users\ADMIN\MyProjects\f1-betting\.venv\Lib\site-packages\sqlalchemy\orm\session.py", line 1313, in commit
    self._prepare_impl()
  File "<string>", line 2, in _prepare_impl
  File "C:\Users\ADMIN\MyProjects\f1-betting\.venv\Lib\site-packages\sqlalchemy\orm\state_changes.py", line 137, in _go
    ret_value = fn(self, *arg, **kw)
                ^^^^^^^^^^^^^^^^^^^^
  File "C:\Users\ADMIN\MyProjects\f1-betting\.venv\Lib\site-packages\sqlalchemy\orm\session.py", line 1288, in _prepare_impl
    self.session.flush()
  File "C:\Users\ADMIN\MyProjects\f1-betting\.venv\Lib\site-packages\sqlalchemy\orm\session.py", line 4345, in flush
    self._flush(objects)
  File "C:\Users\ADMIN\MyProjects\f1-betting\.venv\Lib\site-packages\sqlalchemy\orm\session.py", line 4480, in _flush
    with util.safe_reraise():
         ^^^^^^^^^^^^^^^^^^^
  File "C:\Users\ADMIN\MyProjects\f1-betting\.venv\Lib\site-packages\sqlalchemy\util\langhelpers.py", line 224, in __exit__
    raise exc_value.with_traceback(exc_tb)
  File "C:\Users\ADMIN\MyProjects\f1-betting\.venv\Lib\site-packages\sqlalchemy\orm\session.py", line 4441, in _flush
    flush_context.execute()
  File "C:\Users\ADMIN\MyProjects\f1-betting\.venv\Lib\site-packages\sqlalchemy\orm\unitofwork.py", line 466, in execute
    rec.execute(self)
  File "C:\Users\ADMIN\MyProjects\f1-betting\.venv\Lib\site-packages\sqlalchemy\orm\unitofwork.py", line 642, in execute
    util.preloaded.orm_persistence.save_obj(
  File "C:\Users\ADMIN\MyProjects\f1-betting\.venv\Lib\site-packages\sqlalchemy\orm\persistence.py", line 93, in save_obj
    _emit_insert_statements(
  File "C:\Users\ADMIN\MyProjects\f1-betting\.venv\Lib\site-packages\sqlalchemy\orm\persistence.py", line 1143, in _emit_insert_statements
    result = connection.execute(
             ^^^^^^^^^^^^^^^^^^^
  File "C:\Users\ADMIN\MyProjects\f1-betting\.venv\Lib\site-packages\sqlalchemy\engine\base.py", line 1419, in execute
    return meth(
           ^^^^^
  File "C:\Users\ADMIN\MyProjects\f1-betting\.venv\Lib\site-packages\sqlalchemy\sql\elements.py", line 526, in _execute_on_connection
    return connection._execute_clauseelement(
           ^^^^^^^^^^^^^^^^^^^^^^^^^^^^^^^^^^
  File "C:\Users\ADMIN\MyProjects\f1-betting\.venv\Lib\site-packages\sqlalchemy\engine\base.py", line 1641, in _execute_clauseelement
    ret = self._execute_context(
          ^^^^^^^^^^^^^^^^^^^^^^
  File "C:\Users\ADMIN\MyProjects\f1-betting\.venv\Lib\site-packages\sqlalchemy\engine\base.py", line 1844, in _execute_context
    return self._exec_insertmany_context(dialect, context)
           ^^^^^^^^^^^^^^^^^^^^^^^^^^^^^^^^^^^^^^^^^^^^^^^
  File "C:\Users\ADMIN\MyProjects\f1-betting\.venv\Lib\site-packages\sqlalchemy\engine\base.py", line 2126, in _exec_insertmany_context
    self._handle_dbapi_exception(
  File "C:\Users\ADMIN\MyProjects\f1-betting\.venv\Lib\site-packages\sqlalchemy\engine\base.py", line 2355, in _handle_dbapi_exception
    raise sqlalchemy_exception.with_traceback(exc_info[2]) from e
  File "C:\Users\ADMIN\MyProjects\f1-betting\.venv\Lib\site-packages\sqlalchemy\engine\base.py", line 2118, in _exec_insertmany_context
    dialect.do_execute(
  File "C:\Users\ADMIN\MyProjects\f1-betting\.venv\Lib\site-packages\sqlalchemy\engine\default.py", line 951, in do_execute
    cursor.execute(statement, parameters)
sqlalchemy.exc.ProgrammingError: (psycopg2.errors.DatatypeMismatch) column "number" is of type integer but expression is of type character varying
LINE 1: ...rname, dob, nationality, url) SELECT p0::VARCHAR, p1::VARCHA...
                                                             ^
HINT:  You will need to rewrite or cast the expression.

[SQL: INSERT INTO drivers (driver_ref, number, code, forename, surname, dob, nationality, url) SELECT p0::VARCHAR, p1::VARCHAR, p2::VARCHAR, p3::VARCHAR, p4::VARCHAR, p5::DATE, p6::VARCHAR, p7::VARCHAR FROM (VALUES (%(driver_ref__0)s, %(number__0)s, %(code ... 126016 characters truncated ... p7, sen_counter) ORDER BY sen_counter RETURNING drivers.driver_id, drivers.driver_id AS driver_id__1]
[parameters: {'number__0': None, 'nationality__0': 'American', 'forename__0': 'Walt', 'surname__0': 'Ader', 'url__0': 'http://en.wikipedia.org/wiki/Walt_Ader', 'driver_ref__0': 'ader', 'code__0': None, 'dob__0': '1913-12-15', 'number__1': None, 'nationality__1': 'American', 'forename__1': 'Fred', 'surname__1': 'Agabashian', 'url__1': 'http://en.wikipedia.org/wiki/Fred_Agabashian', 'driver_ref__1': 'agabashian', 'code__1': None, 'dob__1': '1913-08-21', 'number__2': None, 'nationality__2': 'Italian', 'forename__2': 'Alberto', 'surname__2': 'Ascari', 'url__2': 'http://en.wikipedia.org/wiki/Alberto_Ascari', 'driver_ref__2': 'ascari', 'code__2': None, 'dob__2': '1918-07-13', 'number__3': None, 'nationality__3': 'American', 'forename__3': 'Henry', 'surname__3': 'Banks', 'url__3': 'http://en.wikipedia.org/wiki/Henry_Banks', 'driver_ref__3': 'banks', 'code__3': None, 'dob__3': '1913-06-14', 'number__4': None, 'nationality__4': 'American', 'forename__4': 'Tony', 'surname__4': 'Bettenhausen', 'url__4': 'http://en.wikipedia.org/wiki/Tony_Bettenhausen', 'driver_ref__4': 'bettenhausen', 'code__4': None, 'dob__4': '1916-09-12', 'number__5': None, 'nationality__5': 'Italian', 'forename__5': 'Clemente', 'surname__5': 'Biondetti', 'url__5': 'http://en.wikipedia.org/wiki/Clemente_Biondetti', 'driver_ref__5': 'biondetti', 'code__5': None, 'dob__5': '1898-08-18', 'number__6': None, 'nationality__6': 'Thai' ... 6812 parameters truncated ... 'code__857': 'SAR', 'dob__857': '2000-12-31', 'number__858': '12', 'nationality__858': 'Italian', 'forename__858': 'Andrea Kimi', 'surname__858': 'Antonelli', 'url__858': 'https://en.wikipedia.org/wiki/Andrea_Kimi_Antonelli', 'driver_ref__858': 'antonelli', 'code__858': 'ANT', 'dob__858': '2006-08-25', 'number__859': '87', 'nationality__859': 'British', 'forename__859': 'Oliver', 'surname__859': 'Bearman', 'url__859': 'http://en.wikipedia.org/wiki/Oliver_Bearman', 'driver_ref__859': 'bearman', 'code__859': 'BEA', 'dob__859': '2005-05-08', 'number__860': '43', 'nationality__860': 'Argentine', 'forename__860': 'Franco', 'surname__860': 'Colapinto', 'url__860': 'http://en.wikipedia.org/wiki/Franco_Colapinto', 'driver_ref__860': 'colapinto', 'code__860': 'COL', 'dob__860': '2003-05-27', 'number__861': '7', 'nationality__861': 'Australian', 'forename__861': 'Jack', 'surname__861': 'Doohan', 'url__861': 'http://en.wikipedia.org/wiki/Jack_Doohan', 'driver_ref__861': 'doohan', 'code__861': 'DOO', 'dob__861': '2003-01-20', 'number__862': '5', 'nationality__862': 'Brazilian', 'forename__862': 'Gabriel', 'surname__862': 'Bortoleto', 'url__862': 'https://en.wikipedia.org/wiki/Gabriel_Bortoleto', 'driver_ref__862': 'bortoleto', 'code__862': 'BOR', 'dob__862': '2004-10-14', 'number__863': '6', 'nationality__863': 'French', 'forename__863': 'Isack', 'surname__863': 'Hadjar', 'url__863': 'https://en.wikipedia.org/wiki/Isack_Hadjar', 'driver_ref__863': 'hadjar', 'code__863': 'HAD', 'dob__863': '2004-09-28'}]
(Background on this error at: https://sqlalche.me/e/20/f405)
2025-08-23 23:56:13,167 - INFO - Creating database tables...
2025-08-23 23:56:13,642 - INFO - Database tables created successfully.
2025-08-23 23:56:13,642 - INFO - Ingesting seasons...
2025-08-23 23:56:15,600 - INFO - Ingested 76 new seasons. Total seasons: 76
2025-08-23 23:56:15,603 - INFO - Ingesting circuits...
2025-08-23 23:56:16,595 - INFO - Ingested 77 new circuits.
2025-08-23 23:56:16,595 - INFO - Ingesting statuses...
2025-08-23 23:56:18,945 - INFO - Ingested 136 new statuses.
2025-08-23 23:56:18,950 - INFO - Ingesting drivers and constructors for all seasons...
2025-08-23 23:56:18,961 - INFO - Fetching data for 1950 season...
2025-08-23 23:56:21,409 - INFO - Fetching data for 1951 season...
2025-08-23 23:56:23,501 - INFO - Fetching data for 1952 season...
2025-08-23 23:56:27,369 - INFO - Fetching data for 1953 season...
2025-08-23 23:56:30,778 - INFO - Fetching data for 1954 season...
2025-08-23 23:56:33,998 - INFO - Fetching data for 1955 season...
2025-08-23 23:56:36,704 - INFO - Fetching data for 1956 season...
2025-08-23 23:56:39,031 - INFO - Fetching data for 1957 season...
2025-08-23 23:56:41,104 - INFO - Fetching data for 1958 season...
2025-08-23 23:56:43,662 - INFO - Fetching data for 1959 season...
2025-08-23 23:56:45,673 - ERROR - Attempt 1/5 failed for https://api.jolpi.ca/ergast/f1/1959/constructors.json: 429 Client Error: Too Many Requests for url: https://api.jolpi.ca/ergast/f1/1959/constructors.json?limit=100&offset=0
2025-08-23 23:56:51,905 - INFO - Fetching data for 1960 season...
2025-08-23 23:56:53,825 - INFO - Fetching data for 1961 season...
2025-08-23 23:56:54,720 - ERROR - Attempt 1/5 failed for https://api.jolpi.ca/ergast/f1/1961/drivers.json: 429 Client Error: Too Many Requests for url: https://api.jolpi.ca/ergast/f1/1961/drivers.json?limit=100&offset=0
2025-08-23 23:57:01,476 - INFO - Fetching data for 1962 season...
2025-08-23 23:57:03,729 - ERROR - Attempt 1/5 failed for https://api.jolpi.ca/ergast/f1/1962/constructors.json: 429 Client Error: Too Many Requests for url: https://api.jolpi.ca/ergast/f1/1962/constructors.json?limit=100&offset=0
2025-08-23 23:57:09,629 - INFO - Fetching data for 1963 season...
2025-08-23 23:57:11,690 - INFO - Fetching data for 1964 season...
2025-08-23 23:57:12,716 - ERROR - Attempt 1/5 failed for https://api.jolpi.ca/ergast/f1/1964/drivers.json: 429 Client Error: Too Many Requests for url: https://api.jolpi.ca/ergast/f1/1964/drivers.json?limit=100&offset=0
2025-08-23 23:57:19,530 - INFO - Fetching data for 1965 season...
2025-08-23 23:57:21,522 - ERROR - Attempt 1/5 failed for https://api.jolpi.ca/ergast/f1/1965/constructors.json: 429 Client Error: Too Many Requests for url: https://api.jolpi.ca/ergast/f1/1965/constructors.json?limit=100&offset=0
2025-08-23 23:57:28,838 - INFO - Creating database tables...
2025-08-23 23:57:29,080 - INFO - Database tables created successfully.
2025-08-23 23:57:29,080 - INFO - Ingesting seasons...
2025-08-23 23:57:30,067 - INFO - Ingested 0 new seasons. Total seasons: 76
2025-08-23 23:57:30,067 - INFO - Ingesting circuits...
2025-08-23 23:57:30,955 - INFO - Ingested 0 new circuits.
2025-08-23 23:57:30,956 - INFO - Ingesting statuses...
2025-08-23 23:57:32,780 - INFO - Ingested 0 new statuses.
2025-08-23 23:57:32,780 - INFO - Ingesting drivers and constructors for all seasons...
2025-08-23 23:57:32,785 - INFO - Fetching data for 1950 season...
2025-08-23 23:57:33,678 - ERROR - Attempt 1/5 failed for https://api.jolpi.ca/ergast/f1/1950/drivers.json: 429 Client Error: Too Many Requests for url: https://api.jolpi.ca/ergast/f1/1950/drivers.json?limit=100&offset=0
2025-08-23 23:57:40,703 - INFO - Fetching data for 1951 season...
2025-08-23 23:57:42,728 - ERROR - Attempt 1/5 failed for https://api.jolpi.ca/ergast/f1/1951/constructors.json: 429 Client Error: Too Many Requests for url: https://api.jolpi.ca/ergast/f1/1951/constructors.json?limit=100&offset=0
2025-08-23 23:57:48,608 - INFO - Fetching data for 1952 season...
2025-08-23 23:57:51,222 - ERROR - Attempt 1/5 failed for https://api.jolpi.ca/ergast/f1/1952/constructors.json: 429 Client Error: Too Many Requests for url: https://api.jolpi.ca/ergast/f1/1952/constructors.json?limit=100&offset=0
2025-08-23 23:57:57,119 - INFO - Fetching data for 1953 season...
2025-08-23 23:57:58,861 - ERROR - Attempt 1/5 failed for https://api.jolpi.ca/ergast/f1/1953/drivers.json: 429 Client Error: Too Many Requests for url: https://api.jolpi.ca/ergast/f1/1953/drivers.json?limit=100&offset=100
2025-08-23 23:58:05,593 - INFO - Fetching data for 1954 season...
2025-08-23 23:58:07,315 - ERROR - Attempt 1/5 failed for https://api.jolpi.ca/ergast/f1/1954/constructors.json: 429 Client Error: Too Many Requests for url: https://api.jolpi.ca/ergast/f1/1954/constructors.json?limit=100&offset=0
2025-08-23 23:58:13,240 - CRITICAL - A critical error occurred: (psycopg2.errors.NotNullViolation) null value in column "code" of relation "drivers" violates not-null constraint
DETAIL:  Failing row contains (1, ader, null, null, Walt, Ader, 1913-12-15, American, http://en.wikipedia.org/wiki/Walt_Ader).

[SQL: INSERT INTO drivers (driver_ref, number, code, forename, surname, dob, nationality, url) SELECT p0::VARCHAR, p1::VARCHAR, p2::VARCHAR, p3::VARCHAR, p4::VARCHAR, p5::DATE, p6::VARCHAR, p7::VARCHAR FROM (VALUES (%(driver_ref__0)s, %(number__0)s, %(code ... 31348 characters truncated ... p7, sen_counter) ORDER BY sen_counter RETURNING drivers.driver_id, drivers.driver_id AS driver_id__1]
[parameters: {'surname__0': 'Ader', 'nationality__0': 'American', 'number__0': None, 'driver_ref__0': 'ader', 'dob__0': '1913-12-15', 'url__0': 'http://en.wikipedia.org/wiki/Walt_Ader', 'forename__0': 'Walt', 'code__0': None, 'surname__1': 'Agabashian', 'nationality__1': 'American', 'number__1': None, 'driver_ref__1': 'agabashian', 'dob__1': '1913-08-21', 'url__1': 'http://en.wikipedia.org/wiki/Fred_Agabashian', 'forename__1': 'Fred', 'code__1': None, 'surname__2': 'Ascari', 'nationality__2': 'Italian', 'number__2': None, 'driver_ref__2': 'ascari', 'dob__2': '1918-07-13', 'url__2': 'http://en.wikipedia.org/wiki/Alberto_Ascari', 'forename__2': 'Alberto', 'code__2': None, 'surname__3': 'Banks', 'nationality__3': 'American', 'number__3': None, 'driver_ref__3': 'banks', 'dob__3': '1913-06-14', 'url__3': 'http://en.wikipedia.org/wiki/Henry_Banks', 'forename__3': 'Henry', 'code__3': None, 'surname__4': 'Bettenhausen', 'nationality__4': 'American', 'number__4': None, 'driver_ref__4': 'bettenhausen', 'dob__4': '1916-09-12', 'url__4': 'http://en.wikipedia.org/wiki/Tony_Bettenhausen', 'forename__4': 'Tony', 'code__4': None, 'surname__5': 'Biondetti', 'nationality__5': 'Italian', 'number__5': None, 'driver_ref__5': 'biondetti', 'dob__5': '1898-08-18', 'url__5': 'http://en.wikipedia.org/wiki/Clemente_Biondetti', 'forename__5': 'Clemente', 'code__5': None, 'surname__6': 'Bira', 'nationality__6': 'Thai' ... 1660 parameters truncated ... 'forename__213': 'Leslie', 'code__213': None, 'surname__214': "O'Connor", 'nationality__214': 'American', 'number__214': None, 'driver_ref__214': 'connor', 'dob__214': '1928-10-09', 'url__214': 'http://en.wikipedia.org/wiki/Pat_O%27Connor_(auto_racer)', 'forename__214': 'Pat', 'code__214': None, 'surname__215': 'Pollet', 'nationality__215': 'French', 'number__215': None, 'driver_ref__215': 'pollet', 'dob__215': '1922-07-02', 'url__215': 'http://en.wikipedia.org/wiki/Jacques_Pollet', 'forename__215': 'Jacques', 'code__215': None, 'surname__216': 'Riseley-Prichard', 'nationality__216': 'British', 'number__216': None, 'driver_ref__216': 'riseley_prichard', 'dob__216': '1924-01-17', 'url__216': 'http://en.wikipedia.org/wiki/John_Riseley-Prichard', 'forename__216': 'John', 'code__216': None, 'surname__217': 'Thorne', 'nationality__217': 'British', 'number__217': None, 'driver_ref__217': 'thorne', 'dob__217': '1916-06-23', 'url__217': 'http://en.wikipedia.org/wiki/Leslie_Thorne', 'forename__217': 'Leslie', 'code__217': None, 'surname__218': 'Volonterio', 'nationality__218': 'Swiss', 'number__218': None, 'driver_ref__218': 'volonterio', 'dob__218': '1917-12-07', 'url__218': 'http://en.wikipedia.org/wiki/Ottorino_Volonterio', 'forename__218': 'Ottorino', 'code__218': None, 'surname__219': 'Whitehouse', 'nationality__219': 'British', 'number__219': None, 'driver_ref__219': 'whitehouse', 'dob__219': '1909-04-01', 'url__219': 'http://en.wikipedia.org/wiki/Bill_Whitehouse', 'forename__219': 'Bill', 'code__219': None}]
(Background on this error at: https://sqlalche.me/e/20/gkpj)
Traceback (most recent call last):
  File "C:\Users\ADMIN\MyProjects\f1-betting\.venv\Lib\site-packages\sqlalchemy\engine\base.py", line 2118, in _exec_insertmany_context
    dialect.do_execute(
  File "C:\Users\ADMIN\MyProjects\f1-betting\.venv\Lib\site-packages\sqlalchemy\engine\default.py", line 951, in do_execute
    cursor.execute(statement, parameters)
psycopg2.errors.NotNullViolation: null value in column "code" of relation "drivers" violates not-null constraint
DETAIL:  Failing row contains (1, ader, null, null, Walt, Ader, 1913-12-15, American, http://en.wikipedia.org/wiki/Walt_Ader).


The above exception was the direct cause of the following exception:

Traceback (most recent call last):
  File "C:\Users\ADMIN\MyProjects\f1-betting\src\setup.py", line 601, in main
    ingest_drivers_and_constructors(db_session, all_seasons)
  File "C:\Users\ADMIN\MyProjects\f1-betting\src\setup.py", line 291, in ingest_drivers_and_constructors
    session.commit()
  File "C:\Users\ADMIN\MyProjects\f1-betting\.venv\Lib\site-packages\sqlalchemy\orm\session.py", line 2032, in commit
    trans.commit(_to_root=True)
  File "<string>", line 2, in commit
  File "C:\Users\ADMIN\MyProjects\f1-betting\.venv\Lib\site-packages\sqlalchemy\orm\state_changes.py", line 137, in _go
    ret_value = fn(self, *arg, **kw)
                ^^^^^^^^^^^^^^^^^^^^
  File "C:\Users\ADMIN\MyProjects\f1-betting\.venv\Lib\site-packages\sqlalchemy\orm\session.py", line 1313, in commit
    self._prepare_impl()
  File "<string>", line 2, in _prepare_impl
  File "C:\Users\ADMIN\MyProjects\f1-betting\.venv\Lib\site-packages\sqlalchemy\orm\state_changes.py", line 137, in _go
    ret_value = fn(self, *arg, **kw)
                ^^^^^^^^^^^^^^^^^^^^
  File "C:\Users\ADMIN\MyProjects\f1-betting\.venv\Lib\site-packages\sqlalchemy\orm\session.py", line 1288, in _prepare_impl
    self.session.flush()
  File "C:\Users\ADMIN\MyProjects\f1-betting\.venv\Lib\site-packages\sqlalchemy\orm\session.py", line 4345, in flush
    self._flush(objects)
  File "C:\Users\ADMIN\MyProjects\f1-betting\.venv\Lib\site-packages\sqlalchemy\orm\session.py", line 4480, in _flush
    with util.safe_reraise():
         ^^^^^^^^^^^^^^^^^^^
  File "C:\Users\ADMIN\MyProjects\f1-betting\.venv\Lib\site-packages\sqlalchemy\util\langhelpers.py", line 224, in __exit__
    raise exc_value.with_traceback(exc_tb)
  File "C:\Users\ADMIN\MyProjects\f1-betting\.venv\Lib\site-packages\sqlalchemy\orm\session.py", line 4441, in _flush
    flush_context.execute()
  File "C:\Users\ADMIN\MyProjects\f1-betting\.venv\Lib\site-packages\sqlalchemy\orm\unitofwork.py", line 466, in execute
    rec.execute(self)
  File "C:\Users\ADMIN\MyProjects\f1-betting\.venv\Lib\site-packages\sqlalchemy\orm\unitofwork.py", line 642, in execute
    util.preloaded.orm_persistence.save_obj(
  File "C:\Users\ADMIN\MyProjects\f1-betting\.venv\Lib\site-packages\sqlalchemy\orm\persistence.py", line 93, in save_obj
    _emit_insert_statements(
  File "C:\Users\ADMIN\MyProjects\f1-betting\.venv\Lib\site-packages\sqlalchemy\orm\persistence.py", line 1143, in _emit_insert_statements
    result = connection.execute(
             ^^^^^^^^^^^^^^^^^^^
  File "C:\Users\ADMIN\MyProjects\f1-betting\.venv\Lib\site-packages\sqlalchemy\engine\base.py", line 1419, in execute
    return meth(
           ^^^^^
  File "C:\Users\ADMIN\MyProjects\f1-betting\.venv\Lib\site-packages\sqlalchemy\sql\elements.py", line 526, in _execute_on_connection
    return connection._execute_clauseelement(
           ^^^^^^^^^^^^^^^^^^^^^^^^^^^^^^^^^^
  File "C:\Users\ADMIN\MyProjects\f1-betting\.venv\Lib\site-packages\sqlalchemy\engine\base.py", line 1641, in _execute_clauseelement
    ret = self._execute_context(
          ^^^^^^^^^^^^^^^^^^^^^^
  File "C:\Users\ADMIN\MyProjects\f1-betting\.venv\Lib\site-packages\sqlalchemy\engine\base.py", line 1844, in _execute_context
    return self._exec_insertmany_context(dialect, context)
           ^^^^^^^^^^^^^^^^^^^^^^^^^^^^^^^^^^^^^^^^^^^^^^^
  File "C:\Users\ADMIN\MyProjects\f1-betting\.venv\Lib\site-packages\sqlalchemy\engine\base.py", line 2126, in _exec_insertmany_context
    self._handle_dbapi_exception(
  File "C:\Users\ADMIN\MyProjects\f1-betting\.venv\Lib\site-packages\sqlalchemy\engine\base.py", line 2355, in _handle_dbapi_exception
    raise sqlalchemy_exception.with_traceback(exc_info[2]) from e
  File "C:\Users\ADMIN\MyProjects\f1-betting\.venv\Lib\site-packages\sqlalchemy\engine\base.py", line 2118, in _exec_insertmany_context
    dialect.do_execute(
  File "C:\Users\ADMIN\MyProjects\f1-betting\.venv\Lib\site-packages\sqlalchemy\engine\default.py", line 951, in do_execute
    cursor.execute(statement, parameters)
sqlalchemy.exc.IntegrityError: (psycopg2.errors.NotNullViolation) null value in column "code" of relation "drivers" violates not-null constraint
DETAIL:  Failing row contains (1, ader, null, null, Walt, Ader, 1913-12-15, American, http://en.wikipedia.org/wiki/Walt_Ader).

[SQL: INSERT INTO drivers (driver_ref, number, code, forename, surname, dob, nationality, url) SELECT p0::VARCHAR, p1::VARCHAR, p2::VARCHAR, p3::VARCHAR, p4::VARCHAR, p5::DATE, p6::VARCHAR, p7::VARCHAR FROM (VALUES (%(driver_ref__0)s, %(number__0)s, %(code ... 31348 characters truncated ... p7, sen_counter) ORDER BY sen_counter RETURNING drivers.driver_id, drivers.driver_id AS driver_id__1]
[parameters: {'surname__0': 'Ader', 'nationality__0': 'American', 'number__0': None, 'driver_ref__0': 'ader', 'dob__0': '1913-12-15', 'url__0': 'http://en.wikipedia.org/wiki/Walt_Ader', 'forename__0': 'Walt', 'code__0': None, 'surname__1': 'Agabashian', 'nationality__1': 'American', 'number__1': None, 'driver_ref__1': 'agabashian', 'dob__1': '1913-08-21', 'url__1': 'http://en.wikipedia.org/wiki/Fred_Agabashian', 'forename__1': 'Fred', 'code__1': None, 'surname__2': 'Ascari', 'nationality__2': 'Italian', 'number__2': None, 'driver_ref__2': 'ascari', 'dob__2': '1918-07-13', 'url__2': 'http://en.wikipedia.org/wiki/Alberto_Ascari', 'forename__2': 'Alberto', 'code__2': None, 'surname__3': 'Banks', 'nationality__3': 'American', 'number__3': None, 'driver_ref__3': 'banks', 'dob__3': '1913-06-14', 'url__3': 'http://en.wikipedia.org/wiki/Henry_Banks', 'forename__3': 'Henry', 'code__3': None, 'surname__4': 'Bettenhausen', 'nationality__4': 'American', 'number__4': None, 'driver_ref__4': 'bettenhausen', 'dob__4': '1916-09-12', 'url__4': 'http://en.wikipedia.org/wiki/Tony_Bettenhausen', 'forename__4': 'Tony', 'code__4': None, 'surname__5': 'Biondetti', 'nationality__5': 'Italian', 'number__5': None, 'driver_ref__5': 'biondetti', 'dob__5': '1898-08-18', 'url__5': 'http://en.wikipedia.org/wiki/Clemente_Biondetti', 'forename__5': 'Clemente', 'code__5': None, 'surname__6': 'Bira', 'nationality__6': 'Thai' ... 1660 parameters truncated ... 'forename__213': 'Leslie', 'code__213': None, 'surname__214': "O'Connor", 'nationality__214': 'American', 'number__214': None, 'driver_ref__214': 'connor', 'dob__214': '1928-10-09', 'url__214': 'http://en.wikipedia.org/wiki/Pat_O%27Connor_(auto_racer)', 'forename__214': 'Pat', 'code__214': None, 'surname__215': 'Pollet', 'nationality__215': 'French', 'number__215': None, 'driver_ref__215': 'pollet', 'dob__215': '1922-07-02', 'url__215': 'http://en.wikipedia.org/wiki/Jacques_Pollet', 'forename__215': 'Jacques', 'code__215': None, 'surname__216': 'Riseley-Prichard', 'nationality__216': 'British', 'number__216': None, 'driver_ref__216': 'riseley_prichard', 'dob__216': '1924-01-17', 'url__216': 'http://en.wikipedia.org/wiki/John_Riseley-Prichard', 'forename__216': 'John', 'code__216': None, 'surname__217': 'Thorne', 'nationality__217': 'British', 'number__217': None, 'driver_ref__217': 'thorne', 'dob__217': '1916-06-23', 'url__217': 'http://en.wikipedia.org/wiki/Leslie_Thorne', 'forename__217': 'Leslie', 'code__217': None, 'surname__218': 'Volonterio', 'nationality__218': 'Swiss', 'number__218': None, 'driver_ref__218': 'volonterio', 'dob__218': '1917-12-07', 'url__218': 'http://en.wikipedia.org/wiki/Ottorino_Volonterio', 'forename__218': 'Ottorino', 'code__218': None, 'surname__219': 'Whitehouse', 'nationality__219': 'British', 'number__219': None, 'driver_ref__219': 'whitehouse', 'dob__219': '1909-04-01', 'url__219': 'http://en.wikipedia.org/wiki/Bill_Whitehouse', 'forename__219': 'Bill', 'code__219': None}]
(Background on this error at: https://sqlalche.me/e/20/gkpj)
2025-08-24 00:02:59,868 - INFO - Creating database tables...
2025-08-24 00:02:59,981 - INFO - Database tables created successfully.
2025-08-24 00:02:59,981 - INFO - Ingesting seasons...
2025-08-24 00:03:01,106 - INFO - Ingested 0 new seasons. Total seasons: 76
2025-08-24 00:03:01,107 - INFO - Ingesting circuits...
2025-08-24 00:03:02,518 - INFO - Ingested 0 new circuits.
2025-08-24 00:03:02,581 - INFO - Ingesting statuses...
2025-08-24 00:03:05,091 - INFO - Ingested 0 new statuses.
2025-08-24 00:03:05,093 - INFO - Ingesting drivers and constructors for all seasons...
2025-08-24 00:03:05,098 - INFO - Fetching data for 1950 season...
2025-08-24 00:03:07,215 - INFO - Fetching data for 1951 season...
2025-08-24 00:03:08,991 - INFO - Fetching data for 1952 season...
2025-08-24 00:03:11,624 - INFO - Fetching data for 1953 season...
2025-08-24 00:03:14,285 - INFO - Fetching data for 1954 season...
2025-08-24 00:03:16,052 - CRITICAL - A critical error occurred: (psycopg2.errors.NotNullViolation) null value in column "code" of relation "drivers" violates not-null constraint
DETAIL:  Failing row contains (2, ader, null, null, Walt, Ader, 1913-12-15, American, http://en.wikipedia.org/wiki/Walt_Ader).

[SQL: INSERT INTO drivers (driver_ref, number, code, forename, surname, dob, nationality, url) SELECT p0::VARCHAR, p1::VARCHAR, p2::VARCHAR, p3::VARCHAR, p4::VARCHAR, p5::DATE, p6::VARCHAR, p7::VARCHAR FROM (VALUES (%(driver_ref__0)s, %(number__0)s, %(code ... 31348 characters truncated ... p7, sen_counter) ORDER BY sen_counter RETURNING drivers.driver_id, drivers.driver_id AS driver_id__1]
[parameters: {'dob__0': '1913-12-15', 'code__0': None, 'driver_ref__0': 'ader', 'number__0': None, 'forename__0': 'Walt', 'surname__0': 'Ader', 'nationality__0': 'American', 'url__0': 'http://en.wikipedia.org/wiki/Walt_Ader', 'dob__1': '1913-08-21', 'code__1': None, 'driver_ref__1': 'agabashian', 'number__1': None, 'forename__1': 'Fred', 'surname__1': 'Agabashian', 'nationality__1': 'American', 'url__1': 'http://en.wikipedia.org/wiki/Fred_Agabashian', 'dob__2': '1918-07-13', 'code__2': None, 'driver_ref__2': 'ascari', 'number__2': None, 'forename__2': 'Alberto', 'surname__2': 'Ascari', 'nationality__2': 'Italian', 'url__2': 'http://en.wikipedia.org/wiki/Alberto_Ascari', 'dob__3': '1913-06-14', 'code__3': None, 'driver_ref__3': 'banks', 'number__3': None, 'forename__3': 'Henry', 'surname__3': 'Banks', 'nationality__3': 'American', 'url__3': 'http://en.wikipedia.org/wiki/Henry_Banks', 'dob__4': '1916-09-12', 'code__4': None, 'driver_ref__4': 'bettenhausen', 'number__4': None, 'forename__4': 'Tony', 'surname__4': 'Bettenhausen', 'nationality__4': 'American', 'url__4': 'http://en.wikipedia.org/wiki/Tony_Bettenhausen', 'dob__5': '1898-08-18', 'code__5': None, 'driver_ref__5': 'biondetti', 'number__5': None, 'forename__5': 'Clemente', 'surname__5': 'Biondetti', 'nationality__5': 'Italian', 'url__5': 'http://en.wikipedia.org/wiki/Clemente_Biondetti', 'dob__6': '1914-07-15', 'code__6': None ... 1660 parameters truncated ... 'nationality__213': 'British', 'url__213': 'http://en.wikipedia.org/wiki/Leslie_Marr', 'dob__214': '1928-10-09', 'code__214': None, 'driver_ref__214': 'connor', 'number__214': None, 'forename__214': 'Pat', 'surname__214': "O'Connor", 'nationality__214': 'American', 'url__214': 'http://en.wikipedia.org/wiki/Pat_O%27Connor_(auto_racer)', 'dob__215': '1922-07-02', 'code__215': None, 'driver_ref__215': 'pollet', 'number__215': None, 'forename__215': 'Jacques', 'surname__215': 'Pollet', 'nationality__215': 'French', 'url__215': 'http://en.wikipedia.org/wiki/Jacques_Pollet', 'dob__216': '1924-01-17', 'code__216': None, 'driver_ref__216': 'riseley_prichard', 'number__216': None, 'forename__216': 'John', 'surname__216': 'Riseley-Prichard', 'nationality__216': 'British', 'url__216': 'http://en.wikipedia.org/wiki/John_Riseley-Prichard', 'dob__217': '1916-06-23', 'code__217': None, 'driver_ref__217': 'thorne', 'number__217': None, 'forename__217': 'Leslie', 'surname__217': 'Thorne', 'nationality__217': 'British', 'url__217': 'http://en.wikipedia.org/wiki/Leslie_Thorne', 'dob__218': '1917-12-07', 'code__218': None, 'driver_ref__218': 'volonterio', 'number__218': None, 'forename__218': 'Ottorino', 'surname__218': 'Volonterio', 'nationality__218': 'Swiss', 'url__218': 'http://en.wikipedia.org/wiki/Ottorino_Volonterio', 'dob__219': '1909-04-01', 'code__219': None, 'driver_ref__219': 'whitehouse', 'number__219': None, 'forename__219': 'Bill', 'surname__219': 'Whitehouse', 'nationality__219': 'British', 'url__219': 'http://en.wikipedia.org/wiki/Bill_Whitehouse'}]
(Background on this error at: https://sqlalche.me/e/20/gkpj)
Traceback (most recent call last):
  File "C:\Users\ADMIN\MyProjects\f1-betting\.venv\Lib\site-packages\sqlalchemy\engine\base.py", line 2118, in _exec_insertmany_context
    dialect.do_execute(
  File "C:\Users\ADMIN\MyProjects\f1-betting\.venv\Lib\site-packages\sqlalchemy\engine\default.py", line 951, in do_execute
    cursor.execute(statement, parameters)
psycopg2.errors.NotNullViolation: null value in column "code" of relation "drivers" violates not-null constraint
DETAIL:  Failing row contains (2, ader, null, null, Walt, Ader, 1913-12-15, American, http://en.wikipedia.org/wiki/Walt_Ader).


The above exception was the direct cause of the following exception:

Traceback (most recent call last):
  File "C:\Users\ADMIN\MyProjects\f1-betting\src\setup.py", line 601, in main
    ingest_drivers_and_constructors(db_session, all_seasons)
  File "C:\Users\ADMIN\MyProjects\f1-betting\src\setup.py", line 291, in ingest_drivers_and_constructors
    session.commit()
  File "C:\Users\ADMIN\MyProjects\f1-betting\.venv\Lib\site-packages\sqlalchemy\orm\session.py", line 2032, in commit
    trans.commit(_to_root=True)
  File "<string>", line 2, in commit
  File "C:\Users\ADMIN\MyProjects\f1-betting\.venv\Lib\site-packages\sqlalchemy\orm\state_changes.py", line 137, in _go
    ret_value = fn(self, *arg, **kw)
                ^^^^^^^^^^^^^^^^^^^^
  File "C:\Users\ADMIN\MyProjects\f1-betting\.venv\Lib\site-packages\sqlalchemy\orm\session.py", line 1313, in commit
    self._prepare_impl()
  File "<string>", line 2, in _prepare_impl
  File "C:\Users\ADMIN\MyProjects\f1-betting\.venv\Lib\site-packages\sqlalchemy\orm\state_changes.py", line 137, in _go
    ret_value = fn(self, *arg, **kw)
                ^^^^^^^^^^^^^^^^^^^^
  File "C:\Users\ADMIN\MyProjects\f1-betting\.venv\Lib\site-packages\sqlalchemy\orm\session.py", line 1288, in _prepare_impl
    self.session.flush()
  File "C:\Users\ADMIN\MyProjects\f1-betting\.venv\Lib\site-packages\sqlalchemy\orm\session.py", line 4345, in flush
    self._flush(objects)
  File "C:\Users\ADMIN\MyProjects\f1-betting\.venv\Lib\site-packages\sqlalchemy\orm\session.py", line 4480, in _flush
    with util.safe_reraise():
         ^^^^^^^^^^^^^^^^^^^
  File "C:\Users\ADMIN\MyProjects\f1-betting\.venv\Lib\site-packages\sqlalchemy\util\langhelpers.py", line 224, in __exit__
    raise exc_value.with_traceback(exc_tb)
  File "C:\Users\ADMIN\MyProjects\f1-betting\.venv\Lib\site-packages\sqlalchemy\orm\session.py", line 4441, in _flush
    flush_context.execute()
  File "C:\Users\ADMIN\MyProjects\f1-betting\.venv\Lib\site-packages\sqlalchemy\orm\unitofwork.py", line 466, in execute
    rec.execute(self)
  File "C:\Users\ADMIN\MyProjects\f1-betting\.venv\Lib\site-packages\sqlalchemy\orm\unitofwork.py", line 642, in execute
    util.preloaded.orm_persistence.save_obj(
  File "C:\Users\ADMIN\MyProjects\f1-betting\.venv\Lib\site-packages\sqlalchemy\orm\persistence.py", line 93, in save_obj
    _emit_insert_statements(
  File "C:\Users\ADMIN\MyProjects\f1-betting\.venv\Lib\site-packages\sqlalchemy\orm\persistence.py", line 1143, in _emit_insert_statements
    result = connection.execute(
             ^^^^^^^^^^^^^^^^^^^
  File "C:\Users\ADMIN\MyProjects\f1-betting\.venv\Lib\site-packages\sqlalchemy\engine\base.py", line 1419, in execute
    return meth(
           ^^^^^
  File "C:\Users\ADMIN\MyProjects\f1-betting\.venv\Lib\site-packages\sqlalchemy\sql\elements.py", line 526, in _execute_on_connection
    return connection._execute_clauseelement(
           ^^^^^^^^^^^^^^^^^^^^^^^^^^^^^^^^^^
  File "C:\Users\ADMIN\MyProjects\f1-betting\.venv\Lib\site-packages\sqlalchemy\engine\base.py", line 1641, in _execute_clauseelement
    ret = self._execute_context(
          ^^^^^^^^^^^^^^^^^^^^^^
  File "C:\Users\ADMIN\MyProjects\f1-betting\.venv\Lib\site-packages\sqlalchemy\engine\base.py", line 1844, in _execute_context
    return self._exec_insertmany_context(dialect, context)
           ^^^^^^^^^^^^^^^^^^^^^^^^^^^^^^^^^^^^^^^^^^^^^^^
  File "C:\Users\ADMIN\MyProjects\f1-betting\.venv\Lib\site-packages\sqlalchemy\engine\base.py", line 2126, in _exec_insertmany_context
    self._handle_dbapi_exception(
  File "C:\Users\ADMIN\MyProjects\f1-betting\.venv\Lib\site-packages\sqlalchemy\engine\base.py", line 2355, in _handle_dbapi_exception
    raise sqlalchemy_exception.with_traceback(exc_info[2]) from e
  File "C:\Users\ADMIN\MyProjects\f1-betting\.venv\Lib\site-packages\sqlalchemy\engine\base.py", line 2118, in _exec_insertmany_context
    dialect.do_execute(
  File "C:\Users\ADMIN\MyProjects\f1-betting\.venv\Lib\site-packages\sqlalchemy\engine\default.py", line 951, in do_execute
    cursor.execute(statement, parameters)
sqlalchemy.exc.IntegrityError: (psycopg2.errors.NotNullViolation) null value in column "code" of relation "drivers" violates not-null constraint
DETAIL:  Failing row contains (2, ader, null, null, Walt, Ader, 1913-12-15, American, http://en.wikipedia.org/wiki/Walt_Ader).

[SQL: INSERT INTO drivers (driver_ref, number, code, forename, surname, dob, nationality, url) SELECT p0::VARCHAR, p1::VARCHAR, p2::VARCHAR, p3::VARCHAR, p4::VARCHAR, p5::DATE, p6::VARCHAR, p7::VARCHAR FROM (VALUES (%(driver_ref__0)s, %(number__0)s, %(code ... 31348 characters truncated ... p7, sen_counter) ORDER BY sen_counter RETURNING drivers.driver_id, drivers.driver_id AS driver_id__1]
[parameters: {'dob__0': '1913-12-15', 'code__0': None, 'driver_ref__0': 'ader', 'number__0': None, 'forename__0': 'Walt', 'surname__0': 'Ader', 'nationality__0': 'American', 'url__0': 'http://en.wikipedia.org/wiki/Walt_Ader', 'dob__1': '1913-08-21', 'code__1': None, 'driver_ref__1': 'agabashian', 'number__1': None, 'forename__1': 'Fred', 'surname__1': 'Agabashian', 'nationality__1': 'American', 'url__1': 'http://en.wikipedia.org/wiki/Fred_Agabashian', 'dob__2': '1918-07-13', 'code__2': None, 'driver_ref__2': 'ascari', 'number__2': None, 'forename__2': 'Alberto', 'surname__2': 'Ascari', 'nationality__2': 'Italian', 'url__2': 'http://en.wikipedia.org/wiki/Alberto_Ascari', 'dob__3': '1913-06-14', 'code__3': None, 'driver_ref__3': 'banks', 'number__3': None, 'forename__3': 'Henry', 'surname__3': 'Banks', 'nationality__3': 'American', 'url__3': 'http://en.wikipedia.org/wiki/Henry_Banks', 'dob__4': '1916-09-12', 'code__4': None, 'driver_ref__4': 'bettenhausen', 'number__4': None, 'forename__4': 'Tony', 'surname__4': 'Bettenhausen', 'nationality__4': 'American', 'url__4': 'http://en.wikipedia.org/wiki/Tony_Bettenhausen', 'dob__5': '1898-08-18', 'code__5': None, 'driver_ref__5': 'biondetti', 'number__5': None, 'forename__5': 'Clemente', 'surname__5': 'Biondetti', 'nationality__5': 'Italian', 'url__5': 'http://en.wikipedia.org/wiki/Clemente_Biondetti', 'dob__6': '1914-07-15', 'code__6': None ... 1660 parameters truncated ... 'nationality__213': 'British', 'url__213': 'http://en.wikipedia.org/wiki/Leslie_Marr', 'dob__214': '1928-10-09', 'code__214': None, 'driver_ref__214': 'connor', 'number__214': None, 'forename__214': 'Pat', 'surname__214': "O'Connor", 'nationality__214': 'American', 'url__214': 'http://en.wikipedia.org/wiki/Pat_O%27Connor_(auto_racer)', 'dob__215': '1922-07-02', 'code__215': None, 'driver_ref__215': 'pollet', 'number__215': None, 'forename__215': 'Jacques', 'surname__215': 'Pollet', 'nationality__215': 'French', 'url__215': 'http://en.wikipedia.org/wiki/Jacques_Pollet', 'dob__216': '1924-01-17', 'code__216': None, 'driver_ref__216': 'riseley_prichard', 'number__216': None, 'forename__216': 'John', 'surname__216': 'Riseley-Prichard', 'nationality__216': 'British', 'url__216': 'http://en.wikipedia.org/wiki/John_Riseley-Prichard', 'dob__217': '1916-06-23', 'code__217': None, 'driver_ref__217': 'thorne', 'number__217': None, 'forename__217': 'Leslie', 'surname__217': 'Thorne', 'nationality__217': 'British', 'url__217': 'http://en.wikipedia.org/wiki/Leslie_Thorne', 'dob__218': '1917-12-07', 'code__218': None, 'driver_ref__218': 'volonterio', 'number__218': None, 'forename__218': 'Ottorino', 'surname__218': 'Volonterio', 'nationality__218': 'Swiss', 'url__218': 'http://en.wikipedia.org/wiki/Ottorino_Volonterio', 'dob__219': '1909-04-01', 'code__219': None, 'driver_ref__219': 'whitehouse', 'number__219': None, 'forename__219': 'Bill', 'surname__219': 'Whitehouse', 'nationality__219': 'British', 'url__219': 'http://en.wikipedia.org/wiki/Bill_Whitehouse'}]
(Background on this error at: https://sqlalche.me/e/20/gkpj)
2025-08-24 00:03:26,032 - INFO - Creating database tables...
2025-08-24 00:03:26,252 - INFO - Database tables created successfully.
2025-08-24 00:03:26,252 - INFO - Ingesting seasons...
2025-08-24 00:03:27,901 - INFO - Ingested 76 new seasons. Total seasons: 76
2025-08-24 00:03:27,902 - INFO - Ingesting circuits...
2025-08-24 00:03:28,807 - INFO - Ingested 77 new circuits.
2025-08-24 00:03:28,808 - INFO - Ingesting statuses...
2025-08-24 00:03:30,747 - INFO - Ingested 136 new statuses.
2025-08-24 00:03:30,748 - INFO - Ingesting drivers and constructors for all seasons...
2025-08-24 00:03:30,755 - INFO - Fetching data for 1950 season...
2025-08-24 00:03:33,117 - INFO - Fetching data for 1951 season...
2025-08-24 00:03:35,045 - INFO - Fetching data for 1952 season...
2025-08-24 00:03:38,035 - INFO - Fetching data for 1953 season...
2025-08-24 00:03:40,754 - INFO - Fetching data for 1954 season...
2025-08-24 00:03:42,615 - INFO - Ingested 220 new drivers.
2025-08-24 00:03:42,615 - INFO - Ingested 51 new constructors.
2025-08-24 00:03:42,616 - INFO - Building foreign key maps...
2025-08-24 00:03:42,625 - INFO - Ingesting races...
2025-08-24 00:03:43,499 - INFO - Ingested 7 new races for 1950 season.
2025-08-24 00:03:44,382 - INFO - Ingested 8 new races for 1951 season.
2025-08-24 00:03:45,269 - INFO - Ingested 8 new races for 1952 season.
2025-08-24 00:03:46,136 - INFO - Ingested 9 new races for 1953 season.
2025-08-24 00:03:46,995 - INFO - Ingested 9 new races for 1954 season.
2025-08-24 00:03:47,864 - INFO - Ingested 7 new races for 1955 season.
2025-08-24 00:03:48,722 - INFO - Ingested 8 new races for 1956 season.
2025-08-24 00:03:49,682 - INFO - Ingested 8 new races for 1957 season.
2025-08-24 00:03:50,551 - INFO - Ingested 11 new races for 1958 season.
2025-08-24 00:03:51,428 - INFO - Ingested 9 new races for 1959 season.
2025-08-24 00:03:52,302 - INFO - Ingested 10 new races for 1960 season.
2025-08-24 00:03:53,167 - INFO - Ingested 8 new races for 1961 season.
2025-08-24 00:03:54,015 - INFO - Ingested 9 new races for 1962 season.
2025-08-24 00:03:54,886 - INFO - Ingested 10 new races for 1963 season.
2025-08-24 00:03:55,761 - INFO - Ingested 10 new races for 1964 season.
2025-08-24 00:03:56,624 - INFO - Ingested 10 new races for 1965 season.
2025-08-24 00:03:57,497 - INFO - Ingested 9 new races for 1966 season.
2025-08-24 00:03:58,449 - INFO - Ingested 11 new races for 1967 season.
2025-08-24 00:03:59,311 - INFO - Ingested 12 new races for 1968 season.
2025-08-24 00:04:00,212 - INFO - Ingested 11 new races for 1969 season.
2025-08-24 00:04:01,120 - INFO - Ingested 13 new races for 1970 season.
2025-08-24 00:04:01,970 - INFO - Ingested 11 new races for 1971 season.
2025-08-24 00:04:02,820 - INFO - Ingested 12 new races for 1972 season.
2025-08-24 00:04:03,688 - INFO - Ingested 15 new races for 1973 season.
2025-08-24 00:04:04,551 - INFO - Ingested 15 new races for 1974 season.
2025-08-24 00:04:05,432 - INFO - Ingested 14 new races for 1975 season.
2025-08-24 00:04:06,301 - INFO - Ingested 16 new races for 1976 season.
2025-08-24 00:04:07,202 - INFO - Ingested 17 new races for 1977 season.
2025-08-24 00:04:08,079 - INFO - Ingested 16 new races for 1978 season.
2025-08-24 00:04:08,964 - INFO - Ingested 15 new races for 1979 season.
2025-08-24 00:04:09,853 - INFO - Ingested 14 new races for 1980 season.
2025-08-24 00:04:10,729 - INFO - Ingested 15 new races for 1981 season.
2025-08-24 00:04:11,639 - INFO - Ingested 16 new races for 1982 season.
2025-08-24 00:04:12,523 - INFO - Ingested 15 new races for 1983 season.
2025-08-24 00:04:13,406 - INFO - Ingested 16 new races for 1984 season.
2025-08-24 00:04:14,293 - INFO - Ingested 16 new races for 1985 season.
2025-08-24 00:04:15,259 - INFO - Ingested 16 new races for 1986 season.
2025-08-24 00:04:16,124 - INFO - Ingested 16 new races for 1987 season.
2025-08-24 00:04:17,010 - INFO - Ingested 16 new races for 1988 season.
2025-08-24 00:04:17,880 - INFO - Ingested 16 new races for 1989 season.
2025-08-24 00:04:18,782 - INFO - Ingested 16 new races for 1990 season.
2025-08-24 00:04:19,812 - INFO - Ingested 16 new races for 1991 season.
2025-08-24 00:04:20,683 - INFO - Ingested 16 new races for 1992 season.
2025-08-24 00:04:21,557 - INFO - Ingested 16 new races for 1993 season.
2025-08-24 00:04:22,613 - INFO - Ingested 16 new races for 1994 season.
2025-08-24 00:04:23,479 - INFO - Ingested 17 new races for 1995 season.
2025-08-24 00:04:24,327 - INFO - Ingested 16 new races for 1996 season.
2025-08-24 00:04:25,265 - INFO - Ingested 17 new races for 1997 season.
2025-08-24 00:04:26,124 - INFO - Ingested 16 new races for 1998 season.
2025-08-24 00:04:27,002 - INFO - Ingested 16 new races for 1999 season.
2025-08-24 00:04:27,902 - INFO - Ingested 17 new races for 2000 season.
2025-08-24 00:04:28,817 - INFO - Ingested 17 new races for 2001 season.
2025-08-24 00:04:29,674 - INFO - Ingested 17 new races for 2002 season.
2025-08-24 00:04:30,519 - INFO - Ingested 16 new races for 2003 season.
2025-08-24 00:04:31,390 - INFO - Ingested 18 new races for 2004 season.
2025-08-24 00:04:32,241 - INFO - Ingested 19 new races for 2005 season.
2025-08-24 00:04:33,119 - INFO - Ingested 18 new races for 2006 season.
2025-08-24 00:04:33,975 - INFO - Ingested 17 new races for 2007 season.
2025-08-24 00:04:34,836 - INFO - Ingested 18 new races for 2008 season.
2025-08-24 00:04:35,684 - ERROR - Attempt 1/5 failed for https://api.jolpi.ca/ergast/f1/2009/races.json: 429 Client Error: Too Many Requests for url: https://api.jolpi.ca/ergast/f1/2009/races.json?limit=100&offset=0
2025-08-24 00:04:41,660 - INFO - Ingested 17 new races for 2009 season.
2025-08-24 00:04:42,523 - INFO - Ingested 19 new races for 2010 season.
2025-08-24 00:04:43,453 - INFO - Ingested 19 new races for 2011 season.
2025-08-24 00:04:44,324 - ERROR - Attempt 1/5 failed for https://api.jolpi.ca/ergast/f1/2012/races.json: 429 Client Error: Too Many Requests for url: https://api.jolpi.ca/ergast/f1/2012/races.json?limit=100&offset=0
2025-08-24 00:04:50,361 - INFO - Ingested 20 new races for 2012 season.
2025-08-24 00:04:51,228 - INFO - Ingested 19 new races for 2013 season.
2025-08-24 00:04:52,095 - ERROR - Attempt 1/5 failed for https://api.jolpi.ca/ergast/f1/2014/races.json: 429 Client Error: Too Many Requests for url: https://api.jolpi.ca/ergast/f1/2014/races.json?limit=100&offset=0
2025-08-24 00:04:57,965 - INFO - Ingested 19 new races for 2014 season.
2025-08-24 00:04:58,827 - INFO - Ingested 19 new races for 2015 season.
2025-08-24 00:04:59,967 - INFO - Ingested 21 new races for 2016 season.
2025-08-24 00:05:00,823 - ERROR - Attempt 1/5 failed for https://api.jolpi.ca/ergast/f1/2017/races.json: 429 Client Error: Too Many Requests for url: https://api.jolpi.ca/ergast/f1/2017/races.json?limit=100&offset=0
2025-08-24 00:05:11,701 - INFO - Creating database tables...
2025-08-24 00:05:12,167 - INFO - Database tables created successfully.
2025-08-24 00:05:12,168 - INFO - Ingesting seasons...
2025-08-24 00:05:13,181 - INFO - Ingested 76 new seasons. Total seasons: 76
2025-08-24 00:05:13,181 - INFO - Ingesting circuits...
2025-08-24 00:05:14,088 - INFO - Ingested 77 new circuits.
2025-08-24 00:05:14,089 - INFO - Ingesting statuses...
2025-08-24 00:05:15,859 - INFO - Ingested 136 new statuses.
2025-08-24 00:05:15,860 - INFO - Ingesting drivers and constructors for all seasons...
2025-08-24 00:05:15,868 - INFO - Fetching data for 1950 season...
2025-08-24 00:05:17,611 - INFO - Fetching data for 1951 season...
2025-08-24 00:05:18,465 - ERROR - Attempt 1/5 failed for https://api.jolpi.ca/ergast/f1/1951/drivers.json: 429 Client Error: Too Many Requests for url: https://api.jolpi.ca/ergast/f1/1951/drivers.json?limit=100&offset=0
2025-08-24 00:05:25,197 - INFO - Fetching data for 1952 season...
2025-08-24 00:05:26,911 - ERROR - Attempt 1/5 failed for https://api.jolpi.ca/ergast/f1/1952/drivers.json: 429 Client Error: Too Many Requests for url: https://api.jolpi.ca/ergast/f1/1952/drivers.json?limit=100&offset=100
2025-08-24 00:05:33,645 - INFO - Fetching data for 1953 season...
2025-08-24 00:05:35,364 - ERROR - Attempt 1/5 failed for https://api.jolpi.ca/ergast/f1/1953/drivers.json: 429 Client Error: Too Many Requests for url: https://api.jolpi.ca/ergast/f1/1953/drivers.json?limit=100&offset=100
2025-08-24 00:05:42,067 - INFO - Fetching data for 1954 season...
2025-08-24 00:05:42,928 - ERROR - Attempt 1/5 failed for https://api.jolpi.ca/ergast/f1/1954/drivers.json: 429 Client Error: Too Many Requests for url: https://api.jolpi.ca/ergast/f1/1954/drivers.json?limit=100&offset=0
2025-08-24 00:05:49,644 - INFO - Fetching data for 1955 season...
2025-08-24 00:05:51,335 - ERROR - Attempt 1/5 failed for https://api.jolpi.ca/ergast/f1/1955/constructors.json: 429 Client Error: Too Many Requests for url: https://api.jolpi.ca/ergast/f1/1955/constructors.json?limit=100&offset=0
2025-08-24 00:05:57,178 - INFO - Fetching data for 1956 season...
2025-08-24 00:05:58,891 - INFO - Fetching data for 1957 season...
2025-08-24 00:05:59,728 - ERROR - Attempt 1/5 failed for https://api.jolpi.ca/ergast/f1/1957/drivers.json: 429 Client Error: Too Many Requests for url: https://api.jolpi.ca/ergast/f1/1957/drivers.json?limit=100&offset=0
2025-08-24 00:06:06,457 - INFO - Fetching data for 1958 season...
2025-08-24 00:06:07,325 - ERROR - Attempt 1/5 failed for https://api.jolpi.ca/ergast/f1/1958/drivers.json: 429 Client Error: Too Many Requests for url: https://api.jolpi.ca/ergast/f1/1958/drivers.json?limit=100&offset=0
2025-08-24 00:06:14,067 - INFO - Fetching data for 1959 season...
2025-08-24 00:06:15,778 - ERROR - Attempt 1/5 failed for https://api.jolpi.ca/ergast/f1/1959/constructors.json: 429 Client Error: Too Many Requests for url: https://api.jolpi.ca/ergast/f1/1959/constructors.json?limit=100&offset=0
2025-08-24 00:06:21,615 - INFO - Fetching data for 1960 season...
2025-08-24 00:06:23,344 - INFO - Fetching data for 1961 season...
2025-08-24 00:06:24,185 - ERROR - Attempt 1/5 failed for https://api.jolpi.ca/ergast/f1/1961/drivers.json: 429 Client Error: Too Many Requests for url: https://api.jolpi.ca/ergast/f1/1961/drivers.json?limit=100&offset=0
2025-08-24 00:06:30,970 - INFO - Fetching data for 1962 season...
2025-08-24 00:06:32,715 - ERROR - Attempt 1/5 failed for https://api.jolpi.ca/ergast/f1/1962/constructors.json: 429 Client Error: Too Many Requests for url: https://api.jolpi.ca/ergast/f1/1962/constructors.json?limit=100&offset=0
2025-08-24 00:06:38,584 - INFO - Fetching data for 1963 season...
2025-08-24 00:06:40,268 - ERROR - Attempt 1/5 failed for https://api.jolpi.ca/ergast/f1/1963/constructors.json: 429 Client Error: Too Many Requests for url: https://api.jolpi.ca/ergast/f1/1963/constructors.json?limit=100&offset=0
2025-08-24 00:06:46,239 - INFO - Fetching data for 1964 season...
2025-08-24 00:06:47,950 - INFO - Fetching data for 1965 season...
2025-08-24 00:06:48,840 - ERROR - Attempt 1/5 failed for https://api.jolpi.ca/ergast/f1/1965/drivers.json: 429 Client Error: Too Many Requests for url: https://api.jolpi.ca/ergast/f1/1965/drivers.json?limit=100&offset=0
2025-08-24 00:06:55,584 - INFO - Fetching data for 1966 season...
2025-08-24 00:06:57,285 - ERROR - Attempt 1/5 failed for https://api.jolpi.ca/ergast/f1/1966/constructors.json: 429 Client Error: Too Many Requests for url: https://api.jolpi.ca/ergast/f1/1966/constructors.json?limit=100&offset=0
2025-08-24 00:07:03,143 - INFO - Fetching data for 1967 season...
2025-08-24 00:07:04,876 - INFO - Fetching data for 1968 season...
2025-08-24 00:07:05,726 - ERROR - Attempt 1/5 failed for https://api.jolpi.ca/ergast/f1/1968/drivers.json: 429 Client Error: Too Many Requests for url: https://api.jolpi.ca/ergast/f1/1968/drivers.json?limit=100&offset=0
2025-08-24 00:07:12,502 - INFO - Fetching data for 1969 season...
2025-08-24 00:07:13,373 - ERROR - Attempt 1/5 failed for https://api.jolpi.ca/ergast/f1/1969/drivers.json: 429 Client Error: Too Many Requests for url: https://api.jolpi.ca/ergast/f1/1969/drivers.json?limit=100&offset=0
2025-08-24 00:07:20,134 - INFO - Fetching data for 1970 season...
2025-08-24 00:07:21,862 - ERROR - Attempt 1/5 failed for https://api.jolpi.ca/ergast/f1/1970/constructors.json: 429 Client Error: Too Many Requests for url: https://api.jolpi.ca/ergast/f1/1970/constructors.json?limit=100&offset=0
2025-08-24 00:07:27,729 - INFO - Fetching data for 1971 season...
2025-08-24 00:07:29,437 - INFO - Fetching data for 1972 season...
2025-08-24 00:07:30,288 - ERROR - Attempt 1/5 failed for https://api.jolpi.ca/ergast/f1/1972/drivers.json: 429 Client Error: Too Many Requests for url: https://api.jolpi.ca/ergast/f1/1972/drivers.json?limit=100&offset=0
2025-08-24 00:07:37,003 - INFO - Fetching data for 1973 season...
2025-08-24 00:07:38,911 - ERROR - Attempt 1/5 failed for https://api.jolpi.ca/ergast/f1/1973/constructors.json: 429 Client Error: Too Many Requests for url: https://api.jolpi.ca/ergast/f1/1973/constructors.json?limit=100&offset=0
2025-08-24 00:07:44,844 - INFO - Fetching data for 1974 season...
2025-08-24 00:07:46,598 - INFO - Fetching data for 1975 season...
2025-08-24 00:07:47,453 - ERROR - Attempt 1/5 failed for https://api.jolpi.ca/ergast/f1/1975/drivers.json: 429 Client Error: Too Many Requests for url: https://api.jolpi.ca/ergast/f1/1975/drivers.json?limit=100&offset=0
2025-08-24 00:07:54,264 - INFO - Fetching data for 1976 season...
2025-08-24 00:07:55,112 - ERROR - Attempt 1/5 failed for https://api.jolpi.ca/ergast/f1/1976/drivers.json: 429 Client Error: Too Many Requests for url: https://api.jolpi.ca/ergast/f1/1976/drivers.json?limit=100&offset=0
2025-08-24 00:08:01,846 - INFO - Fetching data for 1977 season...
2025-08-24 00:08:03,557 - ERROR - Attempt 1/5 failed for https://api.jolpi.ca/ergast/f1/1977/constructors.json: 429 Client Error: Too Many Requests for url: https://api.jolpi.ca/ergast/f1/1977/constructors.json?limit=100&offset=0
2025-08-24 00:08:09,397 - INFO - Fetching data for 1978 season...
2025-08-24 00:08:11,092 - INFO - Fetching data for 1979 season...
2025-08-24 00:08:11,952 - ERROR - Attempt 1/5 failed for https://api.jolpi.ca/ergast/f1/1979/drivers.json: 429 Client Error: Too Many Requests for url: https://api.jolpi.ca/ergast/f1/1979/drivers.json?limit=100&offset=0
2025-08-24 00:08:18,673 - INFO - Fetching data for 1980 season...
2025-08-24 00:08:19,519 - ERROR - Attempt 1/5 failed for https://api.jolpi.ca/ergast/f1/1980/drivers.json: 429 Client Error: Too Many Requests for url: https://api.jolpi.ca/ergast/f1/1980/drivers.json?limit=100&offset=0
2025-08-24 00:08:26,242 - INFO - Fetching data for 1981 season...
2025-08-24 00:08:27,944 - ERROR - Attempt 1/5 failed for https://api.jolpi.ca/ergast/f1/1981/constructors.json: 429 Client Error: Too Many Requests for url: https://api.jolpi.ca/ergast/f1/1981/constructors.json?limit=100&offset=0
2025-08-24 00:08:33,802 - INFO - Fetching data for 1982 season...
2025-08-24 00:08:35,522 - INFO - Fetching data for 1983 season...
2025-08-24 00:08:36,371 - ERROR - Attempt 1/5 failed for https://api.jolpi.ca/ergast/f1/1983/drivers.json: 429 Client Error: Too Many Requests for url: https://api.jolpi.ca/ergast/f1/1983/drivers.json?limit=100&offset=0
2025-08-24 00:08:43,093 - INFO - Fetching data for 1984 season...
2025-08-24 00:08:44,813 - ERROR - Attempt 1/5 failed for https://api.jolpi.ca/ergast/f1/1984/constructors.json: 429 Client Error: Too Many Requests for url: https://api.jolpi.ca/ergast/f1/1984/constructors.json?limit=100&offset=0
2025-08-24 00:08:50,684 - INFO - Fetching data for 1985 season...
2025-08-24 00:08:52,399 - ERROR - Attempt 1/5 failed for https://api.jolpi.ca/ergast/f1/1985/constructors.json: 429 Client Error: Too Many Requests for url: https://api.jolpi.ca/ergast/f1/1985/constructors.json?limit=100&offset=0
2025-08-24 00:08:58,250 - INFO - Fetching data for 1986 season...
2025-08-24 00:08:59,959 - INFO - Fetching data for 1987 season...
2025-08-24 00:09:00,807 - ERROR - Attempt 1/5 failed for https://api.jolpi.ca/ergast/f1/1987/drivers.json: 429 Client Error: Too Many Requests for url: https://api.jolpi.ca/ergast/f1/1987/drivers.json?limit=100&offset=0
2025-08-24 00:09:07,492 - INFO - Fetching data for 1988 season...
2025-08-24 00:09:09,196 - ERROR - Attempt 1/5 failed for https://api.jolpi.ca/ergast/f1/1988/constructors.json: 429 Client Error: Too Many Requests for url: https://api.jolpi.ca/ergast/f1/1988/constructors.json?limit=100&offset=0
2025-08-24 00:09:15,052 - INFO - Fetching data for 1989 season...
2025-08-24 00:09:16,738 - INFO - Fetching data for 1990 season...
2025-08-24 00:09:17,575 - ERROR - Attempt 1/5 failed for https://api.jolpi.ca/ergast/f1/1990/drivers.json: 429 Client Error: Too Many Requests for url: https://api.jolpi.ca/ergast/f1/1990/drivers.json?limit=100&offset=0
2025-08-24 00:09:24,281 - INFO - Fetching data for 1991 season...
2025-08-24 00:09:25,111 - ERROR - Attempt 1/5 failed for https://api.jolpi.ca/ergast/f1/1991/drivers.json: 429 Client Error: Too Many Requests for url: https://api.jolpi.ca/ergast/f1/1991/drivers.json?limit=100&offset=0
2025-08-24 00:09:31,805 - INFO - Fetching data for 1992 season...
2025-08-24 00:09:33,489 - ERROR - Attempt 1/5 failed for https://api.jolpi.ca/ergast/f1/1992/constructors.json: 429 Client Error: Too Many Requests for url: https://api.jolpi.ca/ergast/f1/1992/constructors.json?limit=100&offset=0
2025-08-24 00:09:39,343 - INFO - Fetching data for 1993 season...
2025-08-24 00:09:41,083 - INFO - Fetching data for 1994 season...
2025-08-24 00:09:41,929 - ERROR - Attempt 1/5 failed for https://api.jolpi.ca/ergast/f1/1994/drivers.json: 429 Client Error: Too Many Requests for url: https://api.jolpi.ca/ergast/f1/1994/drivers.json?limit=100&offset=0
2025-08-24 00:09:48,709 - INFO - Fetching data for 1995 season...
2025-08-24 00:09:49,589 - ERROR - Attempt 1/5 failed for https://api.jolpi.ca/ergast/f1/1995/drivers.json: 429 Client Error: Too Many Requests for url: https://api.jolpi.ca/ergast/f1/1995/drivers.json?limit=100&offset=0
2025-08-24 00:09:56,344 - INFO - Fetching data for 1996 season...
2025-08-24 00:09:58,167 - ERROR - Attempt 1/5 failed for https://api.jolpi.ca/ergast/f1/1996/constructors.json: 429 Client Error: Too Many Requests for url: https://api.jolpi.ca/ergast/f1/1996/constructors.json?limit=100&offset=0
2025-08-24 00:10:04,016 - INFO - Fetching data for 1997 season...
2025-08-24 00:10:05,716 - INFO - Fetching data for 1998 season...
2025-08-24 00:10:06,553 - ERROR - Attempt 1/5 failed for https://api.jolpi.ca/ergast/f1/1998/drivers.json: 429 Client Error: Too Many Requests for url: https://api.jolpi.ca/ergast/f1/1998/drivers.json?limit=100&offset=0
2025-08-24 00:10:13,226 - INFO - Fetching data for 1999 season...
2025-08-24 00:10:14,892 - ERROR - Attempt 1/5 failed for https://api.jolpi.ca/ergast/f1/1999/constructors.json: 429 Client Error: Too Many Requests for url: https://api.jolpi.ca/ergast/f1/1999/constructors.json?limit=100&offset=0
2025-08-24 00:10:20,742 - INFO - Fetching data for 2000 season...
2025-08-24 00:10:22,396 - ERROR - Attempt 1/5 failed for https://api.jolpi.ca/ergast/f1/2000/constructors.json: 429 Client Error: Too Many Requests for url: https://api.jolpi.ca/ergast/f1/2000/constructors.json?limit=100&offset=0
2025-08-24 00:10:28,216 - INFO - Fetching data for 2001 season...
2025-08-24 00:10:29,924 - INFO - Fetching data for 2002 season...
2025-08-24 00:10:30,769 - ERROR - Attempt 1/5 failed for https://api.jolpi.ca/ergast/f1/2002/drivers.json: 429 Client Error: Too Many Requests for url: https://api.jolpi.ca/ergast/f1/2002/drivers.json?limit=100&offset=0
2025-08-24 00:10:37,440 - INFO - Fetching data for 2003 season...
2025-08-24 00:10:39,083 - ERROR - Attempt 1/5 failed for https://api.jolpi.ca/ergast/f1/2003/constructors.json: 429 Client Error: Too Many Requests for url: https://api.jolpi.ca/ergast/f1/2003/constructors.json?limit=100&offset=0
2025-08-24 00:10:44,928 - INFO - Fetching data for 2004 season...
2025-08-24 00:10:46,657 - ERROR - Attempt 1/5 failed for https://api.jolpi.ca/ergast/f1/2004/constructors.json: 429 Client Error: Too Many Requests for url: https://api.jolpi.ca/ergast/f1/2004/constructors.json?limit=100&offset=0
2025-08-24 00:10:52,493 - INFO - Fetching data for 2005 season...
2025-08-24 00:10:54,163 - INFO - Fetching data for 2006 season...
2025-08-24 00:10:54,979 - ERROR - Attempt 1/5 failed for https://api.jolpi.ca/ergast/f1/2006/drivers.json: 429 Client Error: Too Many Requests for url: https://api.jolpi.ca/ergast/f1/2006/drivers.json?limit=100&offset=0
2025-08-24 00:11:01,681 - INFO - Fetching data for 2007 season...
2025-08-24 00:11:03,336 - ERROR - Attempt 1/5 failed for https://api.jolpi.ca/ergast/f1/2007/constructors.json: 429 Client Error: Too Many Requests for url: https://api.jolpi.ca/ergast/f1/2007/constructors.json?limit=100&offset=0
2025-08-24 00:11:09,164 - INFO - Fetching data for 2008 season...
2025-08-24 00:11:10,830 - INFO - Fetching data for 2009 season...
2025-08-24 00:11:11,651 - ERROR - Attempt 1/5 failed for https://api.jolpi.ca/ergast/f1/2009/drivers.json: 429 Client Error: Too Many Requests for url: https://api.jolpi.ca/ergast/f1/2009/drivers.json?limit=100&offset=0
2025-08-24 00:11:18,343 - INFO - Fetching data for 2010 season...
2025-08-24 00:11:19,181 - ERROR - Attempt 1/5 failed for https://api.jolpi.ca/ergast/f1/2010/drivers.json: 429 Client Error: Too Many Requests for url: https://api.jolpi.ca/ergast/f1/2010/drivers.json?limit=100&offset=0
2025-08-24 00:11:25,876 - INFO - Fetching data for 2011 season...
2025-08-24 00:11:27,597 - ERROR - Attempt 1/5 failed for https://api.jolpi.ca/ergast/f1/2011/constructors.json: 429 Client Error: Too Many Requests for url: https://api.jolpi.ca/ergast/f1/2011/constructors.json?limit=100&offset=0
2025-08-24 00:11:33,463 - INFO - Fetching data for 2012 season...
2025-08-24 00:11:35,129 - INFO - Fetching data for 2013 season...
2025-08-24 00:11:35,959 - ERROR - Attempt 1/5 failed for https://api.jolpi.ca/ergast/f1/2013/drivers.json: 429 Client Error: Too Many Requests for url: https://api.jolpi.ca/ergast/f1/2013/drivers.json?limit=100&offset=0
2025-08-24 00:11:42,617 - INFO - Fetching data for 2014 season...
2025-08-24 00:11:43,436 - ERROR - Attempt 1/5 failed for https://api.jolpi.ca/ergast/f1/2014/drivers.json: 429 Client Error: Too Many Requests for url: https://api.jolpi.ca/ergast/f1/2014/drivers.json?limit=100&offset=0
2025-08-24 00:11:50,123 - INFO - Fetching data for 2015 season...
2025-08-24 00:11:51,789 - ERROR - Attempt 1/5 failed for https://api.jolpi.ca/ergast/f1/2015/constructors.json: 429 Client Error: Too Many Requests for url: https://api.jolpi.ca/ergast/f1/2015/constructors.json?limit=100&offset=0
2025-08-24 00:11:57,634 - INFO - Fetching data for 2016 season...
2025-08-24 00:11:59,293 - INFO - Fetching data for 2017 season...
2025-08-24 00:12:00,137 - ERROR - Attempt 1/5 failed for https://api.jolpi.ca/ergast/f1/2017/drivers.json: 429 Client Error: Too Many Requests for url: https://api.jolpi.ca/ergast/f1/2017/drivers.json?limit=100&offset=0
2025-08-24 00:12:06,820 - INFO - Fetching data for 2018 season...
2025-08-24 00:12:07,664 - ERROR - Attempt 1/5 failed for https://api.jolpi.ca/ergast/f1/2018/drivers.json: 429 Client Error: Too Many Requests for url: https://api.jolpi.ca/ergast/f1/2018/drivers.json?limit=100&offset=0
2025-08-24 00:12:14,353 - INFO - Fetching data for 2019 season...
2025-08-24 00:12:16,030 - ERROR - Attempt 1/5 failed for https://api.jolpi.ca/ergast/f1/2019/constructors.json: 429 Client Error: Too Many Requests for url: https://api.jolpi.ca/ergast/f1/2019/constructors.json?limit=100&offset=0
2025-08-24 00:12:21,865 - INFO - Fetching data for 2020 season...
2025-08-24 00:12:23,587 - INFO - Fetching data for 2021 season...
2025-08-24 00:12:24,415 - ERROR - Attempt 1/5 failed for https://api.jolpi.ca/ergast/f1/2021/drivers.json: 429 Client Error: Too Many Requests for url: https://api.jolpi.ca/ergast/f1/2021/drivers.json?limit=100&offset=0
2025-08-24 00:12:31,080 - INFO - Fetching data for 2022 season...
2025-08-24 00:12:32,750 - ERROR - Attempt 1/5 failed for https://api.jolpi.ca/ergast/f1/2022/constructors.json: 429 Client Error: Too Many Requests for url: https://api.jolpi.ca/ergast/f1/2022/constructors.json?limit=100&offset=0
2025-08-24 00:12:38,633 - INFO - Fetching data for 2023 season...
2025-08-24 00:12:40,295 - ERROR - Attempt 1/5 failed for https://api.jolpi.ca/ergast/f1/2023/constructors.json: 429 Client Error: Too Many Requests for url: https://api.jolpi.ca/ergast/f1/2023/constructors.json?limit=100&offset=0
2025-08-24 00:12:46,116 - INFO - Fetching data for 2024 season...
2025-08-24 00:12:47,809 - INFO - Fetching data for 2025 season...
2025-08-24 00:12:48,646 - ERROR - Attempt 1/5 failed for https://api.jolpi.ca/ergast/f1/2025/drivers.json: 429 Client Error: Too Many Requests for url: https://api.jolpi.ca/ergast/f1/2025/drivers.json?limit=100&offset=0
2025-08-24 00:12:55,415 - INFO - Ingested 864 new drivers.
2025-08-24 00:12:55,416 - INFO - Ingested 211 new constructors.
2025-08-24 00:12:55,417 - INFO - Building foreign key maps...
2025-08-24 00:12:55,431 - INFO - Ingesting races...
2025-08-24 00:12:56,282 - INFO - Ingested 7 new races for 1950 season.
2025-08-24 00:12:57,121 - ERROR - Attempt 1/5 failed for https://api.jolpi.ca/ergast/f1/1951/races.json: 429 Client Error: Too Many Requests for url: https://api.jolpi.ca/ergast/f1/1951/races.json?limit=100&offset=0
2025-08-24 00:13:02,983 - INFO - Ingested 8 new races for 1951 season.
2025-08-24 00:13:03,833 - INFO - Ingested 8 new races for 1952 season.
2025-08-24 00:13:04,740 - ERROR - Attempt 1/5 failed for https://api.jolpi.ca/ergast/f1/1953/races.json: 429 Client Error: Too Many Requests for url: https://api.jolpi.ca/ergast/f1/1953/races.json?limit=100&offset=0
2025-08-24 00:13:10,596 - INFO - Ingested 9 new races for 1953 season.
2025-08-24 00:13:11,455 - INFO - Ingested 9 new races for 1954 season.
2025-08-24 00:13:12,305 - INFO - Ingested 7 new races for 1955 season.
2025-08-24 00:13:13,137 - ERROR - Attempt 1/5 failed for https://api.jolpi.ca/ergast/f1/1956/races.json: 429 Client Error: Too Many Requests for url: https://api.jolpi.ca/ergast/f1/1956/races.json?limit=100&offset=0
2025-08-24 00:13:18,990 - INFO - Ingested 8 new races for 1956 season.
2025-08-24 00:13:19,836 - INFO - Ingested 8 new races for 1957 season.
2025-08-24 00:13:20,689 - INFO - Ingested 11 new races for 1958 season.
2025-08-24 00:13:21,517 - ERROR - Attempt 1/5 failed for https://api.jolpi.ca/ergast/f1/1959/races.json: 429 Client Error: Too Many Requests for url: https://api.jolpi.ca/ergast/f1/1959/races.json?limit=100&offset=0
2025-08-24 00:13:27,352 - INFO - Ingested 9 new races for 1959 season.
2025-08-24 00:13:28,193 - INFO - Ingested 10 new races for 1960 season.
2025-08-24 00:13:29,015 - INFO - Ingested 8 new races for 1961 season.
2025-08-24 00:13:29,852 - ERROR - Attempt 1/5 failed for https://api.jolpi.ca/ergast/f1/1962/races.json: 429 Client Error: Too Many Requests for url: https://api.jolpi.ca/ergast/f1/1962/races.json?limit=100&offset=0
2025-08-24 00:13:35,720 - INFO - Ingested 9 new races for 1962 season.
2025-08-24 00:13:36,548 - INFO - Ingested 10 new races for 1963 season.
2025-08-24 00:13:37,386 - ERROR - Attempt 1/5 failed for https://api.jolpi.ca/ergast/f1/1964/races.json: 429 Client Error: Too Many Requests for url: https://api.jolpi.ca/ergast/f1/1964/races.json?limit=100&offset=0
2025-08-24 00:13:43,238 - INFO - Ingested 10 new races for 1964 season.
2025-08-24 00:13:44,063 - INFO - Ingested 10 new races for 1965 season.
2025-08-24 00:13:44,891 - INFO - Ingested 9 new races for 1966 season.
2025-08-24 00:13:45,737 - ERROR - Attempt 1/5 failed for https://api.jolpi.ca/ergast/f1/1967/races.json: 429 Client Error: Too Many Requests for url: https://api.jolpi.ca/ergast/f1/1967/races.json?limit=100&offset=0
2025-08-24 00:13:51,586 - INFO - Ingested 11 new races for 1967 season.
2025-08-24 00:13:52,438 - INFO - Ingested 12 new races for 1968 season.
2025-08-24 00:13:53,287 - INFO - Ingested 11 new races for 1969 season.
2025-08-24 00:13:54,141 - ERROR - Attempt 1/5 failed for https://api.jolpi.ca/ergast/f1/1970/races.json: 429 Client Error: Too Many Requests for url: https://api.jolpi.ca/ergast/f1/1970/races.json?limit=100&offset=0
2025-08-24 00:13:59,982 - INFO - Ingested 13 new races for 1970 season.
2025-08-24 00:14:00,837 - INFO - Ingested 11 new races for 1971 season.
2025-08-24 00:14:01,675 - ERROR - Attempt 1/5 failed for https://api.jolpi.ca/ergast/f1/1972/races.json: 429 Client Error: Too Many Requests for url: https://api.jolpi.ca/ergast/f1/1972/races.json?limit=100&offset=0
2025-08-24 00:14:07,512 - INFO - Ingested 12 new races for 1972 season.
2025-08-24 00:14:08,347 - INFO - Ingested 15 new races for 1973 season.
2025-08-24 00:14:09,180 - INFO - Ingested 15 new races for 1974 season.
2025-08-24 00:14:10,019 - ERROR - Attempt 1/5 failed for https://api.jolpi.ca/ergast/f1/1975/races.json: 429 Client Error: Too Many Requests for url: https://api.jolpi.ca/ergast/f1/1975/races.json?limit=100&offset=0
2025-08-24 00:14:15,863 - INFO - Ingested 14 new races for 1975 season.
2025-08-24 00:14:16,709 - INFO - Ingested 16 new races for 1976 season.
2025-08-24 00:14:17,547 - INFO - Ingested 17 new races for 1977 season.
2025-08-24 00:14:18,364 - ERROR - Attempt 1/5 failed for https://api.jolpi.ca/ergast/f1/1978/races.json: 429 Client Error: Too Many Requests for url: https://api.jolpi.ca/ergast/f1/1978/races.json?limit=100&offset=0
2025-08-24 00:14:24,211 - INFO - Ingested 16 new races for 1978 season.
2025-08-24 00:14:25,034 - INFO - Ingested 15 new races for 1979 season.
2025-08-24 00:14:25,855 - ERROR - Attempt 1/5 failed for https://api.jolpi.ca/ergast/f1/1980/races.json: 429 Client Error: Too Many Requests for url: https://api.jolpi.ca/ergast/f1/1980/races.json?limit=100&offset=0
2025-08-24 00:14:31,696 - INFO - Ingested 14 new races for 1980 season.
2025-08-24 00:14:32,539 - INFO - Ingested 15 new races for 1981 season.
2025-08-24 00:14:33,391 - INFO - Ingested 16 new races for 1982 season.
2025-08-24 00:14:34,229 - ERROR - Attempt 1/5 failed for https://api.jolpi.ca/ergast/f1/1983/races.json: 429 Client Error: Too Many Requests for url: https://api.jolpi.ca/ergast/f1/1983/races.json?limit=100&offset=0
2025-08-24 00:14:40,088 - INFO - Ingested 15 new races for 1983 season.
2025-08-24 00:14:40,927 - INFO - Ingested 16 new races for 1984 season.
2025-08-24 00:14:41,749 - INFO - Ingested 16 new races for 1985 season.
2025-08-24 00:14:42,574 - ERROR - Attempt 1/5 failed for https://api.jolpi.ca/ergast/f1/1986/races.json: 429 Client Error: Too Many Requests for url: https://api.jolpi.ca/ergast/f1/1986/races.json?limit=100&offset=0
2025-08-24 00:14:48,418 - INFO - Ingested 16 new races for 1986 season.
2025-08-24 00:14:49,258 - INFO - Ingested 16 new races for 1987 season.
2025-08-24 00:14:50,101 - INFO - Ingested 16 new races for 1988 season.
2025-08-24 00:14:50,937 - ERROR - Attempt 1/5 failed for https://api.jolpi.ca/ergast/f1/1989/races.json: 429 Client Error: Too Many Requests for url: https://api.jolpi.ca/ergast/f1/1989/races.json?limit=100&offset=0
2025-08-24 00:14:56,792 - INFO - Ingested 16 new races for 1989 season.
2025-08-24 00:14:57,623 - INFO - Ingested 16 new races for 1990 season.
2025-08-24 00:14:58,454 - ERROR - Attempt 1/5 failed for https://api.jolpi.ca/ergast/f1/1991/races.json: 429 Client Error: Too Many Requests for url: https://api.jolpi.ca/ergast/f1/1991/races.json?limit=100&offset=0
2025-08-24 00:15:04,320 - INFO - Ingested 16 new races for 1991 season.
2025-08-24 00:15:05,170 - INFO - Ingested 16 new races for 1992 season.
2025-08-24 00:15:06,000 - INFO - Ingested 16 new races for 1993 season.
2025-08-24 00:15:06,818 - ERROR - Attempt 1/5 failed for https://api.jolpi.ca/ergast/f1/1994/races.json: 429 Client Error: Too Many Requests for url: https://api.jolpi.ca/ergast/f1/1994/races.json?limit=100&offset=0
2025-08-24 00:15:12,659 - INFO - Ingested 16 new races for 1994 season.
2025-08-24 00:15:13,503 - INFO - Ingested 17 new races for 1995 season.
2025-08-24 00:15:14,325 - INFO - Ingested 16 new races for 1996 season.
2025-08-24 00:15:15,151 - ERROR - Attempt 1/5 failed for https://api.jolpi.ca/ergast/f1/1997/races.json: 429 Client Error: Too Many Requests for url: https://api.jolpi.ca/ergast/f1/1997/races.json?limit=100&offset=0
2025-08-24 00:15:21,009 - INFO - Ingested 17 new races for 1997 season.
2025-08-24 00:15:21,846 - INFO - Ingested 16 new races for 1998 season.
2025-08-24 00:15:22,672 - ERROR - Attempt 1/5 failed for https://api.jolpi.ca/ergast/f1/1999/races.json: 429 Client Error: Too Many Requests for url: https://api.jolpi.ca/ergast/f1/1999/races.json?limit=100&offset=0
2025-08-24 00:15:28,497 - INFO - Ingested 16 new races for 1999 season.
2025-08-24 00:15:29,338 - INFO - Ingested 17 new races for 2000 season.
2025-08-24 00:15:30,178 - INFO - Ingested 17 new races for 2001 season.
2025-08-24 00:15:30,996 - ERROR - Attempt 1/5 failed for https://api.jolpi.ca/ergast/f1/2002/races.json: 429 Client Error: Too Many Requests for url: https://api.jolpi.ca/ergast/f1/2002/races.json?limit=100&offset=0
2025-08-24 00:15:36,840 - INFO - Ingested 17 new races for 2002 season.
2025-08-24 00:15:37,685 - INFO - Ingested 16 new races for 2003 season.
2025-08-24 00:15:38,505 - INFO - Ingested 18 new races for 2004 season.
2025-08-24 00:15:39,329 - ERROR - Attempt 1/5 failed for https://api.jolpi.ca/ergast/f1/2005/races.json: 429 Client Error: Too Many Requests for url: https://api.jolpi.ca/ergast/f1/2005/races.json?limit=100&offset=0
2025-08-24 00:15:45,222 - INFO - Ingested 19 new races for 2005 season.
2025-08-24 00:15:46,165 - INFO - Ingested 18 new races for 2006 season.
2025-08-24 00:15:47,002 - ERROR - Attempt 1/5 failed for https://api.jolpi.ca/ergast/f1/2007/races.json: 429 Client Error: Too Many Requests for url: https://api.jolpi.ca/ergast/f1/2007/races.json?limit=100&offset=0
2025-08-24 00:15:52,907 - INFO - Ingested 17 new races for 2007 season.
2025-08-24 00:15:53,741 - INFO - Ingested 18 new races for 2008 season.
2025-08-24 00:15:54,576 - INFO - Ingested 17 new races for 2009 season.
2025-08-24 00:15:55,397 - ERROR - Attempt 1/5 failed for https://api.jolpi.ca/ergast/f1/2010/races.json: 429 Client Error: Too Many Requests for url: https://api.jolpi.ca/ergast/f1/2010/races.json?limit=100&offset=0
2025-08-24 00:16:01,245 - INFO - Ingested 19 new races for 2010 season.
2025-08-24 00:16:02,087 - INFO - Ingested 19 new races for 2011 season.
2025-08-24 00:16:02,942 - INFO - Ingested 20 new races for 2012 season.
2025-08-24 00:16:03,778 - ERROR - Attempt 1/5 failed for https://api.jolpi.ca/ergast/f1/2013/races.json: 429 Client Error: Too Many Requests for url: https://api.jolpi.ca/ergast/f1/2013/races.json?limit=100&offset=0
2025-08-24 00:16:09,621 - INFO - Ingested 19 new races for 2013 season.
2025-08-24 00:16:10,470 - INFO - Ingested 19 new races for 2014 season.
2025-08-24 00:16:11,298 - INFO - Ingested 19 new races for 2015 season.
2025-08-24 00:16:12,133 - ERROR - Attempt 1/5 failed for https://api.jolpi.ca/ergast/f1/2016/races.json: 429 Client Error: Too Many Requests for url: https://api.jolpi.ca/ergast/f1/2016/races.json?limit=100&offset=0
2025-08-24 00:16:18,025 - INFO - Ingested 21 new races for 2016 season.
2025-08-24 00:16:18,866 - INFO - Ingested 20 new races for 2017 season.
2025-08-24 00:16:19,705 - ERROR - Attempt 1/5 failed for https://api.jolpi.ca/ergast/f1/2018/races.json: 429 Client Error: Too Many Requests for url: https://api.jolpi.ca/ergast/f1/2018/races.json?limit=100&offset=0
2025-08-24 00:16:25,569 - INFO - Ingested 21 new races for 2018 season.
2025-08-24 00:16:26,412 - INFO - Ingested 21 new races for 2019 season.
2025-08-24 00:16:27,260 - INFO - Ingested 17 new races for 2020 season.
2025-08-24 00:16:28,111 - ERROR - Attempt 1/5 failed for https://api.jolpi.ca/ergast/f1/2021/races.json: 429 Client Error: Too Many Requests for url: https://api.jolpi.ca/ergast/f1/2021/races.json?limit=100&offset=0
2025-08-24 00:16:33,936 - INFO - Ingested 22 new races for 2021 season.
2025-08-24 00:16:34,770 - INFO - Ingested 22 new races for 2022 season.
2025-08-24 00:16:35,613 - INFO - Ingested 22 new races for 2023 season.
2025-08-24 00:16:36,446 - ERROR - Attempt 1/5 failed for https://api.jolpi.ca/ergast/f1/2024/races.json: 429 Client Error: Too Many Requests for url: https://api.jolpi.ca/ergast/f1/2024/races.json?limit=100&offset=0
2025-08-24 00:16:42,368 - INFO - Ingested 24 new races for 2024 season.
2025-08-24 00:16:43,227 - INFO - Ingested 24 new races for 2025 season.
2025-08-24 00:16:43,228 - INFO - Ingesting race-related data (results, qualifying, etc.)...
2025-08-24 00:16:43,242 - INFO - Fetching data for Race: 1950 Round 1 (British Grand Prix)
2025-08-24 00:16:44,090 - ERROR - Attempt 1/5 failed for https://api.jolpi.ca/ergast/f1/1950/1/results.json: 429 Client Error: Too Many Requests for url: https://api.jolpi.ca/ergast/f1/1950/1/results.json?limit=100&offset=0
2025-08-24 00:16:52,990 - ERROR - Attempt 1/5 failed for https://api.jolpi.ca/ergast/f1/1950/1/laps.json: 429 Client Error: Too Many Requests for url: https://api.jolpi.ca/ergast/f1/1950/1/laps.json?limit=100&offset=0
2025-08-24 00:16:59,078 - INFO - Fetching data for Race: 1950 Round 2 (Monaco Grand Prix)
2025-08-24 00:17:03,293 - ERROR - Attempt 1/5 failed for https://api.jolpi.ca/ergast/f1/1950/2/laps.json: 429 Client Error: Too Many Requests for url: https://api.jolpi.ca/ergast/f1/1950/2/laps.json?limit=100&offset=0
2025-08-24 00:17:09,172 - INFO - Fetching data for Race: 1950 Round 3 (Indianapolis 500)
2025-08-24 00:17:11,178 - ERROR - Attempt 1/5 failed for https://api.jolpi.ca/ergast/f1/1950/3/sprint.json: 429 Client Error: Too Many Requests for url: https://api.jolpi.ca/ergast/f1/1950/3/sprint.json?limit=100&offset=0
2025-08-24 00:17:19,226 - INFO - Fetching data for Race: 1950 Round 4 (Swiss Grand Prix)
2025-08-24 00:17:20,078 - ERROR - Attempt 1/5 failed for https://api.jolpi.ca/ergast/f1/1950/4/results.json: 429 Client Error: Too Many Requests for url: https://api.jolpi.ca/ergast/f1/1950/4/results.json?limit=100&offset=0
2025-08-24 00:17:28,795 - ERROR - Attempt 1/5 failed for https://api.jolpi.ca/ergast/f1/1950/4/laps.json: 429 Client Error: Too Many Requests for url: https://api.jolpi.ca/ergast/f1/1950/4/laps.json?limit=100&offset=0
2025-08-24 00:17:34,865 - INFO - Fetching data for Race: 1950 Round 5 (Belgian Grand Prix)
2025-08-24 00:17:38,145 - ERROR - Attempt 1/5 failed for https://api.jolpi.ca/ergast/f1/1950/5/qualifying.json: 429 Client Error: Too Many Requests for url: https://api.jolpi.ca/ergast/f1/1950/5/qualifying.json?limit=100&offset=0
2025-08-24 00:17:45,117 - INFO - Fetching data for Race: 1950 Round 6 (French Grand Prix)
2025-08-24 00:17:46,987 - ERROR - Attempt 1/5 failed for https://api.jolpi.ca/ergast/f1/1950/6/sprint.json: 429 Client Error: Too Many Requests for url: https://api.jolpi.ca/ergast/f1/1950/6/sprint.json?limit=100&offset=0
2025-08-24 00:17:54,594 - INFO - Fetching data for Race: 1950 Round 7 (Italian Grand Prix)
2025-08-24 00:17:55,443 - ERROR - Attempt 1/5 failed for https://api.jolpi.ca/ergast/f1/1950/7/results.json: 429 Client Error: Too Many Requests for url: https://api.jolpi.ca/ergast/f1/1950/7/results.json?limit=100&offset=0
2025-08-24 00:18:04,528 - ERROR - Attempt 1/5 failed for https://api.jolpi.ca/ergast/f1/1950/7/laps.json: 429 Client Error: Too Many Requests for url: https://api.jolpi.ca/ergast/f1/1950/7/laps.json?limit=100&offset=0
2025-08-24 00:18:10,609 - INFO - Fetching data for Race: 1951 Round 1 (Swiss Grand Prix)
2025-08-24 00:18:13,254 - ERROR - Attempt 1/5 failed for https://api.jolpi.ca/ergast/f1/1951/1/qualifying.json: 429 Client Error: Too Many Requests for url: https://api.jolpi.ca/ergast/f1/1951/1/qualifying.json?limit=100&offset=0
2025-08-24 00:18:20,154 - INFO - Fetching data for Race: 1951 Round 2 (Indianapolis 500)
2025-08-24 00:18:21,956 - ERROR - Attempt 1/5 failed for https://api.jolpi.ca/ergast/f1/1951/2/sprint.json: 429 Client Error: Too Many Requests for url: https://api.jolpi.ca/ergast/f1/1951/2/sprint.json?limit=100&offset=0
2025-08-24 00:18:29,550 - INFO - Fetching data for Race: 1951 Round 3 (Belgian Grand Prix)
2025-08-24 00:18:30,406 - ERROR - Attempt 1/5 failed for https://api.jolpi.ca/ergast/f1/1951/3/results.json: 429 Client Error: Too Many Requests for url: https://api.jolpi.ca/ergast/f1/1951/3/results.json?limit=100&offset=0
2025-08-24 00:18:38,197 - ERROR - Attempt 1/5 failed for https://api.jolpi.ca/ergast/f1/1951/3/qualifying.json: 429 Client Error: Too Many Requests for url: https://api.jolpi.ca/ergast/f1/1951/3/qualifying.json?limit=100&offset=0
2025-08-24 00:18:44,949 - INFO - Fetching data for Race: 1951 Round 4 (French Grand Prix)
2025-08-24 00:18:47,049 - ERROR - Attempt 1/5 failed for https://api.jolpi.ca/ergast/f1/1951/4/sprint.json: 429 Client Error: Too Many Requests for url: https://api.jolpi.ca/ergast/f1/1951/4/sprint.json?limit=100&offset=0
2025-08-24 00:18:54,966 - INFO - Fetching data for Race: 1951 Round 5 (British Grand Prix)
2025-08-24 00:18:55,825 - ERROR - Attempt 1/5 failed for https://api.jolpi.ca/ergast/f1/1951/5/results.json: 429 Client Error: Too Many Requests for url: https://api.jolpi.ca/ergast/f1/1951/5/results.json?limit=100&offset=0
2025-08-24 00:19:04,395 - ERROR - Attempt 1/5 failed for https://api.jolpi.ca/ergast/f1/1951/5/laps.json: 429 Client Error: Too Many Requests for url: https://api.jolpi.ca/ergast/f1/1951/5/laps.json?limit=100&offset=0
2025-08-24 00:19:10,260 - INFO - Fetching data for Race: 1951 Round 6 (German Grand Prix)
2025-08-24 00:19:13,322 - ERROR - Attempt 1/5 failed for https://api.jolpi.ca/ergast/f1/1951/6/qualifying.json: 429 Client Error: Too Many Requests for url: https://api.jolpi.ca/ergast/f1/1951/6/qualifying.json?limit=100&offset=0
2025-08-24 00:19:20,522 - INFO - Fetching data for Race: 1951 Round 7 (Italian Grand Prix)
2025-08-24 00:19:22,511 - ERROR - Attempt 1/5 failed for https://api.jolpi.ca/ergast/f1/1951/7/sprint.json: 429 Client Error: Too Many Requests for url: https://api.jolpi.ca/ergast/f1/1951/7/sprint.json?limit=100&offset=0
2025-08-24 00:19:30,435 - INFO - Fetching data for Race: 1951 Round 8 (Spanish Grand Prix)
2025-08-24 00:19:31,311 - ERROR - Attempt 1/5 failed for https://api.jolpi.ca/ergast/f1/1951/8/results.json: 429 Client Error: Too Many Requests for url: https://api.jolpi.ca/ergast/f1/1951/8/results.json?limit=100&offset=0
2025-08-24 00:19:40,529 - ERROR - Attempt 1/5 failed for https://api.jolpi.ca/ergast/f1/1951/8/laps.json: 429 Client Error: Too Many Requests for url: https://api.jolpi.ca/ergast/f1/1951/8/laps.json?limit=100&offset=0
2025-08-24 00:19:46,648 - INFO - Fetching data for Race: 1952 Round 1 (Swiss Grand Prix)
2025-08-24 00:19:49,726 - ERROR - Attempt 1/5 failed for https://api.jolpi.ca/ergast/f1/1952/1/qualifying.json: 429 Client Error: Too Many Requests for url: https://api.jolpi.ca/ergast/f1/1952/1/qualifying.json?limit=100&offset=0
2025-08-24 00:19:56,509 - INFO - Fetching data for Race: 1952 Round 2 (Indianapolis 500)
2025-08-24 00:19:58,349 - ERROR - Attempt 1/5 failed for https://api.jolpi.ca/ergast/f1/1952/2/sprint.json: 429 Client Error: Too Many Requests for url: https://api.jolpi.ca/ergast/f1/1952/2/sprint.json?limit=100&offset=0
2025-08-24 00:20:05,934 - INFO - Fetching data for Race: 1952 Round 3 (Belgian Grand Prix)
2025-08-24 00:20:06,787 - ERROR - Attempt 1/5 failed for https://api.jolpi.ca/ergast/f1/1952/3/results.json: 429 Client Error: Too Many Requests for url: https://api.jolpi.ca/ergast/f1/1952/3/results.json?limit=100&offset=0
2025-08-24 00:20:15,479 - ERROR - Attempt 1/5 failed for https://api.jolpi.ca/ergast/f1/1952/3/laps.json: 429 Client Error: Too Many Requests for url: https://api.jolpi.ca/ergast/f1/1952/3/laps.json?limit=100&offset=0
2025-08-24 00:20:21,596 - INFO - Fetching data for Race: 1952 Round 4 (French Grand Prix)
2025-08-24 00:20:24,579 - ERROR - Attempt 1/5 failed for https://api.jolpi.ca/ergast/f1/1952/4/qualifying.json: 429 Client Error: Too Many Requests for url: https://api.jolpi.ca/ergast/f1/1952/4/qualifying.json?limit=100&offset=0
2025-08-24 00:20:31,596 - INFO - Fetching data for Race: 1952 Round 5 (British Grand Prix)
2025-08-24 00:20:32,479 - ERROR - Attempt 1/5 failed for https://api.jolpi.ca/ergast/f1/1952/5/results.json: 429 Client Error: Too Many Requests for url: https://api.jolpi.ca/ergast/f1/1952/5/results.json?limit=100&offset=0
2025-08-24 00:20:41,333 - ERROR - Attempt 1/5 failed for https://api.jolpi.ca/ergast/f1/1952/5/laps.json: 429 Client Error: Too Many Requests for url: https://api.jolpi.ca/ergast/f1/1952/5/laps.json?limit=100&offset=0
2025-08-24 00:20:47,230 - INFO - Fetching data for Race: 1952 Round 6 (German Grand Prix)
2025-08-24 00:20:49,999 - ERROR - Attempt 1/5 failed for https://api.jolpi.ca/ergast/f1/1952/6/qualifying.json: 429 Client Error: Too Many Requests for url: https://api.jolpi.ca/ergast/f1/1952/6/qualifying.json?limit=100&offset=0
2025-08-24 00:20:57,297 - INFO - Fetching data for Race: 1952 Round 7 (Dutch Grand Prix)
2025-08-24 00:20:59,410 - ERROR - Attempt 1/5 failed for https://api.jolpi.ca/ergast/f1/1952/7/sprint.json: 429 Client Error: Too Many Requests for url: https://api.jolpi.ca/ergast/f1/1952/7/sprint.json?limit=100&offset=0
2025-08-24 00:21:07,375 - INFO - Fetching data for Race: 1952 Round 8 (Italian Grand Prix)
2025-08-24 00:21:08,254 - ERROR - Attempt 1/5 failed for https://api.jolpi.ca/ergast/f1/1952/8/results.json: 429 Client Error: Too Many Requests for url: https://api.jolpi.ca/ergast/f1/1952/8/results.json?limit=100&offset=0
2025-08-24 00:21:17,286 - ERROR - Attempt 1/5 failed for https://api.jolpi.ca/ergast/f1/1952/8/laps.json: 429 Client Error: Too Many Requests for url: https://api.jolpi.ca/ergast/f1/1952/8/laps.json?limit=100&offset=0
2025-08-24 00:21:23,202 - INFO - Fetching data for Race: 1953 Round 1 (Argentine Grand Prix)
2025-08-24 00:21:25,976 - ERROR - Attempt 1/5 failed for https://api.jolpi.ca/ergast/f1/1953/1/qualifying.json: 429 Client Error: Too Many Requests for url: https://api.jolpi.ca/ergast/f1/1953/1/qualifying.json?limit=100&offset=0
2025-08-24 00:21:32,712 - INFO - Fetching data for Race: 1953 Round 2 (Indianapolis 500)
2025-08-24 00:21:34,815 - ERROR - Attempt 1/5 failed for https://api.jolpi.ca/ergast/f1/1953/2/sprint.json: 429 Client Error: Too Many Requests for url: https://api.jolpi.ca/ergast/f1/1953/2/sprint.json?limit=100&offset=0
2025-08-24 00:21:42,689 - INFO - Fetching data for Race: 1953 Round 3 (Dutch Grand Prix)
2025-08-24 00:21:43,545 - ERROR - Attempt 1/5 failed for https://api.jolpi.ca/ergast/f1/1953/3/results.json: 429 Client Error: Too Many Requests for url: https://api.jolpi.ca/ergast/f1/1953/3/results.json?limit=100&offset=0
2025-08-24 00:21:52,334 - ERROR - Attempt 1/5 failed for https://api.jolpi.ca/ergast/f1/1953/3/laps.json: 429 Client Error: Too Many Requests for url: https://api.jolpi.ca/ergast/f1/1953/3/laps.json?limit=100&offset=0
2025-08-24 00:21:58,464 - INFO - Fetching data for Race: 1953 Round 4 (Belgian Grand Prix)
2025-08-24 00:22:01,422 - ERROR - Attempt 1/5 failed for https://api.jolpi.ca/ergast/f1/1953/4/qualifying.json: 429 Client Error: Too Many Requests for url: https://api.jolpi.ca/ergast/f1/1953/4/qualifying.json?limit=100&offset=0
2025-08-24 00:22:08,181 - INFO - Fetching data for Race: 1953 Round 5 (French Grand Prix)
2025-08-24 00:22:10,195 - ERROR - Attempt 1/5 failed for https://api.jolpi.ca/ergast/f1/1953/5/sprint.json: 429 Client Error: Too Many Requests for url: https://api.jolpi.ca/ergast/f1/1953/5/sprint.json?limit=100&offset=0
2025-08-24 00:22:18,133 - INFO - Fetching data for Race: 1953 Round 6 (British Grand Prix)
2025-08-24 00:22:19,046 - ERROR - Attempt 1/5 failed for https://api.jolpi.ca/ergast/f1/1953/6/results.json: 429 Client Error: Too Many Requests for url: https://api.jolpi.ca/ergast/f1/1953/6/results.json?limit=100&offset=0
2025-08-24 00:22:27,958 - ERROR - Attempt 1/5 failed for https://api.jolpi.ca/ergast/f1/1953/6/laps.json: 429 Client Error: Too Many Requests for url: https://api.jolpi.ca/ergast/f1/1953/6/laps.json?limit=100&offset=0
2025-08-24 00:22:33,861 - INFO - Fetching data for Race: 1953 Round 7 (German Grand Prix)
2025-08-24 00:22:35,696 - ERROR - Attempt 1/5 failed for https://api.jolpi.ca/ergast/f1/1953/7/sprint.json: 429 Client Error: Too Many Requests for url: https://api.jolpi.ca/ergast/f1/1953/7/sprint.json?limit=100&offset=0
2025-08-24 00:22:43,850 - INFO - Fetching data for Race: 1953 Round 8 (Swiss Grand Prix)
2025-08-24 00:22:44,701 - ERROR - Attempt 1/5 failed for https://api.jolpi.ca/ergast/f1/1953/8/results.json: 429 Client Error: Too Many Requests for url: https://api.jolpi.ca/ergast/f1/1953/8/results.json?limit=100&offset=0
2025-08-24 00:22:53,269 - ERROR - Attempt 1/5 failed for https://api.jolpi.ca/ergast/f1/1953/8/laps.json: 429 Client Error: Too Many Requests for url: https://api.jolpi.ca/ergast/f1/1953/8/laps.json?limit=100&offset=0
2025-08-24 00:22:59,168 - INFO - Fetching data for Race: 1953 Round 9 (Italian Grand Prix)
2025-08-24 00:23:01,938 - ERROR - Attempt 1/5 failed for https://api.jolpi.ca/ergast/f1/1953/9/qualifying.json: 429 Client Error: Too Many Requests for url: https://api.jolpi.ca/ergast/f1/1953/9/qualifying.json?limit=100&offset=0
2025-08-24 00:23:08,745 - INFO - Fetching data for Race: 1954 Round 1 (Argentine Grand Prix)
2025-08-24 00:23:10,578 - ERROR - Attempt 1/5 failed for https://api.jolpi.ca/ergast/f1/1954/1/sprint.json: 429 Client Error: Too Many Requests for url: https://api.jolpi.ca/ergast/f1/1954/1/sprint.json?limit=100&offset=0
2025-08-24 00:23:18,454 - INFO - Fetching data for Race: 1954 Round 2 (Indianapolis 500)
2025-08-24 00:23:19,360 - ERROR - Attempt 1/5 failed for https://api.jolpi.ca/ergast/f1/1954/2/results.json: 429 Client Error: Too Many Requests for url: https://api.jolpi.ca/ergast/f1/1954/2/results.json?limit=100&offset=0
2025-08-24 00:23:28,189 - ERROR - Attempt 1/5 failed for https://api.jolpi.ca/ergast/f1/1954/2/laps.json: 429 Client Error: Too Many Requests for url: https://api.jolpi.ca/ergast/f1/1954/2/laps.json?limit=100&offset=0
2025-08-24 00:23:34,299 - INFO - Fetching data for Race: 1954 Round 3 (Belgian Grand Prix)
2025-08-24 00:23:37,009 - ERROR - Attempt 1/5 failed for https://api.jolpi.ca/ergast/f1/1954/3/qualifying.json: 429 Client Error: Too Many Requests for url: https://api.jolpi.ca/ergast/f1/1954/3/qualifying.json?limit=100&offset=0
2025-08-24 00:23:44,097 - INFO - Fetching data for Race: 1954 Round 4 (French Grand Prix)
2025-08-24 00:23:46,336 - ERROR - Attempt 1/5 failed for https://api.jolpi.ca/ergast/f1/1954/4/sprint.json: 429 Client Error: Too Many Requests for url: https://api.jolpi.ca/ergast/f1/1954/4/sprint.json?limit=100&offset=0
2025-08-24 00:23:54,349 - INFO - Fetching data for Race: 1954 Round 5 (British Grand Prix)
2025-08-24 00:23:55,225 - ERROR - Attempt 1/5 failed for https://api.jolpi.ca/ergast/f1/1954/5/results.json: 429 Client Error: Too Many Requests for url: https://api.jolpi.ca/ergast/f1/1954/5/results.json?limit=100&offset=0
2025-08-24 00:24:04,838 - ERROR - Attempt 1/5 failed for https://api.jolpi.ca/ergast/f1/1954/5/laps.json: 429 Client Error: Too Many Requests for url: https://api.jolpi.ca/ergast/f1/1954/5/laps.json?limit=100&offset=0
2025-08-24 00:24:10,796 - INFO - Fetching data for Race: 1954 Round 6 (German Grand Prix)
2025-08-24 00:24:13,852 - ERROR - Attempt 1/5 failed for https://api.jolpi.ca/ergast/f1/1954/6/qualifying.json: 429 Client Error: Too Many Requests for url: https://api.jolpi.ca/ergast/f1/1954/6/qualifying.json?limit=100&offset=0
2025-08-24 00:24:20,865 - INFO - Fetching data for Race: 1954 Round 7 (Swiss Grand Prix)
2025-08-24 00:24:22,729 - ERROR - Attempt 1/5 failed for https://api.jolpi.ca/ergast/f1/1954/7/sprint.json: 429 Client Error: Too Many Requests for url: https://api.jolpi.ca/ergast/f1/1954/7/sprint.json?limit=100&offset=0
2025-08-24 00:24:30,808 - INFO - Fetching data for Race: 1954 Round 8 (Italian Grand Prix)
2025-08-24 00:24:31,859 - ERROR - Attempt 1/5 failed for https://api.jolpi.ca/ergast/f1/1954/8/results.json: 429 Client Error: Too Many Requests for url: https://api.jolpi.ca/ergast/f1/1954/8/results.json?limit=100&offset=0
2025-08-24 00:24:40,956 - ERROR - Attempt 1/5 failed for https://api.jolpi.ca/ergast/f1/1954/8/laps.json: 429 Client Error: Too Many Requests for url: https://api.jolpi.ca/ergast/f1/1954/8/laps.json?limit=100&offset=0
2025-08-24 00:24:47,149 - INFO - Fetching data for Race: 1954 Round 9 (Spanish Grand Prix)
2025-08-24 00:24:50,166 - ERROR - Attempt 1/5 failed for https://api.jolpi.ca/ergast/f1/1954/9/qualifying.json: 429 Client Error: Too Many Requests for url: https://api.jolpi.ca/ergast/f1/1954/9/qualifying.json?limit=100&offset=0
2025-08-24 00:24:57,432 - INFO - Fetching data for Race: 1955 Round 1 (Argentine Grand Prix)
2025-08-24 00:24:59,681 - ERROR - Attempt 1/5 failed for https://api.jolpi.ca/ergast/f1/1955/1/sprint.json: 429 Client Error: Too Many Requests for url: https://api.jolpi.ca/ergast/f1/1955/1/sprint.json?limit=100&offset=0
2025-08-24 00:25:07,667 - INFO - Fetching data for Race: 1955 Round 2 (Monaco Grand Prix)
2025-08-24 00:25:08,532 - ERROR - Attempt 1/5 failed for https://api.jolpi.ca/ergast/f1/1955/2/results.json: 429 Client Error: Too Many Requests for url: https://api.jolpi.ca/ergast/f1/1955/2/results.json?limit=100&offset=0
2025-08-24 00:25:17,620 - ERROR - Attempt 1/5 failed for https://api.jolpi.ca/ergast/f1/1955/2/laps.json: 429 Client Error: Too Many Requests for url: https://api.jolpi.ca/ergast/f1/1955/2/laps.json?limit=100&offset=0
2025-08-24 00:25:23,851 - INFO - Fetching data for Race: 1955 Round 3 (Indianapolis 500)
2025-08-24 00:25:27,987 - ERROR - Attempt 1/5 failed for https://api.jolpi.ca/ergast/f1/1955/3/laps.json: 429 Client Error: Too Many Requests for url: https://api.jolpi.ca/ergast/f1/1955/3/laps.json?limit=100&offset=0
2025-08-24 00:25:34,059 - INFO - Fetching data for Race: 1955 Round 4 (Belgian Grand Prix)
2025-08-24 00:25:37,047 - ERROR - Attempt 1/5 failed for https://api.jolpi.ca/ergast/f1/1955/4/qualifying.json: 429 Client Error: Too Many Requests for url: https://api.jolpi.ca/ergast/f1/1955/4/qualifying.json?limit=100&offset=0
2025-08-24 00:25:44,044 - INFO - Fetching data for Race: 1955 Round 5 (Dutch Grand Prix)
2025-08-24 00:25:46,068 - ERROR - Attempt 1/5 failed for https://api.jolpi.ca/ergast/f1/1955/5/sprint.json: 429 Client Error: Too Many Requests for url: https://api.jolpi.ca/ergast/f1/1955/5/sprint.json?limit=100&offset=0
2025-08-24 00:25:54,860 - INFO - Fetching data for Race: 1955 Round 6 (British Grand Prix)
2025-08-24 00:25:55,831 - ERROR - Attempt 1/5 failed for https://api.jolpi.ca/ergast/f1/1955/6/results.json: 429 Client Error: Too Many Requests for url: https://api.jolpi.ca/ergast/f1/1955/6/results.json?limit=100&offset=0
2025-08-24 00:26:04,375 - ERROR - Attempt 1/5 failed for https://api.jolpi.ca/ergast/f1/1955/6/laps.json: 429 Client Error: Too Many Requests for url: https://api.jolpi.ca/ergast/f1/1955/6/laps.json?limit=100&offset=0
2025-08-24 00:26:10,337 - INFO - Fetching data for Race: 1955 Round 7 (Italian Grand Prix)
2025-08-24 00:26:13,720 - ERROR - Attempt 1/5 failed for https://api.jolpi.ca/ergast/f1/1955/7/qualifying.json: 429 Client Error: Too Many Requests for url: https://api.jolpi.ca/ergast/f1/1955/7/qualifying.json?limit=100&offset=0
2025-08-24 00:26:21,161 - INFO - Fetching data for Race: 1956 Round 1 (Argentine Grand Prix)
2025-08-24 00:26:23,426 - ERROR - Attempt 1/5 failed for https://api.jolpi.ca/ergast/f1/1956/1/sprint.json: 429 Client Error: Too Many Requests for url: https://api.jolpi.ca/ergast/f1/1956/1/sprint.json?limit=100&offset=0
2025-08-24 00:26:31,323 - INFO - Fetching data for Race: 1956 Round 2 (Monaco Grand Prix)
2025-08-24 00:26:32,295 - ERROR - Attempt 1/5 failed for https://api.jolpi.ca/ergast/f1/1956/2/results.json: 429 Client Error: Too Many Requests for url: https://api.jolpi.ca/ergast/f1/1956/2/results.json?limit=100&offset=0
2025-08-24 00:26:41,547 - ERROR - Attempt 1/5 failed for https://api.jolpi.ca/ergast/f1/1956/2/laps.json: 429 Client Error: Too Many Requests for url: https://api.jolpi.ca/ergast/f1/1956/2/laps.json?limit=100&offset=0
2025-08-24 00:26:47,413 - INFO - Fetching data for Race: 1956 Round 3 (Indianapolis 500)
2025-08-24 00:26:50,611 - ERROR - Attempt 1/5 failed for https://api.jolpi.ca/ergast/f1/1956/3/qualifying.json: 429 Client Error: Too Many Requests for url: https://api.jolpi.ca/ergast/f1/1956/3/qualifying.json?limit=100&offset=0
2025-08-24 00:26:57,899 - INFO - Fetching data for Race: 1956 Round 4 (Belgian Grand Prix)
2025-08-24 00:26:59,852 - ERROR - Attempt 1/5 failed for https://api.jolpi.ca/ergast/f1/1956/4/sprint.json: 429 Client Error: Too Many Requests for url: https://api.jolpi.ca/ergast/f1/1956/4/sprint.json?limit=100&offset=0
2025-08-24 00:27:07,800 - INFO - Fetching data for Race: 1956 Round 5 (French Grand Prix)
2025-08-24 00:27:08,662 - ERROR - Attempt 1/5 failed for https://api.jolpi.ca/ergast/f1/1956/5/results.json: 429 Client Error: Too Many Requests for url: https://api.jolpi.ca/ergast/f1/1956/5/results.json?limit=100&offset=0
2025-08-24 00:27:17,520 - ERROR - Attempt 1/5 failed for https://api.jolpi.ca/ergast/f1/1956/5/laps.json: 429 Client Error: Too Many Requests for url: https://api.jolpi.ca/ergast/f1/1956/5/laps.json?limit=100&offset=0
2025-08-24 00:27:23,632 - INFO - Fetching data for Race: 1956 Round 6 (British Grand Prix)
2025-08-24 00:27:26,711 - ERROR - Attempt 1/5 failed for https://api.jolpi.ca/ergast/f1/1956/6/qualifying.json: 429 Client Error: Too Many Requests for url: https://api.jolpi.ca/ergast/f1/1956/6/qualifying.json?limit=100&offset=0
2025-08-24 00:27:34,181 - INFO - Fetching data for Race: 1956 Round 7 (German Grand Prix)
2025-08-24 00:27:37,406 - ERROR - Attempt 1/5 failed for https://api.jolpi.ca/ergast/f1/1956/7/qualifying.json: 429 Client Error: Too Many Requests for url: https://api.jolpi.ca/ergast/f1/1956/7/qualifying.json?limit=100&offset=0
2025-08-24 00:27:44,570 - INFO - Fetching data for Race: 1956 Round 8 (Italian Grand Prix)
2025-08-24 00:27:46,428 - ERROR - Attempt 1/5 failed for https://api.jolpi.ca/ergast/f1/1956/8/sprint.json: 429 Client Error: Too Many Requests for url: https://api.jolpi.ca/ergast/f1/1956/8/sprint.json?limit=100&offset=0
2025-08-24 00:27:54,292 - INFO - Fetching data for Race: 1957 Round 1 (Argentine Grand Prix)
2025-08-24 00:27:55,163 - ERROR - Attempt 1/5 failed for https://api.jolpi.ca/ergast/f1/1957/1/results.json: 429 Client Error: Too Many Requests for url: https://api.jolpi.ca/ergast/f1/1957/1/results.json?limit=100&offset=0
2025-08-24 00:28:04,689 - ERROR - Attempt 1/5 failed for https://api.jolpi.ca/ergast/f1/1957/1/laps.json: 429 Client Error: Too Many Requests for url: https://api.jolpi.ca/ergast/f1/1957/1/laps.json?limit=100&offset=0
2025-08-24 00:28:10,942 - INFO - Fetching data for Race: 1957 Round 2 (Monaco Grand Prix)
2025-08-24 00:28:13,956 - ERROR - Attempt 1/5 failed for https://api.jolpi.ca/ergast/f1/1957/2/qualifying.json: 429 Client Error: Too Many Requests for url: https://api.jolpi.ca/ergast/f1/1957/2/qualifying.json?limit=100&offset=0
2025-08-24 00:28:21,068 - INFO - Fetching data for Race: 1957 Round 3 (Indianapolis 500)
2025-08-24 00:28:23,116 - ERROR - Attempt 1/5 failed for https://api.jolpi.ca/ergast/f1/1957/3/sprint.json: 429 Client Error: Too Many Requests for url: https://api.jolpi.ca/ergast/f1/1957/3/sprint.json?limit=100&offset=0
2025-08-24 00:28:30,749 - INFO - Fetching data for Race: 1957 Round 4 (French Grand Prix)
2025-08-24 00:28:31,607 - ERROR - Attempt 1/5 failed for https://api.jolpi.ca/ergast/f1/1957/4/results.json: 429 Client Error: Too Many Requests for url: https://api.jolpi.ca/ergast/f1/1957/4/results.json?limit=100&offset=0
2025-08-24 00:28:41,792 - ERROR - Attempt 1/5 failed for https://api.jolpi.ca/ergast/f1/1957/4/laps.json: 429 Client Error: Too Many Requests for url: https://api.jolpi.ca/ergast/f1/1957/4/laps.json?limit=100&offset=0
2025-08-24 00:28:48,259 - INFO - Fetching data for Race: 1957 Round 5 (British Grand Prix)
2025-08-24 00:28:53,915 - ERROR - Attempt 1/5 failed for https://api.jolpi.ca/ergast/f1/1957/5/laps.json: 429 Client Error: Too Many Requests for url: https://api.jolpi.ca/ergast/f1/1957/5/laps.json?limit=100&offset=0
2025-08-24 00:28:59,932 - INFO - Fetching data for Race: 1957 Round 6 (German Grand Prix)
2025-08-24 00:29:04,863 - ERROR - Attempt 1/5 failed for https://api.jolpi.ca/ergast/f1/1957/6/laps.json: 429 Client Error: Too Many Requests for url: https://api.jolpi.ca/ergast/f1/1957/6/laps.json?limit=100&offset=0
2025-08-24 00:29:10,812 - INFO - Fetching data for Race: 1957 Round 7 (Pescara Grand Prix)
2025-08-24 00:29:13,525 - ERROR - Attempt 1/5 failed for https://api.jolpi.ca/ergast/f1/1957/7/qualifying.json: 429 Client Error: Too Many Requests for url: https://api.jolpi.ca/ergast/f1/1957/7/qualifying.json?limit=100&offset=0
2025-08-24 00:29:20,398 - INFO - Fetching data for Race: 1957 Round 8 (Italian Grand Prix)
2025-08-24 00:29:21,316 - ERROR - Attempt 1/5 failed for https://api.jolpi.ca/ergast/f1/1957/8/results.json: 429 Client Error: Too Many Requests for url: https://api.jolpi.ca/ergast/f1/1957/8/results.json?limit=100&offset=0
2025-08-24 00:29:30,003 - ERROR - Attempt 1/5 failed for https://api.jolpi.ca/ergast/f1/1957/8/laps.json: 429 Client Error: Too Many Requests for url: https://api.jolpi.ca/ergast/f1/1957/8/laps.json?limit=100&offset=0
2025-08-24 00:29:36,115 - INFO - Fetching data for Race: 1958 Round 1 (Argentine Grand Prix)
2025-08-24 00:29:38,162 - ERROR - Attempt 1/5 failed for https://api.jolpi.ca/ergast/f1/1958/1/sprint.json: 429 Client Error: Too Many Requests for url: https://api.jolpi.ca/ergast/f1/1958/1/sprint.json?limit=100&offset=0
2025-08-24 00:29:46,111 - INFO - Fetching data for Race: 1958 Round 2 (Monaco Grand Prix)
2025-08-24 00:29:46,980 - ERROR - Attempt 1/5 failed for https://api.jolpi.ca/ergast/f1/1958/2/results.json: 429 Client Error: Too Many Requests for url: https://api.jolpi.ca/ergast/f1/1958/2/results.json?limit=100&offset=0
2025-08-24 00:29:56,123 - ERROR - Attempt 1/5 failed for https://api.jolpi.ca/ergast/f1/1958/2/laps.json: 429 Client Error: Too Many Requests for url: https://api.jolpi.ca/ergast/f1/1958/2/laps.json?limit=100&offset=0
2025-08-24 00:30:01,997 - INFO - Fetching data for Race: 1958 Round 3 (Dutch Grand Prix)
2025-08-24 00:30:05,496 - ERROR - Attempt 1/5 failed for https://api.jolpi.ca/ergast/f1/1958/3/qualifying.json: 429 Client Error: Too Many Requests for url: https://api.jolpi.ca/ergast/f1/1958/3/qualifying.json?limit=100&offset=0
2025-08-24 00:30:12,592 - INFO - Fetching data for Race: 1958 Round 4 (Indianapolis 500)
2025-08-24 00:30:15,089 - ERROR - Attempt 1/5 failed for https://api.jolpi.ca/ergast/f1/1958/4/sprint.json: 429 Client Error: Too Many Requests for url: https://api.jolpi.ca/ergast/f1/1958/4/sprint.json?limit=100&offset=0
2025-08-24 00:30:23,457 - INFO - Fetching data for Race: 1958 Round 5 (Belgian Grand Prix)
2025-08-24 00:30:24,418 - ERROR - Attempt 1/5 failed for https://api.jolpi.ca/ergast/f1/1958/5/results.json: 429 Client Error: Too Many Requests for url: https://api.jolpi.ca/ergast/f1/1958/5/results.json?limit=100&offset=0
2025-08-24 00:30:33,127 - ERROR - Attempt 1/5 failed for https://api.jolpi.ca/ergast/f1/1958/5/laps.json: 429 Client Error: Too Many Requests for url: https://api.jolpi.ca/ergast/f1/1958/5/laps.json?limit=100&offset=0
2025-08-24 00:30:38,991 - INFO - Fetching data for Race: 1958 Round 6 (French Grand Prix)
2025-08-24 00:30:42,264 - ERROR - Attempt 1/5 failed for https://api.jolpi.ca/ergast/f1/1958/6/qualifying.json: 429 Client Error: Too Many Requests for url: https://api.jolpi.ca/ergast/f1/1958/6/qualifying.json?limit=100&offset=0
2025-08-24 00:30:49,383 - INFO - Fetching data for Race: 1958 Round 7 (British Grand Prix)
2025-08-24 00:30:51,202 - ERROR - Attempt 1/5 failed for https://api.jolpi.ca/ergast/f1/1958/7/sprint.json: 429 Client Error: Too Many Requests for url: https://api.jolpi.ca/ergast/f1/1958/7/sprint.json?limit=100&offset=0
2025-08-24 00:30:58,929 - INFO - Fetching data for Race: 1958 Round 8 (German Grand Prix)
2025-08-24 00:30:59,854 - ERROR - Attempt 1/5 failed for https://api.jolpi.ca/ergast/f1/1958/8/results.json: 429 Client Error: Too Many Requests for url: https://api.jolpi.ca/ergast/f1/1958/8/results.json?limit=100&offset=0
2025-08-24 00:31:08,927 - ERROR - Attempt 1/5 failed for https://api.jolpi.ca/ergast/f1/1958/8/laps.json: 429 Client Error: Too Many Requests for url: https://api.jolpi.ca/ergast/f1/1958/8/laps.json?limit=100&offset=0
2025-08-24 00:31:14,931 - INFO - Fetching data for Race: 1958 Round 9 (Portuguese Grand Prix)
2025-08-24 00:31:17,677 - ERROR - Attempt 1/5 failed for https://api.jolpi.ca/ergast/f1/1958/9/qualifying.json: 429 Client Error: Too Many Requests for url: https://api.jolpi.ca/ergast/f1/1958/9/qualifying.json?limit=100&offset=0
2025-08-24 00:31:24,790 - INFO - Fetching data for Race: 1958 Round 10 (Italian Grand Prix)
2025-08-24 00:31:26,911 - ERROR - Attempt 1/5 failed for https://api.jolpi.ca/ergast/f1/1958/10/sprint.json: 429 Client Error: Too Many Requests for url: https://api.jolpi.ca/ergast/f1/1958/10/sprint.json?limit=100&offset=0
2025-08-24 00:31:35,035 - INFO - Fetching data for Race: 1958 Round 11 (Moroccan Grand Prix)
2025-08-24 00:31:35,899 - ERROR - Attempt 1/5 failed for https://api.jolpi.ca/ergast/f1/1958/11/results.json: 429 Client Error: Too Many Requests for url: https://api.jolpi.ca/ergast/f1/1958/11/results.json?limit=100&offset=0
2025-08-24 00:31:43,852 - ERROR - Attempt 1/5 failed for https://api.jolpi.ca/ergast/f1/1958/11/qualifying.json: 429 Client Error: Too Many Requests for url: https://api.jolpi.ca/ergast/f1/1958/11/qualifying.json?limit=100&offset=0
2025-08-24 00:31:50,888 - INFO - Fetching data for Race: 1959 Round 1 (Monaco Grand Prix)
2025-08-24 00:31:52,690 - ERROR - Attempt 1/5 failed for https://api.jolpi.ca/ergast/f1/1959/1/sprint.json: 429 Client Error: Too Many Requests for url: https://api.jolpi.ca/ergast/f1/1959/1/sprint.json?limit=100&offset=0
2025-08-24 00:32:00,552 - ERROR - Attempt 1/5 failed for https://api.jolpi.ca/ergast/f1/1959/1/laps.json: 429 Client Error: Too Many Requests for url: https://api.jolpi.ca/ergast/f1/1959/1/laps.json?limit=100&offset=0
2025-08-24 00:32:06,653 - INFO - Fetching data for Race: 1959 Round 2 (Indianapolis 500)
2025-08-24 00:32:09,361 - ERROR - Attempt 1/5 failed for https://api.jolpi.ca/ergast/f1/1959/2/qualifying.json: 429 Client Error: Too Many Requests for url: https://api.jolpi.ca/ergast/f1/1959/2/qualifying.json?limit=100&offset=0
2025-08-24 00:32:17,122 - INFO - Fetching data for Race: 1959 Round 3 (Dutch Grand Prix)
2025-08-24 00:32:21,152 - ERROR - Attempt 1/5 failed for https://api.jolpi.ca/ergast/f1/1959/3/qualifying.json: 429 Client Error: Too Many Requests for url: https://api.jolpi.ca/ergast/f1/1959/3/qualifying.json?limit=100&offset=0
2025-08-24 00:32:29,579 - INFO - Fetching data for Race: 1959 Round 4 (French Grand Prix)
2025-08-24 00:32:35,327 - ERROR - Attempt 1/5 failed for https://api.jolpi.ca/ergast/f1/1959/4/laps.json: 429 Client Error: Too Many Requests for url: https://api.jolpi.ca/ergast/f1/1959/4/laps.json?limit=100&offset=0
2025-08-24 00:32:41,499 - INFO - Fetching data for Race: 1959 Round 5 (British Grand Prix)
2025-08-24 00:32:44,757 - ERROR - Attempt 1/5 failed for https://api.jolpi.ca/ergast/f1/1959/5/qualifying.json: 429 Client Error: Too Many Requests for url: https://api.jolpi.ca/ergast/f1/1959/5/qualifying.json?limit=100&offset=0
2025-08-24 00:32:51,519 - INFO - Fetching data for Race: 1959 Round 6 (German Grand Prix)
2025-08-24 00:32:53,560 - ERROR - Attempt 1/5 failed for https://api.jolpi.ca/ergast/f1/1959/6/sprint.json: 429 Client Error: Too Many Requests for url: https://api.jolpi.ca/ergast/f1/1959/6/sprint.json?limit=100&offset=0
2025-08-24 00:33:01,169 - INFO - Fetching data for Race: 1959 Round 7 (Portuguese Grand Prix)
2025-08-24 00:33:02,022 - ERROR - Attempt 1/5 failed for https://api.jolpi.ca/ergast/f1/1959/7/results.json: 429 Client Error: Too Many Requests for url: https://api.jolpi.ca/ergast/f1/1959/7/results.json?limit=100&offset=0
2025-08-24 00:33:09,655 - ERROR - Attempt 1/5 failed for https://api.jolpi.ca/ergast/f1/1959/7/qualifying.json: 429 Client Error: Too Many Requests for url: https://api.jolpi.ca/ergast/f1/1959/7/qualifying.json?limit=100&offset=0
2025-08-24 00:33:16,396 - INFO - Fetching data for Race: 1959 Round 8 (Italian Grand Prix)
2025-08-24 00:33:18,138 - ERROR - Attempt 1/5 failed for https://api.jolpi.ca/ergast/f1/1959/8/sprint.json: 429 Client Error: Too Many Requests for url: https://api.jolpi.ca/ergast/f1/1959/8/sprint.json?limit=100&offset=0
2025-08-24 00:33:26,556 - INFO - Fetching data for Race: 1959 Round 9 (United States Grand Prix)
2025-08-24 00:33:27,423 - ERROR - Attempt 1/5 failed for https://api.jolpi.ca/ergast/f1/1959/9/results.json: 429 Client Error: Too Many Requests for url: https://api.jolpi.ca/ergast/f1/1959/9/results.json?limit=100&offset=0
2025-08-24 00:33:36,355 - ERROR - Attempt 1/5 failed for https://api.jolpi.ca/ergast/f1/1959/9/laps.json: 429 Client Error: Too Many Requests for url: https://api.jolpi.ca/ergast/f1/1959/9/laps.json?limit=100&offset=0
2025-08-24 00:33:42,213 - INFO - Fetching data for Race: 1960 Round 1 (Argentine Grand Prix)
2025-08-24 00:33:45,048 - ERROR - Attempt 1/5 failed for https://api.jolpi.ca/ergast/f1/1960/1/qualifying.json: 429 Client Error: Too Many Requests for url: https://api.jolpi.ca/ergast/f1/1960/1/qualifying.json?limit=100&offset=0
2025-08-24 00:33:51,767 - INFO - Fetching data for Race: 1960 Round 2 (Monaco Grand Prix)
2025-08-24 00:33:53,577 - ERROR - Attempt 1/5 failed for https://api.jolpi.ca/ergast/f1/1960/2/sprint.json: 429 Client Error: Too Many Requests for url: https://api.jolpi.ca/ergast/f1/1960/2/sprint.json?limit=100&offset=0
2025-08-24 00:34:01,417 - INFO - Fetching data for Race: 1960 Round 3 (Indianapolis 500)
2025-08-24 00:34:02,272 - ERROR - Attempt 1/5 failed for https://api.jolpi.ca/ergast/f1/1960/3/results.json: 429 Client Error: Too Many Requests for url: https://api.jolpi.ca/ergast/f1/1960/3/results.json?limit=100&offset=0
2025-08-24 00:34:11,509 - ERROR - Attempt 1/5 failed for https://api.jolpi.ca/ergast/f1/1960/3/laps.json: 429 Client Error: Too Many Requests for url: https://api.jolpi.ca/ergast/f1/1960/3/laps.json?limit=100&offset=0
2025-08-24 00:34:17,824 - INFO - Fetching data for Race: 1960 Round 4 (Dutch Grand Prix)
2025-08-24 00:34:20,704 - ERROR - Attempt 1/5 failed for https://api.jolpi.ca/ergast/f1/1960/4/qualifying.json: 429 Client Error: Too Many Requests for url: https://api.jolpi.ca/ergast/f1/1960/4/qualifying.json?limit=100&offset=0
2025-08-24 00:34:27,643 - INFO - Fetching data for Race: 1960 Round 5 (Belgian Grand Prix)
2025-08-24 00:34:29,629 - ERROR - Attempt 1/5 failed for https://api.jolpi.ca/ergast/f1/1960/5/sprint.json: 429 Client Error: Too Many Requests for url: https://api.jolpi.ca/ergast/f1/1960/5/sprint.json?limit=100&offset=0
2025-08-24 00:34:37,476 - INFO - Fetching data for Race: 1960 Round 6 (French Grand Prix)
2025-08-24 00:34:38,309 - ERROR - Attempt 1/5 failed for https://api.jolpi.ca/ergast/f1/1960/6/results.json: 429 Client Error: Too Many Requests for url: https://api.jolpi.ca/ergast/f1/1960/6/results.json?limit=100&offset=0
2025-08-24 00:34:47,032 - ERROR - Attempt 1/5 failed for https://api.jolpi.ca/ergast/f1/1960/6/laps.json: 429 Client Error: Too Many Requests for url: https://api.jolpi.ca/ergast/f1/1960/6/laps.json?limit=100&offset=0
2025-08-24 00:34:53,124 - INFO - Fetching data for Race: 1960 Round 7 (British Grand Prix)
2025-08-24 00:34:55,756 - ERROR - Attempt 1/5 failed for https://api.jolpi.ca/ergast/f1/1960/7/qualifying.json: 429 Client Error: Too Many Requests for url: https://api.jolpi.ca/ergast/f1/1960/7/qualifying.json?limit=100&offset=0
2025-08-24 00:35:02,873 - INFO - Fetching data for Race: 1960 Round 8 (Portuguese Grand Prix)
2025-08-24 00:35:03,725 - ERROR - Attempt 1/5 failed for https://api.jolpi.ca/ergast/f1/1960/8/results.json: 429 Client Error: Too Many Requests for url: https://api.jolpi.ca/ergast/f1/1960/8/results.json?limit=100&offset=0
2025-08-24 00:35:12,782 - ERROR - Attempt 1/5 failed for https://api.jolpi.ca/ergast/f1/1960/8/laps.json: 429 Client Error: Too Many Requests for url: https://api.jolpi.ca/ergast/f1/1960/8/laps.json?limit=100&offset=0
2025-08-24 00:35:18,695 - INFO - Fetching data for Race: 1960 Round 9 (Italian Grand Prix)
2025-08-24 00:35:21,589 - ERROR - Attempt 1/5 failed for https://api.jolpi.ca/ergast/f1/1960/9/qualifying.json: 429 Client Error: Too Many Requests for url: https://api.jolpi.ca/ergast/f1/1960/9/qualifying.json?limit=100&offset=0
2025-08-24 00:35:29,385 - INFO - Fetching data for Race: 1960 Round 10 (United States Grand Prix)
2025-08-24 00:35:32,500 - ERROR - Attempt 1/5 failed for https://api.jolpi.ca/ergast/f1/1960/10/qualifying.json: 429 Client Error: Too Many Requests for url: https://api.jolpi.ca/ergast/f1/1960/10/qualifying.json?limit=100&offset=0
2025-08-24 00:35:39,452 - INFO - Fetching data for Race: 1961 Round 1 (Monaco Grand Prix)
2025-08-24 00:35:40,405 - ERROR - Attempt 1/5 failed for https://api.jolpi.ca/ergast/f1/1961/1/results.json: 429 Client Error: Too Many Requests for url: https://api.jolpi.ca/ergast/f1/1961/1/results.json?limit=100&offset=0
2025-08-24 00:35:48,729 - ERROR - Attempt 1/5 failed for https://api.jolpi.ca/ergast/f1/1961/1/qualifying.json: 429 Client Error: Too Many Requests for url: https://api.jolpi.ca/ergast/f1/1961/1/qualifying.json?limit=100&offset=0
2025-08-24 00:35:55,841 - INFO - Fetching data for Race: 1961 Round 2 (Dutch Grand Prix)
2025-08-24 00:35:57,651 - ERROR - Attempt 1/5 failed for https://api.jolpi.ca/ergast/f1/1961/2/sprint.json: 429 Client Error: Too Many Requests for url: https://api.jolpi.ca/ergast/f1/1961/2/sprint.json?limit=100&offset=0
2025-08-24 00:36:05,812 - INFO - Fetching data for Race: 1961 Round 3 (Belgian Grand Prix)
2025-08-24 00:36:06,666 - ERROR - Attempt 1/5 failed for https://api.jolpi.ca/ergast/f1/1961/3/results.json: 429 Client Error: Too Many Requests for url: https://api.jolpi.ca/ergast/f1/1961/3/results.json?limit=100&offset=0
2025-08-24 00:36:15,548 - ERROR - Attempt 1/5 failed for https://api.jolpi.ca/ergast/f1/1961/3/laps.json: 429 Client Error: Too Many Requests for url: https://api.jolpi.ca/ergast/f1/1961/3/laps.json?limit=100&offset=0
2025-08-24 00:36:21,429 - INFO - Fetching data for Race: 1961 Round 4 (French Grand Prix)
2025-08-24 00:36:24,148 - ERROR - Attempt 1/5 failed for https://api.jolpi.ca/ergast/f1/1961/4/qualifying.json: 429 Client Error: Too Many Requests for url: https://api.jolpi.ca/ergast/f1/1961/4/qualifying.json?limit=100&offset=0
2025-08-24 00:36:31,173 - INFO - Fetching data for Race: 1961 Round 5 (British Grand Prix)
2025-08-24 00:36:33,040 - ERROR - Attempt 1/5 failed for https://api.jolpi.ca/ergast/f1/1961/5/sprint.json: 429 Client Error: Too Many Requests for url: https://api.jolpi.ca/ergast/f1/1961/5/sprint.json?limit=100&offset=0
2025-08-24 00:36:40,983 - ERROR - Attempt 1/5 failed for https://api.jolpi.ca/ergast/f1/1961/5/laps.json: 429 Client Error: Too Many Requests for url: https://api.jolpi.ca/ergast/f1/1961/5/laps.json?limit=100&offset=0
2025-08-24 00:36:47,055 - INFO - Fetching data for Race: 1961 Round 6 (German Grand Prix)
2025-08-24 00:36:48,850 - ERROR - Attempt 1/5 failed for https://api.jolpi.ca/ergast/f1/1961/6/sprint.json: 429 Client Error: Too Many Requests for url: https://api.jolpi.ca/ergast/f1/1961/6/sprint.json?limit=100&offset=0
2025-08-24 00:36:57,436 - INFO - Fetching data for Race: 1961 Round 7 (Italian Grand Prix)
2025-08-24 00:36:59,970 - ERROR - Attempt 1/5 failed for https://api.jolpi.ca/ergast/f1/1961/7/sprint.json: 429 Client Error: Too Many Requests for url: https://api.jolpi.ca/ergast/f1/1961/7/sprint.json?limit=100&offset=0
2025-08-24 00:37:08,106 - INFO - Fetching data for Race: 1961 Round 8 (United States Grand Prix)
2025-08-24 00:37:08,973 - ERROR - Attempt 1/5 failed for https://api.jolpi.ca/ergast/f1/1961/8/results.json: 429 Client Error: Too Many Requests for url: https://api.jolpi.ca/ergast/f1/1961/8/results.json?limit=100&offset=0
2025-08-24 00:37:17,735 - ERROR - Attempt 1/5 failed for https://api.jolpi.ca/ergast/f1/1961/8/laps.json: 429 Client Error: Too Many Requests for url: https://api.jolpi.ca/ergast/f1/1961/8/laps.json?limit=100&offset=0
2025-08-24 00:37:23,663 - INFO - Fetching data for Race: 1962 Round 1 (Dutch Grand Prix)
2025-08-24 00:37:26,749 - ERROR - Attempt 1/5 failed for https://api.jolpi.ca/ergast/f1/1962/1/qualifying.json: 429 Client Error: Too Many Requests for url: https://api.jolpi.ca/ergast/f1/1962/1/qualifying.json?limit=100&offset=0
2025-08-24 00:37:33,914 - INFO - Fetching data for Race: 1962 Round 2 (Monaco Grand Prix)
2025-08-24 00:37:35,696 - ERROR - Attempt 1/5 failed for https://api.jolpi.ca/ergast/f1/1962/2/sprint.json: 429 Client Error: Too Many Requests for url: https://api.jolpi.ca/ergast/f1/1962/2/sprint.json?limit=100&offset=0
2025-08-24 00:37:42,423 - ERROR - Attempt 1/5 failed for https://api.jolpi.ca/ergast/f1/1962/2/qualifying.json: 429 Client Error: Too Many Requests for url: https://api.jolpi.ca/ergast/f1/1962/2/qualifying.json?limit=100&offset=0
2025-08-24 00:37:49,590 - INFO - Fetching data for Race: 1962 Round 3 (Belgian Grand Prix)
2025-08-24 00:37:51,629 - ERROR - Attempt 1/5 failed for https://api.jolpi.ca/ergast/f1/1962/3/sprint.json: 429 Client Error: Too Many Requests for url: https://api.jolpi.ca/ergast/f1/1962/3/sprint.json?limit=100&offset=0
2025-08-24 00:37:59,236 - INFO - Fetching data for Race: 1962 Round 4 (French Grand Prix)
2025-08-24 00:38:00,078 - ERROR - Attempt 1/5 failed for https://api.jolpi.ca/ergast/f1/1962/4/results.json: 429 Client Error: Too Many Requests for url: https://api.jolpi.ca/ergast/f1/1962/4/results.json?limit=100&offset=0
2025-08-24 00:38:08,977 - ERROR - Attempt 1/5 failed for https://api.jolpi.ca/ergast/f1/1962/4/laps.json: 429 Client Error: Too Many Requests for url: https://api.jolpi.ca/ergast/f1/1962/4/laps.json?limit=100&offset=0
2025-08-24 00:38:15,096 - INFO - Fetching data for Race: 1962 Round 5 (British Grand Prix)
2025-08-24 00:38:17,793 - ERROR - Attempt 1/5 failed for https://api.jolpi.ca/ergast/f1/1962/5/qualifying.json: 429 Client Error: Too Many Requests for url: https://api.jolpi.ca/ergast/f1/1962/5/qualifying.json?limit=100&offset=0
2025-08-24 00:38:25,159 - INFO - Fetching data for Race: 1962 Round 6 (German Grand Prix)
2025-08-24 00:38:26,893 - ERROR - Attempt 1/5 failed for https://api.jolpi.ca/ergast/f1/1962/6/sprint.json: 429 Client Error: Too Many Requests for url: https://api.jolpi.ca/ergast/f1/1962/6/sprint.json?limit=100&offset=0
2025-08-24 00:38:34,773 - INFO - Fetching data for Race: 1962 Round 7 (Italian Grand Prix)
2025-08-24 00:38:35,622 - ERROR - Attempt 1/5 failed for https://api.jolpi.ca/ergast/f1/1962/7/results.json: 429 Client Error: Too Many Requests for url: https://api.jolpi.ca/ergast/f1/1962/7/results.json?limit=100&offset=0
2025-08-24 00:38:42,429 - ERROR - Attempt 1/5 failed for https://api.jolpi.ca/ergast/f1/1962/7/sprint.json: 429 Client Error: Too Many Requests for url: https://api.jolpi.ca/ergast/f1/1962/7/sprint.json?limit=100&offset=0
2025-08-24 00:38:52,667 - INFO - Creating database tables...
2025-08-24 00:38:52,767 - INFO - Database tables created successfully.
2025-08-24 00:38:52,768 - INFO - Ingesting seasons...
2025-08-24 00:38:53,750 - INFO - Ingested 0 new seasons. Total seasons: 76
2025-08-24 00:38:53,751 - INFO - Ingesting circuits...
2025-08-24 00:38:54,664 - INFO - Ingested 0 new circuits.
2025-08-24 00:38:54,665 - INFO - Ingesting statuses...
2025-08-24 00:38:56,496 - INFO - Ingested 0 new statuses.
2025-08-24 00:38:56,497 - INFO - Ingesting drivers and constructors for all seasons...
2025-08-24 00:38:56,509 - INFO - Fetching data for 1950 season...
2025-08-24 00:38:57,374 - ERROR - Attempt 1/5 failed for https://api.jolpi.ca/ergast/f1/1950/drivers.json: 429 Client Error: Too Many Requests for url: https://api.jolpi.ca/ergast/f1/1950/drivers.json?limit=100&offset=0
2025-08-24 00:39:04,116 - INFO - Fetching data for 1951 season...
2025-08-24 00:39:05,944 - ERROR - Attempt 1/5 failed for https://api.jolpi.ca/ergast/f1/1951/constructors.json: 429 Client Error: Too Many Requests for url: https://api.jolpi.ca/ergast/f1/1951/constructors.json?limit=100&offset=0
2025-08-24 00:39:11,835 - INFO - Fetching data for 1952 season...
2025-08-24 00:39:12,735 - ERROR - Attempt 1/5 failed for https://api.jolpi.ca/ergast/f1/1952/drivers.json: 429 Client Error: Too Many Requests for url: https://api.jolpi.ca/ergast/f1/1952/drivers.json?limit=100&offset=0
2025-08-24 00:39:21,026 - INFO - Fetching data for 1953 season...
2025-08-24 00:39:21,915 - ERROR - Attempt 1/5 failed for https://api.jolpi.ca/ergast/f1/1953/drivers.json: 429 Client Error: Too Many Requests for url: https://api.jolpi.ca/ergast/f1/1953/drivers.json?limit=100&offset=0
2025-08-24 00:39:29,850 - INFO - Fetching data for 1954 season...
2025-08-24 00:39:30,786 - ERROR - Attempt 1/5 failed for https://api.jolpi.ca/ergast/f1/1954/drivers.json: 429 Client Error: Too Many Requests for url: https://api.jolpi.ca/ergast/f1/1954/drivers.json?limit=100&offset=0
2025-08-24 00:39:37,641 - INFO - Fetching data for 1955 season...
2025-08-24 00:39:40,012 - ERROR - Attempt 1/5 failed for https://api.jolpi.ca/ergast/f1/1955/constructors.json: 429 Client Error: Too Many Requests for url: https://api.jolpi.ca/ergast/f1/1955/constructors.json?limit=100&offset=0
2025-08-24 00:39:46,312 - INFO - Fetching data for 1956 season...
2025-08-24 00:39:48,251 - INFO - Fetching data for 1957 season...
2025-08-24 00:39:49,095 - ERROR - Attempt 1/5 failed for https://api.jolpi.ca/ergast/f1/1957/drivers.json: 429 Client Error: Too Many Requests for url: https://api.jolpi.ca/ergast/f1/1957/drivers.json?limit=100&offset=0
2025-08-24 00:39:55,827 - INFO - Fetching data for 1958 season...
2025-08-24 00:39:57,735 - ERROR - Attempt 1/5 failed for https://api.jolpi.ca/ergast/f1/1958/constructors.json: 429 Client Error: Too Many Requests for url: https://api.jolpi.ca/ergast/f1/1958/constructors.json?limit=100&offset=0
2025-08-24 00:40:03,688 - INFO - Fetching data for 1959 season...
2025-08-24 00:40:05,692 - INFO - Fetching data for 1960 season...
2025-08-24 00:40:06,548 - ERROR - Attempt 1/5 failed for https://api.jolpi.ca/ergast/f1/1960/drivers.json: 429 Client Error: Too Many Requests for url: https://api.jolpi.ca/ergast/f1/1960/drivers.json?limit=100&offset=0
2025-08-24 00:40:13,300 - INFO - Fetching data for 1961 season...
2025-08-24 00:40:15,234 - ERROR - Attempt 1/5 failed for https://api.jolpi.ca/ergast/f1/1961/constructors.json: 429 Client Error: Too Many Requests for url: https://api.jolpi.ca/ergast/f1/1961/constructors.json?limit=100&offset=0
2025-08-24 00:40:21,380 - INFO - Fetching data for 1962 season...
2025-08-24 00:40:23,287 - INFO - Fetching data for 1963 season...
2025-08-24 00:40:24,135 - ERROR - Attempt 1/5 failed for https://api.jolpi.ca/ergast/f1/1963/drivers.json: 429 Client Error: Too Many Requests for url: https://api.jolpi.ca/ergast/f1/1963/drivers.json?limit=100&offset=0
2025-08-24 00:40:30,909 - INFO - Fetching data for 1964 season...
2025-08-24 00:40:32,823 - ERROR - Attempt 1/5 failed for https://api.jolpi.ca/ergast/f1/1964/constructors.json: 429 Client Error: Too Many Requests for url: https://api.jolpi.ca/ergast/f1/1964/constructors.json?limit=100&offset=0
2025-08-24 00:40:38,716 - INFO - Fetching data for 1965 season...
2025-08-24 00:40:40,471 - INFO - Fetching data for 1966 season...
2025-08-24 00:40:41,309 - ERROR - Attempt 1/5 failed for https://api.jolpi.ca/ergast/f1/1966/drivers.json: 429 Client Error: Too Many Requests for url: https://api.jolpi.ca/ergast/f1/1966/drivers.json?limit=100&offset=0
2025-08-24 00:40:48,051 - INFO - Fetching data for 1967 season...
2025-08-24 00:40:48,894 - ERROR - Attempt 1/5 failed for https://api.jolpi.ca/ergast/f1/1967/drivers.json: 429 Client Error: Too Many Requests for url: https://api.jolpi.ca/ergast/f1/1967/drivers.json?limit=100&offset=0
2025-08-24 00:40:55,931 - INFO - Fetching data for 1968 season...
2025-08-24 00:40:57,678 - ERROR - Attempt 1/5 failed for https://api.jolpi.ca/ergast/f1/1968/constructors.json: 429 Client Error: Too Many Requests for url: https://api.jolpi.ca/ergast/f1/1968/constructors.json?limit=100&offset=0
2025-08-24 00:41:03,563 - INFO - Fetching data for 1969 season...
2025-08-24 00:41:05,330 - INFO - Fetching data for 1970 season...
2025-08-24 00:41:06,184 - ERROR - Attempt 1/5 failed for https://api.jolpi.ca/ergast/f1/1970/drivers.json: 429 Client Error: Too Many Requests for url: https://api.jolpi.ca/ergast/f1/1970/drivers.json?limit=100&offset=0
2025-08-24 00:41:13,120 - INFO - Fetching data for 1971 season...
2025-08-24 00:41:14,821 - ERROR - Attempt 1/5 failed for https://api.jolpi.ca/ergast/f1/1971/constructors.json: 429 Client Error: Too Many Requests for url: https://api.jolpi.ca/ergast/f1/1971/constructors.json?limit=100&offset=0
2025-08-24 00:41:20,683 - INFO - Fetching data for 1972 season...
2025-08-24 00:41:22,444 - INFO - Fetching data for 1973 season...
2025-08-24 00:41:23,375 - ERROR - Attempt 1/5 failed for https://api.jolpi.ca/ergast/f1/1973/drivers.json: 429 Client Error: Too Many Requests for url: https://api.jolpi.ca/ergast/f1/1973/drivers.json?limit=100&offset=0
2025-08-24 00:41:30,545 - INFO - Fetching data for 1974 season...
2025-08-24 00:41:32,645 - ERROR - Attempt 1/5 failed for https://api.jolpi.ca/ergast/f1/1974/constructors.json: 429 Client Error: Too Many Requests for url: https://api.jolpi.ca/ergast/f1/1974/constructors.json?limit=100&offset=0
2025-08-24 00:41:38,716 - INFO - Fetching data for 1975 season...
2025-08-24 00:41:40,876 - INFO - Fetching data for 1976 season...
2025-08-24 00:41:41,976 - ERROR - Attempt 1/5 failed for https://api.jolpi.ca/ergast/f1/1976/drivers.json: 429 Client Error: Too Many Requests for url: https://api.jolpi.ca/ergast/f1/1976/drivers.json?limit=100&offset=0
2025-08-24 00:41:50,120 - INFO - Fetching data for 1977 season...
2025-08-24 00:41:53,015 - INFO - Fetching data for 1978 season...
2025-08-24 00:41:54,320 - ERROR - Attempt 1/5 failed for https://api.jolpi.ca/ergast/f1/1978/drivers.json: 429 Client Error: Too Many Requests for url: https://api.jolpi.ca/ergast/f1/1978/drivers.json?limit=100&offset=0
2025-08-24 00:42:02,443 - INFO - Fetching data for 1979 season...
2025-08-24 00:42:05,979 - ERROR - Attempt 1/5 failed for https://api.jolpi.ca/ergast/f1/1979/constructors.json: 429 Client Error: Too Many Requests for url: https://api.jolpi.ca/ergast/f1/1979/constructors.json?limit=100&offset=0
2025-08-24 00:42:12,029 - ERROR - Attempt 2/5 failed for https://api.jolpi.ca/ergast/f1/1979/constructors.json: 429 Client Error: Too Many Requests for url: https://api.jolpi.ca/ergast/f1/1979/constructors.json?limit=100&offset=0
2025-08-24 00:42:22,989 - ERROR - Attempt 3/5 failed for https://api.jolpi.ca/ergast/f1/1979/constructors.json: 429 Client Error: Too Many Requests for url: https://api.jolpi.ca/ergast/f1/1979/constructors.json?limit=100&offset=0
2025-08-24 00:42:38,846 - ERROR - Attempt 4/5 failed for https://api.jolpi.ca/ergast/f1/1979/constructors.json: 429 Client Error: Too Many Requests for url: https://api.jolpi.ca/ergast/f1/1979/constructors.json?limit=100&offset=0
2025-08-24 00:42:59,697 - ERROR - Attempt 5/5 failed for https://api.jolpi.ca/ergast/f1/1979/constructors.json: 429 Client Error: Too Many Requests for url: https://api.jolpi.ca/ergast/f1/1979/constructors.json?limit=100&offset=0
2025-08-24 00:42:59,698 - CRITICAL - All retry attempts failed for https://api.jolpi.ca/ergast/f1/1979/constructors.json. Aborting.
2025-08-24 00:42:59,699 - INFO - Fetching data for 1980 season...
2025-08-24 00:43:00,533 - ERROR - Attempt 1/5 failed for https://api.jolpi.ca/ergast/f1/1980/drivers.json: 429 Client Error: Too Many Requests for url: https://api.jolpi.ca/ergast/f1/1980/drivers.json?limit=100&offset=0
2025-08-24 00:43:06,394 - ERROR - Attempt 2/5 failed for https://api.jolpi.ca/ergast/f1/1980/drivers.json: 429 Client Error: Too Many Requests for url: https://api.jolpi.ca/ergast/f1/1980/drivers.json?limit=100&offset=0
2025-08-24 00:43:17,244 - ERROR - Attempt 3/5 failed for https://api.jolpi.ca/ergast/f1/1980/drivers.json: 429 Client Error: Too Many Requests for url: https://api.jolpi.ca/ergast/f1/1980/drivers.json?limit=100&offset=0
2025-08-24 00:43:33,087 - ERROR - Attempt 4/5 failed for https://api.jolpi.ca/ergast/f1/1980/drivers.json: 429 Client Error: Too Many Requests for url: https://api.jolpi.ca/ergast/f1/1980/drivers.json?limit=100&offset=0
2025-08-24 00:43:53,944 - ERROR - Attempt 5/5 failed for https://api.jolpi.ca/ergast/f1/1980/drivers.json: 429 Client Error: Too Many Requests for url: https://api.jolpi.ca/ergast/f1/1980/drivers.json?limit=100&offset=0
2025-08-24 00:43:53,944 - CRITICAL - All retry attempts failed for https://api.jolpi.ca/ergast/f1/1980/drivers.json. Aborting.
2025-08-24 00:43:54,780 - ERROR - Attempt 1/5 failed for https://api.jolpi.ca/ergast/f1/1980/constructors.json: 429 Client Error: Too Many Requests for url: https://api.jolpi.ca/ergast/f1/1980/constructors.json?limit=100&offset=0
2025-08-24 00:44:00,649 - ERROR - Attempt 2/5 failed for https://api.jolpi.ca/ergast/f1/1980/constructors.json: 429 Client Error: Too Many Requests for url: https://api.jolpi.ca/ergast/f1/1980/constructors.json?limit=100&offset=0
2025-08-24 00:44:11,508 - ERROR - Attempt 3/5 failed for https://api.jolpi.ca/ergast/f1/1980/constructors.json: 429 Client Error: Too Many Requests for url: https://api.jolpi.ca/ergast/f1/1980/constructors.json?limit=100&offset=0
2025-08-24 00:44:27,368 - ERROR - Attempt 4/5 failed for https://api.jolpi.ca/ergast/f1/1980/constructors.json: 429 Client Error: Too Many Requests for url: https://api.jolpi.ca/ergast/f1/1980/constructors.json?limit=100&offset=0
2025-08-24 00:44:48,292 - ERROR - Attempt 5/5 failed for https://api.jolpi.ca/ergast/f1/1980/constructors.json: 429 Client Error: Too Many Requests for url: https://api.jolpi.ca/ergast/f1/1980/constructors.json?limit=100&offset=0
2025-08-24 00:44:48,292 - CRITICAL - All retry attempts failed for https://api.jolpi.ca/ergast/f1/1980/constructors.json. Aborting.
2025-08-24 00:44:48,294 - INFO - Fetching data for 1981 season...
2025-08-24 00:44:49,272 - ERROR - Attempt 1/5 failed for https://api.jolpi.ca/ergast/f1/1981/drivers.json: 429 Client Error: Too Many Requests for url: https://api.jolpi.ca/ergast/f1/1981/drivers.json?limit=100&offset=0
2025-08-24 00:44:55,146 - ERROR - Attempt 2/5 failed for https://api.jolpi.ca/ergast/f1/1981/drivers.json: 429 Client Error: Too Many Requests for url: https://api.jolpi.ca/ergast/f1/1981/drivers.json?limit=100&offset=0
2025-08-24 00:45:05,999 - ERROR - Attempt 3/5 failed for https://api.jolpi.ca/ergast/f1/1981/drivers.json: 429 Client Error: Too Many Requests for url: https://api.jolpi.ca/ergast/f1/1981/drivers.json?limit=100&offset=0
2025-08-24 00:45:21,849 - ERROR - Attempt 4/5 failed for https://api.jolpi.ca/ergast/f1/1981/drivers.json: 429 Client Error: Too Many Requests for url: https://api.jolpi.ca/ergast/f1/1981/drivers.json?limit=100&offset=0
2025-08-24 00:45:42,697 - ERROR - Attempt 5/5 failed for https://api.jolpi.ca/ergast/f1/1981/drivers.json: 429 Client Error: Too Many Requests for url: https://api.jolpi.ca/ergast/f1/1981/drivers.json?limit=100&offset=0
2025-08-24 00:45:42,697 - CRITICAL - All retry attempts failed for https://api.jolpi.ca/ergast/f1/1981/drivers.json. Aborting.
2025-08-24 00:45:43,557 - ERROR - Attempt 1/5 failed for https://api.jolpi.ca/ergast/f1/1981/constructors.json: 429 Client Error: Too Many Requests for url: https://api.jolpi.ca/ergast/f1/1981/constructors.json?limit=100&offset=0
2025-08-24 00:45:49,432 - ERROR - Attempt 2/5 failed for https://api.jolpi.ca/ergast/f1/1981/constructors.json: 429 Client Error: Too Many Requests for url: https://api.jolpi.ca/ergast/f1/1981/constructors.json?limit=100&offset=0
2025-08-24 00:46:00,305 - ERROR - Attempt 3/5 failed for https://api.jolpi.ca/ergast/f1/1981/constructors.json: 429 Client Error: Too Many Requests for url: https://api.jolpi.ca/ergast/f1/1981/constructors.json?limit=100&offset=0
2025-08-24 00:46:16,153 - ERROR - Attempt 4/5 failed for https://api.jolpi.ca/ergast/f1/1981/constructors.json: 429 Client Error: Too Many Requests for url: https://api.jolpi.ca/ergast/f1/1981/constructors.json?limit=100&offset=0
2025-08-24 00:46:37,002 - ERROR - Attempt 5/5 failed for https://api.jolpi.ca/ergast/f1/1981/constructors.json: 429 Client Error: Too Many Requests for url: https://api.jolpi.ca/ergast/f1/1981/constructors.json?limit=100&offset=0
2025-08-24 00:46:37,002 - CRITICAL - All retry attempts failed for https://api.jolpi.ca/ergast/f1/1981/constructors.json. Aborting.
2025-08-24 00:46:37,003 - INFO - Fetching data for 1982 season...
2025-08-24 00:46:37,845 - ERROR - Attempt 1/5 failed for https://api.jolpi.ca/ergast/f1/1982/drivers.json: 429 Client Error: Too Many Requests for url: https://api.jolpi.ca/ergast/f1/1982/drivers.json?limit=100&offset=0
2025-08-24 00:46:43,713 - ERROR - Attempt 2/5 failed for https://api.jolpi.ca/ergast/f1/1982/drivers.json: 429 Client Error: Too Many Requests for url: https://api.jolpi.ca/ergast/f1/1982/drivers.json?limit=100&offset=0
2025-08-24 00:46:54,631 - ERROR - Attempt 3/5 failed for https://api.jolpi.ca/ergast/f1/1982/drivers.json: 429 Client Error: Too Many Requests for url: https://api.jolpi.ca/ergast/f1/1982/drivers.json?limit=100&offset=0
2025-08-24 00:47:10,507 - ERROR - Attempt 4/5 failed for https://api.jolpi.ca/ergast/f1/1982/drivers.json: 429 Client Error: Too Many Requests for url: https://api.jolpi.ca/ergast/f1/1982/drivers.json?limit=100&offset=0
2025-08-24 00:47:31,604 - ERROR - Attempt 5/5 failed for https://api.jolpi.ca/ergast/f1/1982/drivers.json: 429 Client Error: Too Many Requests for url: https://api.jolpi.ca/ergast/f1/1982/drivers.json?limit=100&offset=0
2025-08-24 00:47:31,610 - CRITICAL - All retry attempts failed for https://api.jolpi.ca/ergast/f1/1982/drivers.json. Aborting.
2025-08-24 00:47:32,872 - ERROR - Attempt 1/5 failed for https://api.jolpi.ca/ergast/f1/1982/constructors.json: 429 Client Error: Too Many Requests for url: https://api.jolpi.ca/ergast/f1/1982/constructors.json?limit=100&offset=0
2025-08-24 00:47:39,104 - ERROR - Attempt 2/5 failed for https://api.jolpi.ca/ergast/f1/1982/constructors.json: 429 Client Error: Too Many Requests for url: https://api.jolpi.ca/ergast/f1/1982/constructors.json?limit=100&offset=0
2025-08-24 00:47:50,081 - ERROR - Attempt 3/5 failed for https://api.jolpi.ca/ergast/f1/1982/constructors.json: 429 Client Error: Too Many Requests for url: https://api.jolpi.ca/ergast/f1/1982/constructors.json?limit=100&offset=0
2025-08-24 00:48:06,216 - ERROR - Attempt 4/5 failed for https://api.jolpi.ca/ergast/f1/1982/constructors.json: 429 Client Error: Too Many Requests for url: https://api.jolpi.ca/ergast/f1/1982/constructors.json?limit=100&offset=0
2025-08-24 00:48:27,635 - ERROR - Attempt 5/5 failed for https://api.jolpi.ca/ergast/f1/1982/constructors.json: 429 Client Error: Too Many Requests for url: https://api.jolpi.ca/ergast/f1/1982/constructors.json?limit=100&offset=0
2025-08-24 00:48:27,652 - CRITICAL - All retry attempts failed for https://api.jolpi.ca/ergast/f1/1982/constructors.json. Aborting.
2025-08-24 00:48:27,660 - INFO - Fetching data for 1983 season...
2025-08-24 00:48:28,686 - ERROR - Attempt 1/5 failed for https://api.jolpi.ca/ergast/f1/1983/drivers.json: 429 Client Error: Too Many Requests for url: https://api.jolpi.ca/ergast/f1/1983/drivers.json?limit=100&offset=0
2025-08-24 00:48:34,561 - ERROR - Attempt 2/5 failed for https://api.jolpi.ca/ergast/f1/1983/drivers.json: 429 Client Error: Too Many Requests for url: https://api.jolpi.ca/ergast/f1/1983/drivers.json?limit=100&offset=0
2025-08-24 00:48:45,547 - ERROR - Attempt 3/5 failed for https://api.jolpi.ca/ergast/f1/1983/drivers.json: 429 Client Error: Too Many Requests for url: https://api.jolpi.ca/ergast/f1/1983/drivers.json?limit=100&offset=0
2025-08-24 00:49:01,542 - ERROR - Attempt 4/5 failed for https://api.jolpi.ca/ergast/f1/1983/drivers.json: 429 Client Error: Too Many Requests for url: https://api.jolpi.ca/ergast/f1/1983/drivers.json?limit=100&offset=0
2025-08-24 00:49:22,876 - ERROR - Attempt 5/5 failed for https://api.jolpi.ca/ergast/f1/1983/drivers.json: 429 Client Error: Too Many Requests for url: https://api.jolpi.ca/ergast/f1/1983/drivers.json?limit=100&offset=0
2025-08-24 00:49:22,898 - CRITICAL - All retry attempts failed for https://api.jolpi.ca/ergast/f1/1983/drivers.json. Aborting.
2025-08-24 00:49:23,848 - ERROR - Attempt 1/5 failed for https://api.jolpi.ca/ergast/f1/1983/constructors.json: 429 Client Error: Too Many Requests for url: https://api.jolpi.ca/ergast/f1/1983/constructors.json?limit=100&offset=0
2025-08-24 00:49:29,921 - ERROR - Attempt 2/5 failed for https://api.jolpi.ca/ergast/f1/1983/constructors.json: 429 Client Error: Too Many Requests for url: https://api.jolpi.ca/ergast/f1/1983/constructors.json?limit=100&offset=0
2025-08-24 00:49:40,789 - ERROR - Attempt 3/5 failed for https://api.jolpi.ca/ergast/f1/1983/constructors.json: 429 Client Error: Too Many Requests for url: https://api.jolpi.ca/ergast/f1/1983/constructors.json?limit=100&offset=0
2025-08-24 00:49:56,659 - ERROR - Attempt 4/5 failed for https://api.jolpi.ca/ergast/f1/1983/constructors.json: 429 Client Error: Too Many Requests for url: https://api.jolpi.ca/ergast/f1/1983/constructors.json?limit=100&offset=0
2025-08-24 00:50:17,643 - ERROR - Attempt 5/5 failed for https://api.jolpi.ca/ergast/f1/1983/constructors.json: 429 Client Error: Too Many Requests for url: https://api.jolpi.ca/ergast/f1/1983/constructors.json?limit=100&offset=0
2025-08-24 00:50:17,644 - CRITICAL - All retry attempts failed for https://api.jolpi.ca/ergast/f1/1983/constructors.json. Aborting.
2025-08-24 00:50:17,646 - INFO - Fetching data for 1984 season...
2025-08-24 00:50:18,536 - ERROR - Attempt 1/5 failed for https://api.jolpi.ca/ergast/f1/1984/drivers.json: 429 Client Error: Too Many Requests for url: https://api.jolpi.ca/ergast/f1/1984/drivers.json?limit=100&offset=0
2025-08-24 00:50:24,451 - ERROR - Attempt 2/5 failed for https://api.jolpi.ca/ergast/f1/1984/drivers.json: 429 Client Error: Too Many Requests for url: https://api.jolpi.ca/ergast/f1/1984/drivers.json?limit=100&offset=0
2025-08-24 00:50:35,519 - ERROR - Attempt 3/5 failed for https://api.jolpi.ca/ergast/f1/1984/drivers.json: 429 Client Error: Too Many Requests for url: https://api.jolpi.ca/ergast/f1/1984/drivers.json?limit=100&offset=0
2025-08-24 00:50:51,485 - ERROR - Attempt 4/5 failed for https://api.jolpi.ca/ergast/f1/1984/drivers.json: 429 Client Error: Too Many Requests for url: https://api.jolpi.ca/ergast/f1/1984/drivers.json?limit=100&offset=0
2025-08-24 00:51:12,349 - ERROR - Attempt 5/5 failed for https://api.jolpi.ca/ergast/f1/1984/drivers.json: 429 Client Error: Too Many Requests for url: https://api.jolpi.ca/ergast/f1/1984/drivers.json?limit=100&offset=0
2025-08-24 00:51:12,350 - CRITICAL - All retry attempts failed for https://api.jolpi.ca/ergast/f1/1984/drivers.json. Aborting.
2025-08-24 00:51:13,205 - ERROR - Attempt 1/5 failed for https://api.jolpi.ca/ergast/f1/1984/constructors.json: 429 Client Error: Too Many Requests for url: https://api.jolpi.ca/ergast/f1/1984/constructors.json?limit=100&offset=0
2025-08-24 00:51:19,074 - ERROR - Attempt 2/5 failed for https://api.jolpi.ca/ergast/f1/1984/constructors.json: 429 Client Error: Too Many Requests for url: https://api.jolpi.ca/ergast/f1/1984/constructors.json?limit=100&offset=0
2025-08-24 00:59:31,218 - INFO - Creating database tables...
2025-08-24 00:59:31,307 - INFO - Database tables created successfully.
2025-08-24 00:59:31,307 - INFO - Ingesting seasons...
2025-08-24 00:59:32,254 - ERROR - Attempt 1/5 failed for https://api.jolpi.ca/ergast/f1/seasons.json: 429 Client Error: Too Many Requests for url: https://api.jolpi.ca/ergast/f1/seasons.json?limit=100&offset=0
2025-08-24 00:59:38,163 - ERROR - Attempt 2/5 failed for https://api.jolpi.ca/ergast/f1/seasons.json: 429 Client Error: Too Many Requests for url: https://api.jolpi.ca/ergast/f1/seasons.json?limit=100&offset=0
2025-08-24 00:59:49,037 - ERROR - Attempt 3/5 failed for https://api.jolpi.ca/ergast/f1/seasons.json: 429 Client Error: Too Many Requests for url: https://api.jolpi.ca/ergast/f1/seasons.json?limit=100&offset=0
2025-08-24 15:31:00,885 - INFO - Creating database tables...
2025-08-24 15:31:01,022 - INFO - Database tables created successfully.
2025-08-24 15:31:01,022 - INFO - Ingesting seasons...
2025-08-24 15:31:02,369 - INFO - Ingested 0 new seasons. Total seasons: 76
2025-08-24 15:31:02,369 - INFO - Ingesting circuits...
2025-08-24 15:31:03,221 - INFO - Ingested 0 new circuits.
2025-08-24 15:31:03,222 - INFO - Ingesting statuses...
2025-08-24 15:31:05,038 - INFO - Ingested 0 new statuses.
2025-08-24 15:31:05,038 - INFO - Ingesting drivers and constructors for all seasons...
2025-08-24 15:31:05,055 - INFO - Fetching data for 1950 season...
2025-08-24 15:31:07,006 - INFO - Fetching data for 1951 season...
2025-08-24 15:31:08,751 - INFO - Fetching data for 1952 season...
2025-08-24 15:31:11,529 - INFO - Fetching data for 1953 season...
2025-08-24 15:31:14,221 - INFO - Fetching data for 1954 season...
2025-08-24 15:31:16,024 - INFO - Fetching data for 1955 season...
2025-08-24 15:31:17,922 - INFO - Fetching data for 1956 season...
2025-08-24 15:31:19,766 - INFO - Fetching data for 1957 season...
2025-08-24 15:31:21,508 - INFO - Fetching data for 1958 season...
2025-08-24 15:31:23,257 - INFO - Fetching data for 1959 season...
2025-08-24 15:31:25,087 - INFO - Fetching data for 1960 season...
2025-08-24 15:31:26,885 - INFO - Fetching data for 1961 season...
2025-08-24 15:31:28,834 - INFO - Fetching data for 1962 season...
2025-08-24 15:31:30,580 - INFO - Fetching data for 1963 season...
2025-08-24 15:31:32,286 - INFO - Fetching data for 1964 season...
2025-08-24 15:31:34,220 - INFO - Fetching data for 1965 season...
2025-08-24 15:31:36,220 - INFO - Fetching data for 1966 season...
2025-08-24 15:31:38,137 - INFO - Fetching data for 1967 season...
2025-08-24 15:31:40,278 - INFO - Fetching data for 1968 season...
2025-08-24 15:31:42,052 - INFO - Fetching data for 1969 season...
2025-08-24 15:31:43,787 - INFO - Fetching data for 1970 season...
2025-08-24 15:31:45,504 - INFO - Fetching data for 1971 season...
2025-08-24 15:31:47,208 - INFO - Fetching data for 1972 season...
2025-08-24 15:31:49,107 - INFO - Fetching data for 1973 season...
2025-08-24 15:31:51,022 - INFO - Fetching data for 1974 season...
2025-08-24 15:31:52,728 - INFO - Fetching data for 1975 season...
2025-08-24 15:31:54,638 - INFO - Fetching data for 1976 season...
2025-08-24 15:31:56,346 - INFO - Fetching data for 1977 season...
2025-08-24 15:31:58,084 - INFO - Fetching data for 1978 season...
2025-08-24 15:31:59,798 - INFO - Fetching data for 1979 season...
2025-08-24 15:32:01,549 - INFO - Fetching data for 1980 season...
2025-08-24 15:32:03,244 - INFO - Fetching data for 1981 season...
2025-08-24 15:32:04,952 - INFO - Fetching data for 1982 season...
2025-08-24 15:32:06,741 - INFO - Fetching data for 1983 season...
2025-08-24 15:32:08,456 - INFO - Fetching data for 1984 season...
2025-08-24 15:32:10,196 - INFO - Fetching data for 1985 season...
2025-08-24 15:32:11,956 - INFO - Fetching data for 1986 season...
2025-08-24 15:32:13,702 - INFO - Fetching data for 1987 season...
2025-08-24 15:32:15,451 - INFO - Fetching data for 1988 season...
2025-08-24 15:32:17,156 - INFO - Fetching data for 1989 season...
2025-08-24 15:32:19,048 - INFO - Fetching data for 1990 season...
2025-08-24 15:32:19,888 - ERROR - Attempt 1/5 failed for https://api.jolpi.ca/ergast/f1/1990/drivers.json: 429 Client Error: Too Many Requests for url: https://api.jolpi.ca/ergast/f1/1990/drivers.json?limit=100&offset=0
2025-08-24 15:32:26,572 - INFO - Fetching data for 1991 season...
2025-08-24 15:32:28,261 - ERROR - Attempt 1/5 failed for https://api.jolpi.ca/ergast/f1/1991/constructors.json: 429 Client Error: Too Many Requests for url: https://api.jolpi.ca/ergast/f1/1991/constructors.json?limit=100&offset=0
2025-08-24 15:32:34,121 - INFO - Fetching data for 1992 season...
2025-08-24 15:32:36,088 - INFO - Fetching data for 1993 season...
2025-08-24 15:32:36,928 - ERROR - Attempt 1/5 failed for https://api.jolpi.ca/ergast/f1/1993/drivers.json: 429 Client Error: Too Many Requests for url: https://api.jolpi.ca/ergast/f1/1993/drivers.json?limit=100&offset=0
2025-08-24 15:32:44,059 - INFO - Fetching data for 1994 season...
2025-08-24 15:32:45,719 - ERROR - Attempt 1/5 failed for https://api.jolpi.ca/ergast/f1/1994/constructors.json: 429 Client Error: Too Many Requests for url: https://api.jolpi.ca/ergast/f1/1994/constructors.json?limit=100&offset=0
2025-08-24 15:32:51,611 - INFO - Fetching data for 1995 season...
2025-08-24 15:32:53,332 - INFO - Fetching data for 1996 season...
2025-08-24 15:32:54,194 - ERROR - Attempt 1/5 failed for https://api.jolpi.ca/ergast/f1/1996/drivers.json: 429 Client Error: Too Many Requests for url: https://api.jolpi.ca/ergast/f1/1996/drivers.json?limit=100&offset=0
2025-08-24 15:33:01,162 - INFO - Fetching data for 1997 season...
2025-08-24 15:33:02,001 - ERROR - Attempt 1/5 failed for https://api.jolpi.ca/ergast/f1/1997/drivers.json: 429 Client Error: Too Many Requests for url: https://api.jolpi.ca/ergast/f1/1997/drivers.json?limit=100&offset=0
2025-08-24 15:33:08,998 - INFO - Fetching data for 1998 season...
2025-08-24 15:33:11,028 - ERROR - Attempt 1/5 failed for https://api.jolpi.ca/ergast/f1/1998/constructors.json: 429 Client Error: Too Many Requests for url: https://api.jolpi.ca/ergast/f1/1998/constructors.json?limit=100&offset=0
2025-08-24 15:33:16,890 - INFO - Fetching data for 1999 season...
2025-08-24 15:33:18,787 - INFO - Fetching data for 2000 season...
2025-08-24 15:33:19,647 - ERROR - Attempt 1/5 failed for https://api.jolpi.ca/ergast/f1/2000/drivers.json: 429 Client Error: Too Many Requests for url: https://api.jolpi.ca/ergast/f1/2000/drivers.json?limit=100&offset=0
2025-08-24 15:33:26,350 - INFO - Fetching data for 2001 season...
2025-08-24 15:33:28,027 - ERROR - Attempt 1/5 failed for https://api.jolpi.ca/ergast/f1/2001/constructors.json: 429 Client Error: Too Many Requests for url: https://api.jolpi.ca/ergast/f1/2001/constructors.json?limit=100&offset=0
2025-08-24 15:33:33,905 - INFO - Fetching data for 2002 season...
2025-08-24 15:33:35,820 - INFO - Fetching data for 2003 season...
2025-08-24 15:33:36,641 - ERROR - Attempt 1/5 failed for https://api.jolpi.ca/ergast/f1/2003/drivers.json: 429 Client Error: Too Many Requests for url: https://api.jolpi.ca/ergast/f1/2003/drivers.json?limit=100&offset=0
2025-08-24 15:33:43,325 - INFO - Fetching data for 2004 season...
2025-08-24 15:33:44,159 - ERROR - Attempt 1/5 failed for https://api.jolpi.ca/ergast/f1/2004/drivers.json: 429 Client Error: Too Many Requests for url: https://api.jolpi.ca/ergast/f1/2004/drivers.json?limit=100&offset=0
2025-08-24 15:33:50,860 - INFO - Fetching data for 2005 season...
2025-08-24 15:33:52,566 - ERROR - Attempt 1/5 failed for https://api.jolpi.ca/ergast/f1/2005/constructors.json: 429 Client Error: Too Many Requests for url: https://api.jolpi.ca/ergast/f1/2005/constructors.json?limit=100&offset=0
2025-08-24 15:33:58,410 - INFO - Fetching data for 2006 season...
2025-08-24 15:34:00,112 - INFO - Fetching data for 2007 season...
2025-08-24 15:34:00,946 - ERROR - Attempt 1/5 failed for https://api.jolpi.ca/ergast/f1/2007/drivers.json: 429 Client Error: Too Many Requests for url: https://api.jolpi.ca/ergast/f1/2007/drivers.json?limit=100&offset=0
2025-08-24 15:34:07,859 - INFO - Fetching data for 2008 season...
2025-08-24 15:34:09,751 - ERROR - Attempt 1/5 failed for https://api.jolpi.ca/ergast/f1/2008/constructors.json: 429 Client Error: Too Many Requests for url: https://api.jolpi.ca/ergast/f1/2008/constructors.json?limit=100&offset=0
2025-08-24 15:34:15,638 - INFO - Fetching data for 2009 season...
2025-08-24 15:34:17,640 - INFO - Fetching data for 2010 season...
2025-08-24 15:34:18,478 - ERROR - Attempt 1/5 failed for https://api.jolpi.ca/ergast/f1/2010/drivers.json: 429 Client Error: Too Many Requests for url: https://api.jolpi.ca/ergast/f1/2010/drivers.json?limit=100&offset=0
2025-08-24 15:34:25,168 - INFO - Fetching data for 2011 season...
2025-08-24 15:34:26,007 - ERROR - Attempt 1/5 failed for https://api.jolpi.ca/ergast/f1/2011/drivers.json: 429 Client Error: Too Many Requests for url: https://api.jolpi.ca/ergast/f1/2011/drivers.json?limit=100&offset=0
2025-08-24 15:34:33,116 - INFO - Fetching data for 2012 season...
2025-08-24 15:34:35,017 - ERROR - Attempt 1/5 failed for https://api.jolpi.ca/ergast/f1/2012/constructors.json: 429 Client Error: Too Many Requests for url: https://api.jolpi.ca/ergast/f1/2012/constructors.json?limit=100&offset=0
2025-08-24 15:34:40,876 - INFO - Fetching data for 2013 season...
2025-08-24 15:34:42,797 - INFO - Fetching data for 2014 season...
2025-08-24 15:34:43,637 - ERROR - Attempt 1/5 failed for https://api.jolpi.ca/ergast/f1/2014/drivers.json: 429 Client Error: Too Many Requests for url: https://api.jolpi.ca/ergast/f1/2014/drivers.json?limit=100&offset=0
2025-08-24 15:34:50,528 - INFO - Fetching data for 2015 season...
2025-08-24 15:34:52,275 - ERROR - Attempt 1/5 failed for https://api.jolpi.ca/ergast/f1/2015/constructors.json: 429 Client Error: Too Many Requests for url: https://api.jolpi.ca/ergast/f1/2015/constructors.json?limit=100&offset=0
2025-08-24 15:34:58,182 - INFO - Fetching data for 2016 season...
2025-08-24 15:35:00,112 - INFO - Fetching data for 2017 season...
2025-08-24 15:35:00,983 - ERROR - Attempt 1/5 failed for https://api.jolpi.ca/ergast/f1/2017/drivers.json: 429 Client Error: Too Many Requests for url: https://api.jolpi.ca/ergast/f1/2017/drivers.json?limit=100&offset=0
2025-08-24 15:35:08,040 - INFO - Fetching data for 2018 season...
2025-08-24 15:35:09,935 - ERROR - Attempt 1/5 failed for https://api.jolpi.ca/ergast/f1/2018/constructors.json: 429 Client Error: Too Many Requests for url: https://api.jolpi.ca/ergast/f1/2018/constructors.json?limit=100&offset=0
2025-08-24 15:35:15,818 - INFO - Fetching data for 2019 season...
2025-08-24 15:35:17,710 - INFO - Fetching data for 2020 season...
2025-08-24 15:35:18,569 - ERROR - Attempt 1/5 failed for https://api.jolpi.ca/ergast/f1/2020/drivers.json: 429 Client Error: Too Many Requests for url: https://api.jolpi.ca/ergast/f1/2020/drivers.json?limit=100&offset=0
2025-08-24 15:35:25,306 - INFO - Fetching data for 2021 season...
2025-08-24 15:35:26,142 - ERROR - Attempt 1/5 failed for https://api.jolpi.ca/ergast/f1/2021/drivers.json: 429 Client Error: Too Many Requests for url: https://api.jolpi.ca/ergast/f1/2021/drivers.json?limit=100&offset=0
2025-08-24 15:35:32,921 - INFO - Fetching data for 2022 season...
2025-08-24 15:35:34,595 - ERROR - Attempt 1/5 failed for https://api.jolpi.ca/ergast/f1/2022/constructors.json: 429 Client Error: Too Many Requests for url: https://api.jolpi.ca/ergast/f1/2022/constructors.json?limit=100&offset=0
2025-08-24 15:35:40,452 - INFO - Fetching data for 2023 season...
2025-08-24 15:35:42,579 - INFO - Fetching data for 2024 season...
2025-08-24 15:35:43,521 - ERROR - Attempt 1/5 failed for https://api.jolpi.ca/ergast/f1/2024/drivers.json: 429 Client Error: Too Many Requests for url: https://api.jolpi.ca/ergast/f1/2024/drivers.json?limit=100&offset=0
2025-08-24 15:35:50,268 - INFO - Fetching data for 2025 season...
2025-08-24 15:35:52,275 - ERROR - Attempt 1/5 failed for https://api.jolpi.ca/ergast/f1/2025/constructors.json: 429 Client Error: Too Many Requests for url: https://api.jolpi.ca/ergast/f1/2025/constructors.json?limit=100&offset=0
2025-08-24 15:35:58,137 - INFO - Ingested 0 new drivers.
2025-08-24 15:35:58,137 - INFO - Ingested 0 new constructors.
2025-08-24 15:35:58,137 - INFO - Building foreign key maps...
2025-08-24 15:35:58,147 - INFO - Ingesting races...
2025-08-24 15:36:00,778 - ERROR - Attempt 1/5 failed for https://api.jolpi.ca/ergast/f1/1952/races.json: 429 Client Error: Too Many Requests for url: https://api.jolpi.ca/ergast/f1/1952/races.json?limit=100&offset=0
2025-08-24 15:36:08,357 - ERROR - Attempt 1/5 failed for https://api.jolpi.ca/ergast/f1/1954/races.json: 429 Client Error: Too Many Requests for url: https://api.jolpi.ca/ergast/f1/1954/races.json?limit=100&offset=0
2025-08-24 15:36:17,127 - ERROR - Attempt 1/5 failed for https://api.jolpi.ca/ergast/f1/1957/races.json: 429 Client Error: Too Many Requests for url: https://api.jolpi.ca/ergast/f1/1957/races.json?limit=100&offset=0
2025-08-24 15:36:25,645 - ERROR - Attempt 1/5 failed for https://api.jolpi.ca/ergast/f1/1960/races.json: 429 Client Error: Too Many Requests for url: https://api.jolpi.ca/ergast/f1/1960/races.json?limit=100&offset=0
2025-08-24 15:36:34,293 - ERROR - Attempt 1/5 failed for https://api.jolpi.ca/ergast/f1/1963/races.json: 429 Client Error: Too Many Requests for url: https://api.jolpi.ca/ergast/f1/1963/races.json?limit=100&offset=0
2025-08-24 15:36:42,828 - ERROR - Attempt 1/5 failed for https://api.jolpi.ca/ergast/f1/1966/races.json: 429 Client Error: Too Many Requests for url: https://api.jolpi.ca/ergast/f1/1966/races.json?limit=100&offset=0
2025-08-24 15:36:51,435 - ERROR - Attempt 1/5 failed for https://api.jolpi.ca/ergast/f1/1969/races.json: 429 Client Error: Too Many Requests for url: https://api.jolpi.ca/ergast/f1/1969/races.json?limit=100&offset=0
2025-08-24 15:36:59,271 - ERROR - Attempt 1/5 failed for https://api.jolpi.ca/ergast/f1/1971/races.json: 429 Client Error: Too Many Requests for url: https://api.jolpi.ca/ergast/f1/1971/races.json?limit=100&offset=0
2025-08-24 15:37:07,774 - ERROR - Attempt 1/5 failed for https://api.jolpi.ca/ergast/f1/1974/races.json: 429 Client Error: Too Many Requests for url: https://api.jolpi.ca/ergast/f1/1974/races.json?limit=100&offset=0
2025-08-24 15:37:16,658 - ERROR - Attempt 1/5 failed for https://api.jolpi.ca/ergast/f1/1977/races.json: 429 Client Error: Too Many Requests for url: https://api.jolpi.ca/ergast/f1/1977/races.json?limit=100&offset=0
2025-08-24 15:37:25,287 - ERROR - Attempt 1/5 failed for https://api.jolpi.ca/ergast/f1/1980/races.json: 429 Client Error: Too Many Requests for url: https://api.jolpi.ca/ergast/f1/1980/races.json?limit=100&offset=0
2025-08-24 15:37:34,121 - ERROR - Attempt 1/5 failed for https://api.jolpi.ca/ergast/f1/1983/races.json: 429 Client Error: Too Many Requests for url: https://api.jolpi.ca/ergast/f1/1983/races.json?limit=100&offset=0
2025-08-24 15:37:42,724 - ERROR - Attempt 1/5 failed for https://api.jolpi.ca/ergast/f1/1986/races.json: 429 Client Error: Too Many Requests for url: https://api.jolpi.ca/ergast/f1/1986/races.json?limit=100&offset=0
2025-08-24 15:37:50,257 - ERROR - Attempt 1/5 failed for https://api.jolpi.ca/ergast/f1/1988/races.json: 429 Client Error: Too Many Requests for url: https://api.jolpi.ca/ergast/f1/1988/races.json?limit=100&offset=0
2025-08-24 15:37:58,849 - ERROR - Attempt 1/5 failed for https://api.jolpi.ca/ergast/f1/1991/races.json: 429 Client Error: Too Many Requests for url: https://api.jolpi.ca/ergast/f1/1991/races.json?limit=100&offset=0
2025-08-24 15:38:07,271 - ERROR - Attempt 1/5 failed for https://api.jolpi.ca/ergast/f1/1994/races.json: 429 Client Error: Too Many Requests for url: https://api.jolpi.ca/ergast/f1/1994/races.json?limit=100&offset=0
2025-08-24 15:38:15,743 - ERROR - Attempt 1/5 failed for https://api.jolpi.ca/ergast/f1/1997/races.json: 429 Client Error: Too Many Requests for url: https://api.jolpi.ca/ergast/f1/1997/races.json?limit=100&offset=0
2025-08-24 15:38:23,278 - ERROR - Attempt 1/5 failed for https://api.jolpi.ca/ergast/f1/1999/races.json: 429 Client Error: Too Many Requests for url: https://api.jolpi.ca/ergast/f1/1999/races.json?limit=100&offset=0
2025-08-24 15:38:31,719 - ERROR - Attempt 1/5 failed for https://api.jolpi.ca/ergast/f1/2002/races.json: 429 Client Error: Too Many Requests for url: https://api.jolpi.ca/ergast/f1/2002/races.json?limit=100&offset=0
2025-08-24 15:38:40,524 - ERROR - Attempt 1/5 failed for https://api.jolpi.ca/ergast/f1/2005/races.json: 429 Client Error: Too Many Requests for url: https://api.jolpi.ca/ergast/f1/2005/races.json?limit=100&offset=0
2025-08-24 15:38:49,118 - ERROR - Attempt 1/5 failed for https://api.jolpi.ca/ergast/f1/2008/races.json: 429 Client Error: Too Many Requests for url: https://api.jolpi.ca/ergast/f1/2008/races.json?limit=100&offset=0
2025-08-24 15:38:58,111 - ERROR - Attempt 1/5 failed for https://api.jolpi.ca/ergast/f1/2011/races.json: 429 Client Error: Too Many Requests for url: https://api.jolpi.ca/ergast/f1/2011/races.json?limit=100&offset=0
2025-08-24 15:39:05,674 - ERROR - Attempt 1/5 failed for https://api.jolpi.ca/ergast/f1/2013/races.json: 429 Client Error: Too Many Requests for url: https://api.jolpi.ca/ergast/f1/2013/races.json?limit=100&offset=0
2025-08-24 15:39:14,323 - ERROR - Attempt 1/5 failed for https://api.jolpi.ca/ergast/f1/2016/races.json: 429 Client Error: Too Many Requests for url: https://api.jolpi.ca/ergast/f1/2016/races.json?limit=100&offset=0
2025-08-24 15:39:22,816 - ERROR - Attempt 1/5 failed for https://api.jolpi.ca/ergast/f1/2019/races.json: 429 Client Error: Too Many Requests for url: https://api.jolpi.ca/ergast/f1/2019/races.json?limit=100&offset=0
2025-08-24 15:39:31,483 - ERROR - Attempt 1/5 failed for https://api.jolpi.ca/ergast/f1/2022/races.json: 429 Client Error: Too Many Requests for url: https://api.jolpi.ca/ergast/f1/2022/races.json?limit=100&offset=0
2025-08-24 15:39:40,143 - ERROR - Attempt 1/5 failed for https://api.jolpi.ca/ergast/f1/2025/races.json: 429 Client Error: Too Many Requests for url: https://api.jolpi.ca/ergast/f1/2025/races.json?limit=100&offset=0
2025-08-24 15:39:45,989 - INFO - Ingesting race-related data (results, qualifying, etc.)...
2025-08-24 15:39:45,999 - INFO - Fetching data for Race: 1950 Round 1 (British Grand Prix)
2025-08-24 15:39:48,859 - ERROR - Attempt 1/5 failed for https://api.jolpi.ca/ergast/f1/1950/1/qualifying.json: 429 Client Error: Too Many Requests for url: https://api.jolpi.ca/ergast/f1/1950/1/qualifying.json?limit=100&offset=0
2025-08-24 15:39:55,772 - INFO - Fetching data for Race: 1950 Round 2 (Monaco Grand Prix)
2025-08-24 15:39:56,604 - ERROR - Attempt 1/5 failed for https://api.jolpi.ca/ergast/f1/1950/2/results.json: 429 Client Error: Too Many Requests for url: https://api.jolpi.ca/ergast/f1/1950/2/results.json?limit=100&offset=0
2025-08-24 15:40:05,413 - ERROR - Attempt 1/5 failed for https://api.jolpi.ca/ergast/f1/1950/2/laps.json: 429 Client Error: Too Many Requests for url: https://api.jolpi.ca/ergast/f1/1950/2/laps.json?limit=100&offset=0
2025-08-24 15:40:11,532 - INFO - Fetching data for Race: 1950 Round 3 (Indianapolis 500)
2025-08-24 15:40:14,221 - ERROR - Attempt 1/5 failed for https://api.jolpi.ca/ergast/f1/1950/3/qualifying.json: 429 Client Error: Too Many Requests for url: https://api.jolpi.ca/ergast/f1/1950/3/qualifying.json?limit=100&offset=0
2025-08-24 15:40:21,036 - INFO - Fetching data for Race: 1950 Round 4 (Swiss Grand Prix)
2025-08-24 15:40:22,787 - ERROR - Attempt 1/5 failed for https://api.jolpi.ca/ergast/f1/1950/4/sprint.json: 429 Client Error: Too Many Requests for url: https://api.jolpi.ca/ergast/f1/1950/4/sprint.json?limit=100&offset=0
2025-08-24 15:40:30,750 - INFO - Fetching data for Race: 1950 Round 5 (Belgian Grand Prix)
2025-08-24 15:40:31,588 - ERROR - Attempt 1/5 failed for https://api.jolpi.ca/ergast/f1/1950/5/results.json: 429 Client Error: Too Many Requests for url: https://api.jolpi.ca/ergast/f1/1950/5/results.json?limit=100&offset=0
2025-08-24 15:40:40,198 - ERROR - Attempt 1/5 failed for https://api.jolpi.ca/ergast/f1/1950/5/laps.json: 429 Client Error: Too Many Requests for url: https://api.jolpi.ca/ergast/f1/1950/5/laps.json?limit=100&offset=0
2025-08-24 15:40:46,034 - INFO - Fetching data for Race: 1950 Round 6 (French Grand Prix)
2025-08-24 15:40:47,773 - ERROR - Attempt 1/5 failed for https://api.jolpi.ca/ergast/f1/1950/6/sprint.json: 429 Client Error: Too Many Requests for url: https://api.jolpi.ca/ergast/f1/1950/6/sprint.json?limit=100&offset=0
2025-08-24 15:40:55,573 - INFO - Fetching data for Race: 1950 Round 7 (Italian Grand Prix)
2025-08-24 15:40:56,424 - ERROR - Attempt 1/5 failed for https://api.jolpi.ca/ergast/f1/1950/7/results.json: 429 Client Error: Too Many Requests for url: https://api.jolpi.ca/ergast/f1/1950/7/results.json?limit=100&offset=0
2025-08-24 15:41:05,004 - ERROR - Attempt 1/5 failed for https://api.jolpi.ca/ergast/f1/1950/7/laps.json: 429 Client Error: Too Many Requests for url: https://api.jolpi.ca/ergast/f1/1950/7/laps.json?limit=100&offset=0
2025-08-24 15:41:10,893 - INFO - Fetching data for Race: 1951 Round 1 (Swiss Grand Prix)
2025-08-24 15:41:13,959 - ERROR - Attempt 1/5 failed for https://api.jolpi.ca/ergast/f1/1951/1/qualifying.json: 429 Client Error: Too Many Requests for url: https://api.jolpi.ca/ergast/f1/1951/1/qualifying.json?limit=100&offset=0
2025-08-24 15:41:20,878 - INFO - Fetching data for Race: 1951 Round 2 (Indianapolis 500)
2025-08-24 15:41:22,628 - ERROR - Attempt 1/5 failed for https://api.jolpi.ca/ergast/f1/1951/2/sprint.json: 429 Client Error: Too Many Requests for url: https://api.jolpi.ca/ergast/f1/1951/2/sprint.json?limit=100&offset=0
2025-08-24 15:41:30,239 - INFO - Fetching data for Race: 1951 Round 3 (Belgian Grand Prix)
2025-08-24 15:41:31,051 - ERROR - Attempt 1/5 failed for https://api.jolpi.ca/ergast/f1/1951/3/results.json: 429 Client Error: Too Many Requests for url: https://api.jolpi.ca/ergast/f1/1951/3/results.json?limit=100&offset=0
2025-08-24 15:41:39,957 - ERROR - Attempt 1/5 failed for https://api.jolpi.ca/ergast/f1/1951/3/laps.json: 429 Client Error: Too Many Requests for url: https://api.jolpi.ca/ergast/f1/1951/3/laps.json?limit=100&offset=0
2025-08-24 15:41:46,025 - INFO - Fetching data for Race: 1951 Round 4 (French Grand Prix)
2025-08-24 15:41:47,796 - ERROR - Attempt 1/5 failed for https://api.jolpi.ca/ergast/f1/1951/4/sprint.json: 429 Client Error: Too Many Requests for url: https://api.jolpi.ca/ergast/f1/1951/4/sprint.json?limit=100&offset=0
2025-08-24 15:41:55,630 - INFO - Fetching data for Race: 1951 Round 5 (British Grand Prix)
2025-08-24 15:41:56,463 - ERROR - Attempt 1/5 failed for https://api.jolpi.ca/ergast/f1/1951/5/results.json: 429 Client Error: Too Many Requests for url: https://api.jolpi.ca/ergast/f1/1951/5/results.json?limit=100&offset=0
2025-08-24 15:42:05,255 - ERROR - Attempt 1/5 failed for https://api.jolpi.ca/ergast/f1/1951/5/laps.json: 429 Client Error: Too Many Requests for url: https://api.jolpi.ca/ergast/f1/1951/5/laps.json?limit=100&offset=0
2025-08-24 15:42:11,116 - INFO - Fetching data for Race: 1951 Round 6 (German Grand Prix)
2025-08-24 15:42:14,183 - ERROR - Attempt 1/5 failed for https://api.jolpi.ca/ergast/f1/1951/6/qualifying.json: 429 Client Error: Too Many Requests for url: https://api.jolpi.ca/ergast/f1/1951/6/qualifying.json?limit=100&offset=0
2025-08-24 15:42:21,137 - INFO - Fetching data for Race: 1951 Round 7 (Italian Grand Prix)
2025-08-24 15:42:23,101 - ERROR - Attempt 1/5 failed for https://api.jolpi.ca/ergast/f1/1951/7/sprint.json: 429 Client Error: Too Many Requests for url: https://api.jolpi.ca/ergast/f1/1951/7/sprint.json?limit=100&offset=0
2025-08-24 15:42:30,763 - INFO - Fetching data for Race: 1951 Round 8 (Spanish Grand Prix)
2025-08-24 15:42:31,791 - ERROR - Attempt 1/5 failed for https://api.jolpi.ca/ergast/f1/1951/8/results.json: 429 Client Error: Too Many Requests for url: https://api.jolpi.ca/ergast/f1/1951/8/results.json?limit=100&offset=0
2025-08-24 15:42:40,666 - ERROR - Attempt 1/5 failed for https://api.jolpi.ca/ergast/f1/1951/8/laps.json: 429 Client Error: Too Many Requests for url: https://api.jolpi.ca/ergast/f1/1951/8/laps.json?limit=100&offset=0
2025-08-24 15:42:46,735 - INFO - Fetching data for Race: 1952 Round 1 (Swiss Grand Prix)
2025-08-24 15:42:49,290 - ERROR - Attempt 1/5 failed for https://api.jolpi.ca/ergast/f1/1952/1/qualifying.json: 429 Client Error: Too Many Requests for url: https://api.jolpi.ca/ergast/f1/1952/1/qualifying.json?limit=100&offset=0
2025-08-24 15:42:56,193 - INFO - Fetching data for Race: 1952 Round 2 (Indianapolis 500)
2025-08-24 15:42:57,034 - ERROR - Attempt 1/5 failed for https://api.jolpi.ca/ergast/f1/1952/2/results.json: 429 Client Error: Too Many Requests for url: https://api.jolpi.ca/ergast/f1/1952/2/results.json?limit=100&offset=0
2025-08-24 15:43:05,826 - ERROR - Attempt 1/5 failed for https://api.jolpi.ca/ergast/f1/1952/2/laps.json: 429 Client Error: Too Many Requests for url: https://api.jolpi.ca/ergast/f1/1952/2/laps.json?limit=100&offset=0
2025-08-24 15:43:11,884 - INFO - Fetching data for Race: 1952 Round 3 (Belgian Grand Prix)
2025-08-24 15:43:14,768 - ERROR - Attempt 1/5 failed for https://api.jolpi.ca/ergast/f1/1952/3/qualifying.json: 429 Client Error: Too Many Requests for url: https://api.jolpi.ca/ergast/f1/1952/3/qualifying.json?limit=100&offset=0
2025-08-24 15:43:21,495 - INFO - Fetching data for Race: 1952 Round 4 (French Grand Prix)
2025-08-24 15:43:23,235 - ERROR - Attempt 1/5 failed for https://api.jolpi.ca/ergast/f1/1952/4/sprint.json: 429 Client Error: Too Many Requests for url: https://api.jolpi.ca/ergast/f1/1952/4/sprint.json?limit=100&offset=0
2025-08-24 15:43:31,071 - INFO - Fetching data for Race: 1952 Round 5 (British Grand Prix)
2025-08-24 15:43:31,897 - ERROR - Attempt 1/5 failed for https://api.jolpi.ca/ergast/f1/1952/5/results.json: 429 Client Error: Too Many Requests for url: https://api.jolpi.ca/ergast/f1/1952/5/results.json?limit=100&offset=0
2025-08-24 15:43:40,546 - ERROR - Attempt 1/5 failed for https://api.jolpi.ca/ergast/f1/1952/5/laps.json: 429 Client Error: Too Many Requests for url: https://api.jolpi.ca/ergast/f1/1952/5/laps.json?limit=100&offset=0
2025-08-24 15:43:46,393 - INFO - Fetching data for Race: 1952 Round 6 (German Grand Prix)
2025-08-24 15:43:49,378 - ERROR - Attempt 1/5 failed for https://api.jolpi.ca/ergast/f1/1952/6/qualifying.json: 429 Client Error: Too Many Requests for url: https://api.jolpi.ca/ergast/f1/1952/6/qualifying.json?limit=100&offset=0
2025-08-24 15:43:56,289 - INFO - Fetching data for Race: 1952 Round 7 (Dutch Grand Prix)
2025-08-24 15:43:57,117 - ERROR - Attempt 1/5 failed for https://api.jolpi.ca/ergast/f1/1952/7/results.json: 429 Client Error: Too Many Requests for url: https://api.jolpi.ca/ergast/f1/1952/7/results.json?limit=100&offset=0
2025-08-24 15:44:06,042 - ERROR - Attempt 1/5 failed for https://api.jolpi.ca/ergast/f1/1952/7/laps.json: 429 Client Error: Too Many Requests for url: https://api.jolpi.ca/ergast/f1/1952/7/laps.json?limit=100&offset=0
2025-08-24 15:44:11,914 - INFO - Fetching data for Race: 1952 Round 8 (Italian Grand Prix)
2025-08-24 15:44:14,897 - ERROR - Attempt 1/5 failed for https://api.jolpi.ca/ergast/f1/1952/8/qualifying.json: 429 Client Error: Too Many Requests for url: https://api.jolpi.ca/ergast/f1/1952/8/qualifying.json?limit=100&offset=0
2025-08-24 15:44:22,056 - INFO - Fetching data for Race: 1953 Round 1 (Argentine Grand Prix)
2025-08-24 15:44:24,071 - ERROR - Attempt 1/5 failed for https://api.jolpi.ca/ergast/f1/1953/1/sprint.json: 429 Client Error: Too Many Requests for url: https://api.jolpi.ca/ergast/f1/1953/1/sprint.json?limit=100&offset=0
2025-08-24 15:44:31,677 - INFO - Fetching data for Race: 1953 Round 2 (Indianapolis 500)
2025-08-24 15:44:32,557 - ERROR - Attempt 1/5 failed for https://api.jolpi.ca/ergast/f1/1953/2/results.json: 429 Client Error: Too Many Requests for url: https://api.jolpi.ca/ergast/f1/1953/2/results.json?limit=100&offset=0
2025-08-24 15:44:41,111 - ERROR - Attempt 1/5 failed for https://api.jolpi.ca/ergast/f1/1953/2/laps.json: 429 Client Error: Too Many Requests for url: https://api.jolpi.ca/ergast/f1/1953/2/laps.json?limit=100&offset=0
2025-08-24 15:44:46,981 - INFO - Fetching data for Race: 1953 Round 3 (Dutch Grand Prix)
2025-08-24 15:44:49,783 - ERROR - Attempt 1/5 failed for https://api.jolpi.ca/ergast/f1/1953/3/qualifying.json: 429 Client Error: Too Many Requests for url: https://api.jolpi.ca/ergast/f1/1953/3/qualifying.json?limit=100&offset=0
2025-08-24 15:44:56,504 - INFO - Fetching data for Race: 1953 Round 4 (Belgian Grand Prix)
2025-08-24 15:44:58,388 - ERROR - Attempt 1/5 failed for https://api.jolpi.ca/ergast/f1/1953/4/sprint.json: 429 Client Error: Too Many Requests for url: https://api.jolpi.ca/ergast/f1/1953/4/sprint.json?limit=100&offset=0
2025-08-24 15:45:06,213 - ERROR - Attempt 1/5 failed for https://api.jolpi.ca/ergast/f1/1953/4/laps.json: 429 Client Error: Too Many Requests for url: https://api.jolpi.ca/ergast/f1/1953/4/laps.json?limit=100&offset=0
2025-08-24 15:45:12,132 - INFO - Fetching data for Race: 1953 Round 5 (French Grand Prix)
2025-08-24 15:45:15,137 - ERROR - Attempt 1/5 failed for https://api.jolpi.ca/ergast/f1/1953/5/qualifying.json: 429 Client Error: Too Many Requests for url: https://api.jolpi.ca/ergast/f1/1953/5/qualifying.json?limit=100&offset=0
2025-08-24 15:45:21,985 - INFO - Fetching data for Race: 1953 Round 6 (British Grand Prix)
2025-08-24 15:45:24,173 - ERROR - Attempt 1/5 failed for https://api.jolpi.ca/ergast/f1/1953/6/sprint.json: 429 Client Error: Too Many Requests for url: https://api.jolpi.ca/ergast/f1/1953/6/sprint.json?limit=100&offset=0
2025-08-24 15:45:32,567 - INFO - Fetching data for Race: 1953 Round 7 (German Grand Prix)
2025-08-24 15:45:34,365 - ERROR - Attempt 1/5 failed for https://api.jolpi.ca/ergast/f1/1953/7/sprint.json: 429 Client Error: Too Many Requests for url: https://api.jolpi.ca/ergast/f1/1953/7/sprint.json?limit=100&offset=0
2025-08-24 15:45:41,899 - ERROR - Attempt 1/5 failed for https://api.jolpi.ca/ergast/f1/1953/7/laps.json: 429 Client Error: Too Many Requests for url: https://api.jolpi.ca/ergast/f1/1953/7/laps.json?limit=100&offset=0
2025-08-24 15:45:47,963 - INFO - Fetching data for Race: 1953 Round 8 (Swiss Grand Prix)
2025-08-24 15:45:50,567 - ERROR - Attempt 1/5 failed for https://api.jolpi.ca/ergast/f1/1953/8/qualifying.json: 429 Client Error: Too Many Requests for url: https://api.jolpi.ca/ergast/f1/1953/8/qualifying.json?limit=100&offset=0
2025-08-24 15:45:57,274 - INFO - Fetching data for Race: 1953 Round 9 (Italian Grand Prix)
2025-08-24 15:45:59,150 - ERROR - Attempt 1/5 failed for https://api.jolpi.ca/ergast/f1/1953/9/sprint.json: 429 Client Error: Too Many Requests for url: https://api.jolpi.ca/ergast/f1/1953/9/sprint.json?limit=100&offset=0
2025-08-24 15:46:06,946 - INFO - Fetching data for Race: 1954 Round 1 (Argentine Grand Prix)
2025-08-24 15:46:07,787 - ERROR - Attempt 1/5 failed for https://api.jolpi.ca/ergast/f1/1954/1/results.json: 429 Client Error: Too Many Requests for url: https://api.jolpi.ca/ergast/f1/1954/1/results.json?limit=100&offset=0
2025-08-24 15:46:16,772 - ERROR - Attempt 1/5 failed for https://api.jolpi.ca/ergast/f1/1954/1/laps.json: 429 Client Error: Too Many Requests for url: https://api.jolpi.ca/ergast/f1/1954/1/laps.json?limit=100&offset=0
2025-08-24 15:46:22,641 - INFO - Fetching data for Race: 1954 Round 2 (Indianapolis 500)
2025-08-24 15:46:25,811 - ERROR - Attempt 1/5 failed for https://api.jolpi.ca/ergast/f1/1954/2/qualifying.json: 429 Client Error: Too Many Requests for url: https://api.jolpi.ca/ergast/f1/1954/2/qualifying.json?limit=100&offset=0
2025-08-24 15:46:32,745 - INFO - Fetching data for Race: 1954 Round 3 (Belgian Grand Prix)
2025-08-24 15:46:34,487 - ERROR - Attempt 1/5 failed for https://api.jolpi.ca/ergast/f1/1954/3/sprint.json: 429 Client Error: Too Many Requests for url: https://api.jolpi.ca/ergast/f1/1954/3/sprint.json?limit=100&offset=0
2025-08-24 15:46:42,223 - ERROR - Attempt 1/5 failed for https://api.jolpi.ca/ergast/f1/1954/3/laps.json: 429 Client Error: Too Many Requests for url: https://api.jolpi.ca/ergast/f1/1954/3/laps.json?limit=100&offset=0
2025-08-24 15:46:48,304 - INFO - Fetching data for Race: 1954 Round 4 (French Grand Prix)
2025-08-24 15:46:51,186 - ERROR - Attempt 1/5 failed for https://api.jolpi.ca/ergast/f1/1954/4/qualifying.json: 429 Client Error: Too Many Requests for url: https://api.jolpi.ca/ergast/f1/1954/4/qualifying.json?limit=100&offset=0
2025-08-24 15:46:58,116 - INFO - Fetching data for Race: 1954 Round 5 (British Grand Prix)
2025-08-24 15:47:00,093 - ERROR - Attempt 1/5 failed for https://api.jolpi.ca/ergast/f1/1954/5/sprint.json: 429 Client Error: Too Many Requests for url: https://api.jolpi.ca/ergast/f1/1954/5/sprint.json?limit=100&offset=0
2025-08-24 15:47:07,874 - INFO - Fetching data for Race: 1954 Round 6 (German Grand Prix)
2025-08-24 15:47:08,766 - ERROR - Attempt 1/5 failed for https://api.jolpi.ca/ergast/f1/1954/6/results.json: 429 Client Error: Too Many Requests for url: https://api.jolpi.ca/ergast/f1/1954/6/results.json?limit=100&offset=0
2025-08-24 15:47:17,260 - ERROR - Attempt 1/5 failed for https://api.jolpi.ca/ergast/f1/1954/6/laps.json: 429 Client Error: Too Many Requests for url: https://api.jolpi.ca/ergast/f1/1954/6/laps.json?limit=100&offset=0
2025-08-24 15:47:23,348 - INFO - Fetching data for Race: 1954 Round 7 (Swiss Grand Prix)
2025-08-24 15:47:26,340 - ERROR - Attempt 1/5 failed for https://api.jolpi.ca/ergast/f1/1954/7/qualifying.json: 429 Client Error: Too Many Requests for url: https://api.jolpi.ca/ergast/f1/1954/7/qualifying.json?limit=100&offset=0
2025-08-24 15:47:33,273 - INFO - Fetching data for Race: 1954 Round 8 (Italian Grand Prix)
2025-08-24 15:47:35,119 - ERROR - Attempt 1/5 failed for https://api.jolpi.ca/ergast/f1/1954/8/sprint.json: 429 Client Error: Too Many Requests for url: https://api.jolpi.ca/ergast/f1/1954/8/sprint.json?limit=100&offset=0
2025-08-24 15:47:43,532 - INFO - Fetching data for Race: 1954 Round 9 (Spanish Grand Prix)
2025-08-24 15:47:44,399 - ERROR - Attempt 1/5 failed for https://api.jolpi.ca/ergast/f1/1954/9/results.json: 429 Client Error: Too Many Requests for url: https://api.jolpi.ca/ergast/f1/1954/9/results.json?limit=100&offset=0
2025-08-24 15:47:53,040 - ERROR - Attempt 1/5 failed for https://api.jolpi.ca/ergast/f1/1954/9/laps.json: 429 Client Error: Too Many Requests for url: https://api.jolpi.ca/ergast/f1/1954/9/laps.json?limit=100&offset=0
2025-08-24 15:47:58,897 - INFO - Fetching data for Race: 1955 Round 1 (Argentine Grand Prix)
2025-08-24 15:48:03,290 - ERROR - Attempt 1/5 failed for https://api.jolpi.ca/ergast/f1/1955/1/qualifying.json: 429 Client Error: Too Many Requests for url: https://api.jolpi.ca/ergast/f1/1955/1/qualifying.json?limit=100&offset=0
2025-08-24 15:48:10,235 - INFO - Fetching data for Race: 1955 Round 2 (Monaco Grand Prix)
2025-08-24 15:48:11,987 - ERROR - Attempt 1/5 failed for https://api.jolpi.ca/ergast/f1/1955/2/sprint.json: 429 Client Error: Too Many Requests for url: https://api.jolpi.ca/ergast/f1/1955/2/sprint.json?limit=100&offset=0
2025-08-24 15:48:19,881 - INFO - Fetching data for Race: 1955 Round 3 (Indianapolis 500)
2025-08-24 15:48:20,716 - ERROR - Attempt 1/5 failed for https://api.jolpi.ca/ergast/f1/1955/3/results.json: 429 Client Error: Too Many Requests for url: https://api.jolpi.ca/ergast/f1/1955/3/results.json?limit=100&offset=0
2025-08-24 15:48:29,379 - ERROR - Attempt 1/5 failed for https://api.jolpi.ca/ergast/f1/1955/3/laps.json: 429 Client Error: Too Many Requests for url: https://api.jolpi.ca/ergast/f1/1955/3/laps.json?limit=100&offset=0
2025-08-24 15:48:35,249 - INFO - Fetching data for Race: 1955 Round 4 (Belgian Grand Prix)
2025-08-24 15:48:38,112 - ERROR - Attempt 1/5 failed for https://api.jolpi.ca/ergast/f1/1955/4/qualifying.json: 429 Client Error: Too Many Requests for url: https://api.jolpi.ca/ergast/f1/1955/4/qualifying.json?limit=100&offset=0
2025-08-24 15:48:44,805 - INFO - Fetching data for Race: 1955 Round 5 (Dutch Grand Prix)
2025-08-24 15:48:46,561 - ERROR - Attempt 1/5 failed for https://api.jolpi.ca/ergast/f1/1955/5/sprint.json: 429 Client Error: Too Many Requests for url: https://api.jolpi.ca/ergast/f1/1955/5/sprint.json?limit=100&offset=0
2025-08-24 15:48:54,280 - ERROR - Attempt 1/5 failed for https://api.jolpi.ca/ergast/f1/1955/5/laps.json: 429 Client Error: Too Many Requests for url: https://api.jolpi.ca/ergast/f1/1955/5/laps.json?limit=100&offset=0
2025-08-24 15:49:00,137 - INFO - Fetching data for Race: 1955 Round 6 (British Grand Prix)
2025-08-24 15:49:03,033 - ERROR - Attempt 1/5 failed for https://api.jolpi.ca/ergast/f1/1955/6/qualifying.json: 429 Client Error: Too Many Requests for url: https://api.jolpi.ca/ergast/f1/1955/6/qualifying.json?limit=100&offset=0
2025-08-24 15:49:09,866 - INFO - Fetching data for Race: 1955 Round 7 (Italian Grand Prix)
2025-08-24 15:49:11,871 - ERROR - Attempt 1/5 failed for https://api.jolpi.ca/ergast/f1/1955/7/sprint.json: 429 Client Error: Too Many Requests for url: https://api.jolpi.ca/ergast/f1/1955/7/sprint.json?limit=100&offset=0
2025-08-24 15:49:20,004 - INFO - Fetching data for Race: 1956 Round 1 (Argentine Grand Prix)
2025-08-24 15:49:20,849 - ERROR - Attempt 1/5 failed for https://api.jolpi.ca/ergast/f1/1956/1/results.json: 429 Client Error: Too Many Requests for url: https://api.jolpi.ca/ergast/f1/1956/1/results.json?limit=100&offset=0
2025-08-24 15:49:29,915 - ERROR - Attempt 1/5 failed for https://api.jolpi.ca/ergast/f1/1956/1/laps.json: 429 Client Error: Too Many Requests for url: https://api.jolpi.ca/ergast/f1/1956/1/laps.json?limit=100&offset=0
2025-08-24 15:49:36,001 - INFO - Fetching data for Race: 1956 Round 2 (Monaco Grand Prix)
2025-08-24 15:49:38,851 - ERROR - Attempt 1/5 failed for https://api.jolpi.ca/ergast/f1/1956/2/qualifying.json: 429 Client Error: Too Many Requests for url: https://api.jolpi.ca/ergast/f1/1956/2/qualifying.json?limit=100&offset=0
2025-08-24 15:49:45,809 - INFO - Fetching data for Race: 1956 Round 3 (Indianapolis 500)
2025-08-24 15:49:47,581 - ERROR - Attempt 1/5 failed for https://api.jolpi.ca/ergast/f1/1956/3/sprint.json: 429 Client Error: Too Many Requests for url: https://api.jolpi.ca/ergast/f1/1956/3/sprint.json?limit=100&offset=0
2025-08-24 15:49:55,343 - INFO - Fetching data for Race: 1956 Round 4 (Belgian Grand Prix)
2025-08-24 15:49:56,161 - ERROR - Attempt 1/5 failed for https://api.jolpi.ca/ergast/f1/1956/4/results.json: 429 Client Error: Too Many Requests for url: https://api.jolpi.ca/ergast/f1/1956/4/results.json?limit=100&offset=0
2025-08-24 15:50:05,262 - ERROR - Attempt 1/5 failed for https://api.jolpi.ca/ergast/f1/1956/4/laps.json: 429 Client Error: Too Many Requests for url: https://api.jolpi.ca/ergast/f1/1956/4/laps.json?limit=100&offset=0
2025-08-24 15:50:11,146 - INFO - Fetching data for Race: 1956 Round 5 (French Grand Prix)
2025-08-24 15:50:13,986 - ERROR - Attempt 1/5 failed for https://api.jolpi.ca/ergast/f1/1956/5/qualifying.json: 429 Client Error: Too Many Requests for url: https://api.jolpi.ca/ergast/f1/1956/5/qualifying.json?limit=100&offset=0
2025-08-24 15:50:21,332 - INFO - Fetching data for Race: 1956 Round 6 (British Grand Prix)
2025-08-24 15:50:23,091 - ERROR - Attempt 1/5 failed for https://api.jolpi.ca/ergast/f1/1956/6/sprint.json: 429 Client Error: Too Many Requests for url: https://api.jolpi.ca/ergast/f1/1956/6/sprint.json?limit=100&offset=0
2025-08-24 15:50:30,681 - ERROR - Attempt 1/5 failed for https://api.jolpi.ca/ergast/f1/1956/6/laps.json: 429 Client Error: Too Many Requests for url: https://api.jolpi.ca/ergast/f1/1956/6/laps.json?limit=100&offset=0
2025-08-24 15:50:36,534 - INFO - Fetching data for Race: 1956 Round 7 (German Grand Prix)
2025-08-24 15:50:39,150 - ERROR - Attempt 1/5 failed for https://api.jolpi.ca/ergast/f1/1956/7/qualifying.json: 429 Client Error: Too Many Requests for url: https://api.jolpi.ca/ergast/f1/1956/7/qualifying.json?limit=100&offset=0
2025-08-24 15:50:45,926 - INFO - Fetching data for Race: 1956 Round 8 (Italian Grand Prix)
2025-08-24 15:50:47,707 - ERROR - Attempt 1/5 failed for https://api.jolpi.ca/ergast/f1/1956/8/sprint.json: 429 Client Error: Too Many Requests for url: https://api.jolpi.ca/ergast/f1/1956/8/sprint.json?limit=100&offset=0
2025-08-24 15:50:56,091 - INFO - Fetching data for Race: 1957 Round 1 (Argentine Grand Prix)
2025-08-24 15:50:56,933 - ERROR - Attempt 1/5 failed for https://api.jolpi.ca/ergast/f1/1957/1/results.json: 429 Client Error: Too Many Requests for url: https://api.jolpi.ca/ergast/f1/1957/1/results.json?limit=100&offset=0
2025-08-24 15:51:05,589 - ERROR - Attempt 1/5 failed for https://api.jolpi.ca/ergast/f1/1957/1/laps.json: 429 Client Error: Too Many Requests for url: https://api.jolpi.ca/ergast/f1/1957/1/laps.json?limit=100&offset=0
2025-08-24 15:51:11,899 - INFO - Fetching data for Race: 1957 Round 2 (Monaco Grand Prix)
2025-08-24 15:51:14,847 - ERROR - Attempt 1/5 failed for https://api.jolpi.ca/ergast/f1/1957/2/qualifying.json: 429 Client Error: Too Many Requests for url: https://api.jolpi.ca/ergast/f1/1957/2/qualifying.json?limit=100&offset=0
2025-08-24 15:51:21,960 - INFO - Fetching data for Race: 1957 Round 3 (Indianapolis 500)
2025-08-24 15:51:23,999 - ERROR - Attempt 1/5 failed for https://api.jolpi.ca/ergast/f1/1957/3/sprint.json: 429 Client Error: Too Many Requests for url: https://api.jolpi.ca/ergast/f1/1957/3/sprint.json?limit=100&offset=0
2025-08-24 15:51:32,174 - INFO - Fetching data for Race: 1957 Round 4 (French Grand Prix)
2025-08-24 15:51:32,991 - ERROR - Attempt 1/5 failed for https://api.jolpi.ca/ergast/f1/1957/4/results.json: 429 Client Error: Too Many Requests for url: https://api.jolpi.ca/ergast/f1/1957/4/results.json?limit=100&offset=0
2025-08-24 15:51:41,665 - ERROR - Attempt 1/5 failed for https://api.jolpi.ca/ergast/f1/1957/4/laps.json: 429 Client Error: Too Many Requests for url: https://api.jolpi.ca/ergast/f1/1957/4/laps.json?limit=100&offset=0
2025-08-24 15:51:47,526 - INFO - Fetching data for Race: 1957 Round 5 (British Grand Prix)
2025-08-24 15:51:50,134 - ERROR - Attempt 1/5 failed for https://api.jolpi.ca/ergast/f1/1957/5/qualifying.json: 429 Client Error: Too Many Requests for url: https://api.jolpi.ca/ergast/f1/1957/5/qualifying.json?limit=100&offset=0
2025-08-24 15:51:57,040 - INFO - Fetching data for Race: 1957 Round 6 (German Grand Prix)
2025-08-24 15:51:58,781 - ERROR - Attempt 1/5 failed for https://api.jolpi.ca/ergast/f1/1957/6/sprint.json: 429 Client Error: Too Many Requests for url: https://api.jolpi.ca/ergast/f1/1957/6/sprint.json?limit=100&offset=0
2025-08-24 15:52:06,323 - ERROR - Attempt 1/5 failed for https://api.jolpi.ca/ergast/f1/1957/6/laps.json: 429 Client Error: Too Many Requests for url: https://api.jolpi.ca/ergast/f1/1957/6/laps.json?limit=100&offset=0
2025-08-24 15:52:12,445 - INFO - Fetching data for Race: 1957 Round 7 (Pescara Grand Prix)
2025-08-24 15:52:15,102 - ERROR - Attempt 1/5 failed for https://api.jolpi.ca/ergast/f1/1957/7/qualifying.json: 429 Client Error: Too Many Requests for url: https://api.jolpi.ca/ergast/f1/1957/7/qualifying.json?limit=100&offset=0
2025-08-24 15:52:21,838 - INFO - Fetching data for Race: 1957 Round 8 (Italian Grand Prix)
2025-08-24 15:52:23,571 - ERROR - Attempt 1/5 failed for https://api.jolpi.ca/ergast/f1/1957/8/sprint.json: 429 Client Error: Too Many Requests for url: https://api.jolpi.ca/ergast/f1/1957/8/sprint.json?limit=100&offset=0
2025-08-24 15:52:31,358 - INFO - Fetching data for Race: 1958 Round 1 (Argentine Grand Prix)
2025-08-24 15:52:32,176 - ERROR - Attempt 1/5 failed for https://api.jolpi.ca/ergast/f1/1958/1/results.json: 429 Client Error: Too Many Requests for url: https://api.jolpi.ca/ergast/f1/1958/1/results.json?limit=100&offset=0
2025-08-24 15:52:41,400 - ERROR - Attempt 1/5 failed for https://api.jolpi.ca/ergast/f1/1958/1/laps.json: 429 Client Error: Too Many Requests for url: https://api.jolpi.ca/ergast/f1/1958/1/laps.json?limit=100&offset=0
2025-08-24 15:52:47,480 - INFO - Fetching data for Race: 1958 Round 2 (Monaco Grand Prix)
2025-08-24 15:52:50,353 - ERROR - Attempt 1/5 failed for https://api.jolpi.ca/ergast/f1/1958/2/qualifying.json: 429 Client Error: Too Many Requests for url: https://api.jolpi.ca/ergast/f1/1958/2/qualifying.json?limit=100&offset=0
2025-08-24 15:52:57,429 - INFO - Fetching data for Race: 1958 Round 3 (Dutch Grand Prix)
2025-08-24 15:52:59,184 - ERROR - Attempt 1/5 failed for https://api.jolpi.ca/ergast/f1/1958/3/sprint.json: 429 Client Error: Too Many Requests for url: https://api.jolpi.ca/ergast/f1/1958/3/sprint.json?limit=100&offset=0
2025-08-24 15:53:05,857 - ERROR - Attempt 1/5 failed for https://api.jolpi.ca/ergast/f1/1958/3/qualifying.json: 429 Client Error: Too Many Requests for url: https://api.jolpi.ca/ergast/f1/1958/3/qualifying.json?limit=100&offset=0
2025-08-24 15:53:11,701 - ERROR - Attempt 2/5 failed for https://api.jolpi.ca/ergast/f1/1958/3/qualifying.json: 429 Client Error: Too Many Requests for url: https://api.jolpi.ca/ergast/f1/1958/3/qualifying.json?limit=100&offset=0
2025-08-24 15:53:22,549 - ERROR - Attempt 3/5 failed for https://api.jolpi.ca/ergast/f1/1958/3/qualifying.json: 429 Client Error: Too Many Requests for url: https://api.jolpi.ca/ergast/f1/1958/3/qualifying.json?limit=100&offset=0
2025-08-24 15:53:38,416 - ERROR - Attempt 4/5 failed for https://api.jolpi.ca/ergast/f1/1958/3/qualifying.json: 429 Client Error: Too Many Requests for url: https://api.jolpi.ca/ergast/f1/1958/3/qualifying.json?limit=100&offset=0
2025-08-24 15:53:59,264 - ERROR - Attempt 5/5 failed for https://api.jolpi.ca/ergast/f1/1958/3/qualifying.json: 429 Client Error: Too Many Requests for url: https://api.jolpi.ca/ergast/f1/1958/3/qualifying.json?limit=100&offset=0
2025-08-24 15:53:59,264 - CRITICAL - All retry attempts failed for https://api.jolpi.ca/ergast/f1/1958/3/qualifying.json. Aborting.
2025-08-24 15:54:00,101 - ERROR - Attempt 1/5 failed for https://api.jolpi.ca/ergast/f1/1958/3/laps.json: 429 Client Error: Too Many Requests for url: https://api.jolpi.ca/ergast/f1/1958/3/laps.json?limit=100&offset=0
2025-08-24 15:54:05,934 - ERROR - Attempt 2/5 failed for https://api.jolpi.ca/ergast/f1/1958/3/laps.json: 429 Client Error: Too Many Requests for url: https://api.jolpi.ca/ergast/f1/1958/3/laps.json?limit=100&offset=0
2025-08-24 15:54:16,756 - ERROR - Attempt 3/5 failed for https://api.jolpi.ca/ergast/f1/1958/3/laps.json: 429 Client Error: Too Many Requests for url: https://api.jolpi.ca/ergast/f1/1958/3/laps.json?limit=100&offset=0
2025-08-24 15:54:32,590 - ERROR - Attempt 4/5 failed for https://api.jolpi.ca/ergast/f1/1958/3/laps.json: 429 Client Error: Too Many Requests for url: https://api.jolpi.ca/ergast/f1/1958/3/laps.json?limit=100&offset=0
2025-08-24 15:54:53,441 - ERROR - Attempt 5/5 failed for https://api.jolpi.ca/ergast/f1/1958/3/laps.json: 429 Client Error: Too Many Requests for url: https://api.jolpi.ca/ergast/f1/1958/3/laps.json?limit=100&offset=0
2025-08-24 15:54:53,442 - CRITICAL - All retry attempts failed for https://api.jolpi.ca/ergast/f1/1958/3/laps.json. Aborting.
2025-08-24 15:54:53,451 - INFO - Fetching data for Race: 1958 Round 4 (Indianapolis 500)
2025-08-24 15:54:54,336 - ERROR - Attempt 1/5 failed for https://api.jolpi.ca/ergast/f1/1958/4/results.json: 429 Client Error: Too Many Requests for url: https://api.jolpi.ca/ergast/f1/1958/4/results.json?limit=100&offset=0
2025-08-24 15:55:00,201 - ERROR - Attempt 2/5 failed for https://api.jolpi.ca/ergast/f1/1958/4/results.json: 429 Client Error: Too Many Requests for url: https://api.jolpi.ca/ergast/f1/1958/4/results.json?limit=100&offset=0
2025-08-24 15:55:11,035 - ERROR - Attempt 3/5 failed for https://api.jolpi.ca/ergast/f1/1958/4/results.json: 429 Client Error: Too Many Requests for url: https://api.jolpi.ca/ergast/f1/1958/4/results.json?limit=100&offset=0
2025-08-24 15:55:26,884 - ERROR - Attempt 4/5 failed for https://api.jolpi.ca/ergast/f1/1958/4/results.json: 429 Client Error: Too Many Requests for url: https://api.jolpi.ca/ergast/f1/1958/4/results.json?limit=100&offset=0
2025-08-24 15:55:47,745 - ERROR - Attempt 5/5 failed for https://api.jolpi.ca/ergast/f1/1958/4/results.json: 429 Client Error: Too Many Requests for url: https://api.jolpi.ca/ergast/f1/1958/4/results.json?limit=100&offset=0
2025-08-24 15:55:47,753 - CRITICAL - All retry attempts failed for https://api.jolpi.ca/ergast/f1/1958/4/results.json. Aborting.
2025-08-24 15:55:48,634 - ERROR - Attempt 1/5 failed for https://api.jolpi.ca/ergast/f1/1958/4/sprint.json: 429 Client Error: Too Many Requests for url: https://api.jolpi.ca/ergast/f1/1958/4/sprint.json?limit=100&offset=0
2025-08-24 15:55:54,466 - ERROR - Attempt 2/5 failed for https://api.jolpi.ca/ergast/f1/1958/4/sprint.json: 429 Client Error: Too Many Requests for url: https://api.jolpi.ca/ergast/f1/1958/4/sprint.json?limit=100&offset=0
2025-08-24 15:56:05,290 - ERROR - Attempt 3/5 failed for https://api.jolpi.ca/ergast/f1/1958/4/sprint.json: 429 Client Error: Too Many Requests for url: https://api.jolpi.ca/ergast/f1/1958/4/sprint.json?limit=100&offset=0
2025-08-24 15:56:21,140 - ERROR - Attempt 4/5 failed for https://api.jolpi.ca/ergast/f1/1958/4/sprint.json: 429 Client Error: Too Many Requests for url: https://api.jolpi.ca/ergast/f1/1958/4/sprint.json?limit=100&offset=0
2025-08-24 15:56:42,184 - ERROR - Attempt 5/5 failed for https://api.jolpi.ca/ergast/f1/1958/4/sprint.json: 429 Client Error: Too Many Requests for url: https://api.jolpi.ca/ergast/f1/1958/4/sprint.json?limit=100&offset=0
2025-08-24 15:56:42,197 - CRITICAL - All retry attempts failed for https://api.jolpi.ca/ergast/f1/1958/4/sprint.json. Aborting.
2025-08-24 15:56:43,034 - ERROR - Attempt 1/5 failed for https://api.jolpi.ca/ergast/f1/1958/4/qualifying.json: 429 Client Error: Too Many Requests for url: https://api.jolpi.ca/ergast/f1/1958/4/qualifying.json?limit=100&offset=0
2025-08-24 20:27:16,226 - INFO - Creating database tables...
2025-08-24 20:27:16,514 - INFO - Database tables created successfully.
2025-08-24 20:27:16,514 - INFO - Ingesting seasons...
2025-08-24 20:27:17,425 - INFO - Ingested 76 new seasons. Total seasons: 76
2025-08-24 20:27:17,425 - INFO - Ingesting circuits...
2025-08-24 20:27:18,579 - INFO - Ingested 77 new circuits.
2025-08-24 20:27:18,579 - INFO - Ingesting statuses...
2025-08-24 20:27:20,665 - INFO - Ingested 136 new statuses.
2025-08-24 20:27:20,665 - INFO - Ingesting drivers and constructors for all seasons...
2025-08-24 20:27:20,669 - INFO - Fetching data for 1950 season...
2025-08-24 20:27:22,380 - INFO - Fetching data for 1951 season...
2025-08-24 20:27:24,131 - INFO - Fetching data for 1952 season...
2025-08-24 20:27:26,905 - INFO - Fetching data for 1953 season...
2025-08-24 20:27:29,497 - INFO - Fetching data for 1954 season...
2025-08-24 20:27:31,670 - INFO - Fetching data for 1955 season...
2025-08-24 20:27:33,368 - INFO - Fetching data for 1956 season...
2025-08-24 20:27:35,288 - INFO - Fetching data for 1957 season...
2025-08-24 20:27:37,191 - INFO - Fetching data for 1958 season...
2025-08-24 20:27:38,893 - INFO - Fetching data for 1959 season...
2025-08-24 20:27:40,609 - INFO - Fetching data for 1960 season...
2025-08-24 20:27:42,310 - INFO - Fetching data for 1961 season...
2025-08-24 20:27:44,014 - INFO - Fetching data for 1962 season...
2025-08-24 20:27:45,715 - INFO - Fetching data for 1963 season...
2025-08-24 20:27:47,443 - INFO - Fetching data for 1964 season...
2025-08-24 20:27:49,119 - INFO - Fetching data for 1965 season...
2025-08-24 20:27:50,806 - INFO - Fetching data for 1966 season...
2025-08-24 20:27:52,495 - INFO - Fetching data for 1967 season...
2025-08-24 20:27:54,208 - INFO - Fetching data for 1968 season...
2025-08-24 20:27:56,104 - INFO - Fetching data for 1969 season...
2025-08-24 20:27:57,851 - INFO - Fetching data for 1970 season...
2025-08-24 20:27:59,544 - INFO - Fetching data for 1971 season...
2025-08-24 20:28:01,235 - INFO - Fetching data for 1972 season...
2025-08-24 20:28:03,278 - INFO - Fetching data for 1973 season...
2025-08-24 20:28:04,963 - INFO - Fetching data for 1974 season...
2025-08-24 20:28:06,628 - INFO - Fetching data for 1975 season...
2025-08-24 20:28:08,330 - INFO - Fetching data for 1976 season...
2025-08-24 20:28:10,316 - INFO - Fetching data for 1977 season...
2025-08-24 20:28:12,011 - INFO - Fetching data for 1978 season...
2025-08-24 20:28:13,718 - INFO - Fetching data for 1979 season...
2025-08-24 20:28:15,408 - INFO - Fetching data for 1980 season...
2025-08-24 20:28:17,147 - INFO - Fetching data for 1981 season...
2025-08-24 20:28:18,847 - INFO - Fetching data for 1982 season...
2025-08-24 20:28:20,552 - INFO - Fetching data for 1983 season...
2025-08-24 20:28:22,276 - INFO - Fetching data for 1984 season...
2025-08-24 20:28:24,223 - INFO - Fetching data for 1985 season...
2025-08-24 20:28:25,929 - INFO - Fetching data for 1986 season...
2025-08-24 20:28:27,600 - INFO - Fetching data for 1987 season...
2025-08-24 20:28:29,500 - INFO - Fetching data for 1988 season...
2025-08-24 20:28:31,230 - INFO - Fetching data for 1989 season...
2025-08-24 20:28:33,135 - INFO - Fetching data for 1990 season...
2025-08-24 20:28:33,957 - ERROR - Attempt 1/5 failed for https://api.jolpi.ca/ergast/f1/1990/drivers.json: 429 Client Error: Too Many Requests for url: https://api.jolpi.ca/ergast/f1/1990/drivers.json?limit=100&offset=0
2025-08-24 20:28:40,654 - INFO - Fetching data for 1991 season...
2025-08-24 20:28:41,484 - ERROR - Attempt 1/5 failed for https://api.jolpi.ca/ergast/f1/1991/drivers.json: 429 Client Error: Too Many Requests for url: https://api.jolpi.ca/ergast/f1/1991/drivers.json?limit=100&offset=0
2025-08-24 20:28:48,397 - INFO - Fetching data for 1992 season...
2025-08-24 20:28:50,101 - ERROR - Attempt 1/5 failed for https://api.jolpi.ca/ergast/f1/1992/constructors.json: 429 Client Error: Too Many Requests for url: https://api.jolpi.ca/ergast/f1/1992/constructors.json?limit=100&offset=0
2025-08-24 20:28:56,612 - INFO - Fetching data for 1993 season...
2025-08-24 20:28:58,347 - INFO - Fetching data for 1994 season...
2025-08-24 20:28:59,185 - ERROR - Attempt 1/5 failed for https://api.jolpi.ca/ergast/f1/1994/drivers.json: 429 Client Error: Too Many Requests for url: https://api.jolpi.ca/ergast/f1/1994/drivers.json?limit=100&offset=0
2025-08-24 20:29:05,882 - INFO - Fetching data for 1995 season...
2025-08-24 20:29:07,552 - ERROR - Attempt 1/5 failed for https://api.jolpi.ca/ergast/f1/1995/constructors.json: 429 Client Error: Too Many Requests for url: https://api.jolpi.ca/ergast/f1/1995/constructors.json?limit=100&offset=0
2025-08-24 20:29:13,488 - INFO - Fetching data for 1996 season...
2025-08-24 20:29:15,744 - INFO - Fetching data for 1997 season...
2025-08-24 20:29:16,574 - ERROR - Attempt 1/5 failed for https://api.jolpi.ca/ergast/f1/1997/drivers.json: 429 Client Error: Too Many Requests for url: https://api.jolpi.ca/ergast/f1/1997/drivers.json?limit=100&offset=0
2025-08-24 20:29:23,754 - INFO - Fetching data for 1998 season...
2025-08-24 20:29:25,474 - ERROR - Attempt 1/5 failed for https://api.jolpi.ca/ergast/f1/1998/constructors.json: 429 Client Error: Too Many Requests for url: https://api.jolpi.ca/ergast/f1/1998/constructors.json?limit=100&offset=0
2025-08-24 20:29:31,321 - INFO - Fetching data for 1999 season...
2025-08-24 20:29:33,215 - INFO - Fetching data for 2000 season...
2025-08-24 20:29:34,041 - ERROR - Attempt 1/5 failed for https://api.jolpi.ca/ergast/f1/2000/drivers.json: 429 Client Error: Too Many Requests for url: https://api.jolpi.ca/ergast/f1/2000/drivers.json?limit=100&offset=0
2025-08-24 20:29:40,912 - INFO - Fetching data for 2001 season...
2025-08-24 20:29:42,582 - ERROR - Attempt 1/5 failed for https://api.jolpi.ca/ergast/f1/2001/constructors.json: 429 Client Error: Too Many Requests for url: https://api.jolpi.ca/ergast/f1/2001/constructors.json?limit=100&offset=0
2025-08-24 20:29:48,653 - INFO - Fetching data for 2002 season...
2025-08-24 20:29:50,359 - ERROR - Attempt 1/5 failed for https://api.jolpi.ca/ergast/f1/2002/constructors.json: 429 Client Error: Too Many Requests for url: https://api.jolpi.ca/ergast/f1/2002/constructors.json?limit=100&offset=0
2025-08-24 20:29:56,287 - INFO - Fetching data for 2003 season...
2025-08-24 20:29:58,162 - INFO - Fetching data for 2004 season...
2025-08-24 20:29:58,983 - ERROR - Attempt 1/5 failed for https://api.jolpi.ca/ergast/f1/2004/drivers.json: 429 Client Error: Too Many Requests for url: https://api.jolpi.ca/ergast/f1/2004/drivers.json?limit=100&offset=0
2025-08-24 20:30:05,713 - INFO - Fetching data for 2005 season...
2025-08-24 20:30:07,370 - ERROR - Attempt 1/5 failed for https://api.jolpi.ca/ergast/f1/2005/constructors.json: 429 Client Error: Too Many Requests for url: https://api.jolpi.ca/ergast/f1/2005/constructors.json?limit=100&offset=0
2025-08-24 20:30:13,225 - INFO - Fetching data for 2006 season...
2025-08-24 20:30:15,165 - INFO - Fetching data for 2007 season...
2025-08-24 20:30:16,130 - ERROR - Attempt 1/5 failed for https://api.jolpi.ca/ergast/f1/2007/drivers.json: 429 Client Error: Too Many Requests for url: https://api.jolpi.ca/ergast/f1/2007/drivers.json?limit=100&offset=0
2025-08-24 20:30:22,840 - INFO - Fetching data for 2008 season...
2025-08-24 20:30:24,884 - ERROR - Attempt 1/5 failed for https://api.jolpi.ca/ergast/f1/2008/constructors.json: 429 Client Error: Too Many Requests for url: https://api.jolpi.ca/ergast/f1/2008/constructors.json?limit=100&offset=0
2025-08-24 20:30:30,739 - INFO - Fetching data for 2009 season...
2025-08-24 20:30:32,617 - ERROR - Attempt 1/5 failed for https://api.jolpi.ca/ergast/f1/2009/constructors.json: 429 Client Error: Too Many Requests for url: https://api.jolpi.ca/ergast/f1/2009/constructors.json?limit=100&offset=0
2025-08-24 20:30:38,463 - INFO - Fetching data for 2010 season...
2025-08-24 20:30:40,166 - INFO - Fetching data for 2011 season...
2025-08-24 20:30:41,006 - ERROR - Attempt 1/5 failed for https://api.jolpi.ca/ergast/f1/2011/drivers.json: 429 Client Error: Too Many Requests for url: https://api.jolpi.ca/ergast/f1/2011/drivers.json?limit=100&offset=0
2025-08-24 20:30:47,912 - INFO - Fetching data for 2012 season...
2025-08-24 20:30:49,570 - ERROR - Attempt 1/5 failed for https://api.jolpi.ca/ergast/f1/2012/constructors.json: 429 Client Error: Too Many Requests for url: https://api.jolpi.ca/ergast/f1/2012/constructors.json?limit=100&offset=0
2025-08-24 20:30:55,417 - INFO - Fetching data for 2013 season...
2025-08-24 20:30:57,405 - INFO - Fetching data for 2014 season...
2025-08-24 20:30:58,353 - ERROR - Attempt 1/5 failed for https://api.jolpi.ca/ergast/f1/2014/drivers.json: 429 Client Error: Too Many Requests for url: https://api.jolpi.ca/ergast/f1/2014/drivers.json?limit=100&offset=0
2025-08-24 20:31:05,376 - INFO - Fetching data for 2015 season...
2025-08-24 20:31:07,336 - ERROR - Attempt 1/5 failed for https://api.jolpi.ca/ergast/f1/2015/constructors.json: 429 Client Error: Too Many Requests for url: https://api.jolpi.ca/ergast/f1/2015/constructors.json?limit=100&offset=0
2025-08-24 20:31:13,386 - INFO - Fetching data for 2016 season...
2025-08-24 20:31:15,172 - INFO - Fetching data for 2017 season...
2025-08-24 20:31:15,997 - ERROR - Attempt 1/5 failed for https://api.jolpi.ca/ergast/f1/2017/drivers.json: 429 Client Error: Too Many Requests for url: https://api.jolpi.ca/ergast/f1/2017/drivers.json?limit=100&offset=0
2025-08-24 20:31:22,914 - INFO - Fetching data for 2018 season...
2025-08-24 20:31:23,745 - ERROR - Attempt 1/5 failed for https://api.jolpi.ca/ergast/f1/2018/drivers.json: 429 Client Error: Too Many Requests for url: https://api.jolpi.ca/ergast/f1/2018/drivers.json?limit=100&offset=0
2025-08-24 20:31:30,494 - INFO - Fetching data for 2019 season...
2025-08-24 20:31:32,165 - ERROR - Attempt 1/5 failed for https://api.jolpi.ca/ergast/f1/2019/constructors.json: 429 Client Error: Too Many Requests for url: https://api.jolpi.ca/ergast/f1/2019/constructors.json?limit=100&offset=0
2025-08-24 20:31:38,024 - INFO - Fetching data for 2020 season...
2025-08-24 20:31:39,979 - INFO - Fetching data for 2021 season...
2025-08-24 20:31:40,835 - ERROR - Attempt 1/5 failed for https://api.jolpi.ca/ergast/f1/2021/drivers.json: 429 Client Error: Too Many Requests for url: https://api.jolpi.ca/ergast/f1/2021/drivers.json?limit=100&offset=0
2025-08-24 20:31:47,920 - INFO - Fetching data for 2022 season...
2025-08-24 20:31:49,587 - ERROR - Attempt 1/5 failed for https://api.jolpi.ca/ergast/f1/2022/constructors.json: 429 Client Error: Too Many Requests for url: https://api.jolpi.ca/ergast/f1/2022/constructors.json?limit=100&offset=0
2025-08-24 20:31:55,698 - INFO - Fetching data for 2023 season...
2025-08-24 20:31:57,406 - INFO - Fetching data for 2024 season...
2025-08-24 20:31:58,223 - ERROR - Attempt 1/5 failed for https://api.jolpi.ca/ergast/f1/2024/drivers.json: 429 Client Error: Too Many Requests for url: https://api.jolpi.ca/ergast/f1/2024/drivers.json?limit=100&offset=0
2025-08-24 20:32:05,132 - INFO - Fetching data for 2025 season...
2025-08-24 20:32:06,836 - ERROR - Attempt 1/5 failed for https://api.jolpi.ca/ergast/f1/2025/constructors.json: 429 Client Error: Too Many Requests for url: https://api.jolpi.ca/ergast/f1/2025/constructors.json?limit=100&offset=0
2025-08-24 20:32:12,775 - INFO - Ingested 864 new drivers.
2025-08-24 20:32:12,776 - INFO - Ingested 211 new constructors.
2025-08-24 20:32:12,777 - INFO - Building foreign key maps...
2025-08-24 20:32:12,789 - INFO - Ingesting races...
2025-08-24 20:32:13,662 - INFO - Ingested 7 new races for 1950 season.
2025-08-24 20:32:14,490 - ERROR - Attempt 1/5 failed for https://api.jolpi.ca/ergast/f1/1951/races.json: 429 Client Error: Too Many Requests for url: https://api.jolpi.ca/ergast/f1/1951/races.json?limit=100&offset=0
2025-08-24 20:32:20,552 - INFO - Ingested 8 new races for 1951 season.
2025-08-24 20:32:21,626 - INFO - Ingested 8 new races for 1952 season.
2025-08-24 20:32:22,707 - INFO - Ingested 9 new races for 1953 season.
2025-08-24 20:32:23,545 - ERROR - Attempt 1/5 failed for https://api.jolpi.ca/ergast/f1/1954/races.json: 429 Client Error: Too Many Requests for url: https://api.jolpi.ca/ergast/f1/1954/races.json?limit=100&offset=0
2025-08-24 20:32:29,603 - INFO - Ingested 9 new races for 1954 season.
2025-08-24 20:32:30,788 - INFO - Ingested 7 new races for 1955 season.
2025-08-24 20:32:31,662 - INFO - Ingested 8 new races for 1956 season.
2025-08-24 20:32:32,492 - ERROR - Attempt 1/5 failed for https://api.jolpi.ca/ergast/f1/1957/races.json: 429 Client Error: Too Many Requests for url: https://api.jolpi.ca/ergast/f1/1957/races.json?limit=100&offset=0
2025-08-24 20:32:38,349 - INFO - Ingested 8 new races for 1957 season.
2025-08-24 20:32:39,223 - INFO - Ingested 11 new races for 1958 season.
2025-08-24 20:32:40,277 - INFO - Ingested 9 new races for 1959 season.
2025-08-24 20:32:41,099 - ERROR - Attempt 1/5 failed for https://api.jolpi.ca/ergast/f1/1960/races.json: 429 Client Error: Too Many Requests for url: https://api.jolpi.ca/ergast/f1/1960/races.json?limit=100&offset=0
2025-08-24 20:32:46,974 - INFO - Ingested 10 new races for 1960 season.
2025-08-24 20:32:48,035 - INFO - Ingested 8 new races for 1961 season.
2025-08-24 20:32:48,891 - INFO - Ingested 9 new races for 1962 season.
2025-08-24 20:32:49,713 - ERROR - Attempt 1/5 failed for https://api.jolpi.ca/ergast/f1/1963/races.json: 429 Client Error: Too Many Requests for url: https://api.jolpi.ca/ergast/f1/1963/races.json?limit=100&offset=0
2025-08-24 20:32:55,774 - INFO - Ingested 10 new races for 1963 season.
2025-08-24 20:32:56,653 - INFO - Ingested 10 new races for 1964 season.
2025-08-24 20:32:57,541 - INFO - Ingested 10 new races for 1965 season.
2025-08-24 20:32:58,361 - ERROR - Attempt 1/5 failed for https://api.jolpi.ca/ergast/f1/1966/races.json: 429 Client Error: Too Many Requests for url: https://api.jolpi.ca/ergast/f1/1966/races.json?limit=100&offset=0
2025-08-24 20:33:04,241 - INFO - Ingested 9 new races for 1966 season.
2025-08-24 20:33:05,101 - INFO - Ingested 11 new races for 1967 season.
2025-08-24 20:33:05,991 - INFO - Ingested 12 new races for 1968 season.
2025-08-24 20:33:06,827 - ERROR - Attempt 1/5 failed for https://api.jolpi.ca/ergast/f1/1969/races.json: 429 Client Error: Too Many Requests for url: https://api.jolpi.ca/ergast/f1/1969/races.json?limit=100&offset=0
2025-08-24 20:33:12,696 - INFO - Ingested 11 new races for 1969 season.
2025-08-24 20:33:13,780 - INFO - Ingested 13 new races for 1970 season.
2025-08-24 20:33:14,607 - ERROR - Attempt 1/5 failed for https://api.jolpi.ca/ergast/f1/1971/races.json: 429 Client Error: Too Many Requests for url: https://api.jolpi.ca/ergast/f1/1971/races.json?limit=100&offset=0
2025-08-24 20:33:20,484 - INFO - Ingested 11 new races for 1971 season.
2025-08-24 20:33:21,573 - INFO - Ingested 12 new races for 1972 season.
2025-08-24 20:33:22,625 - INFO - Ingested 15 new races for 1973 season.
2025-08-24 20:33:23,457 - ERROR - Attempt 1/5 failed for https://api.jolpi.ca/ergast/f1/1974/races.json: 429 Client Error: Too Many Requests for url: https://api.jolpi.ca/ergast/f1/1974/races.json?limit=100&offset=0
2025-08-24 20:33:29,324 - INFO - Ingested 15 new races for 1974 season.
2025-08-24 20:33:30,414 - INFO - Ingested 14 new races for 1975 season.
2025-08-24 20:33:31,449 - INFO - Ingested 16 new races for 1976 season.
2025-08-24 20:33:32,261 - ERROR - Attempt 1/5 failed for https://api.jolpi.ca/ergast/f1/1977/races.json: 429 Client Error: Too Many Requests for url: https://api.jolpi.ca/ergast/f1/1977/races.json?limit=100&offset=0
2025-08-24 20:33:38,134 - INFO - Ingested 17 new races for 1977 season.
2025-08-24 20:33:39,024 - INFO - Ingested 16 new races for 1978 season.
2025-08-24 20:33:39,876 - INFO - Ingested 15 new races for 1979 season.
2025-08-24 20:33:40,687 - ERROR - Attempt 1/5 failed for https://api.jolpi.ca/ergast/f1/1980/races.json: 429 Client Error: Too Many Requests for url: https://api.jolpi.ca/ergast/f1/1980/races.json?limit=100&offset=0
2025-08-24 20:33:46,743 - INFO - Ingested 14 new races for 1980 season.
2025-08-24 20:33:47,620 - INFO - Ingested 15 new races for 1981 season.
2025-08-24 20:33:48,839 - INFO - Ingested 16 new races for 1982 season.
2025-08-24 20:33:49,661 - ERROR - Attempt 1/5 failed for https://api.jolpi.ca/ergast/f1/1983/races.json: 429 Client Error: Too Many Requests for url: https://api.jolpi.ca/ergast/f1/1983/races.json?limit=100&offset=0
2025-08-24 20:33:55,517 - INFO - Ingested 15 new races for 1983 season.
2025-08-24 20:33:56,384 - INFO - Ingested 16 new races for 1984 season.
2025-08-24 20:33:57,574 - INFO - Ingested 16 new races for 1985 season.
2025-08-24 20:33:58,391 - ERROR - Attempt 1/5 failed for https://api.jolpi.ca/ergast/f1/1986/races.json: 429 Client Error: Too Many Requests for url: https://api.jolpi.ca/ergast/f1/1986/races.json?limit=100&offset=0
2025-08-24 20:34:04,262 - INFO - Ingested 16 new races for 1986 season.
2025-08-24 20:34:05,472 - INFO - Ingested 16 new races for 1987 season.
2025-08-24 20:34:06,616 - INFO - Ingested 16 new races for 1988 season.
2025-08-24 20:34:07,448 - ERROR - Attempt 1/5 failed for https://api.jolpi.ca/ergast/f1/1989/races.json: 429 Client Error: Too Many Requests for url: https://api.jolpi.ca/ergast/f1/1989/races.json?limit=100&offset=0
2025-08-24 20:34:13,304 - INFO - Ingested 16 new races for 1989 season.
2025-08-24 20:34:14,440 - INFO - Ingested 16 new races for 1990 season.
2025-08-24 20:34:15,328 - INFO - Ingested 16 new races for 1991 season.
2025-08-24 20:34:16,152 - ERROR - Attempt 1/5 failed for https://api.jolpi.ca/ergast/f1/1992/races.json: 429 Client Error: Too Many Requests for url: https://api.jolpi.ca/ergast/f1/1992/races.json?limit=100&offset=0
2025-08-24 20:34:22,022 - INFO - Ingested 16 new races for 1992 season.
2025-08-24 20:34:23,082 - INFO - Ingested 16 new races for 1993 season.
2025-08-24 20:34:23,957 - ERROR - Attempt 1/5 failed for https://api.jolpi.ca/ergast/f1/1994/races.json: 429 Client Error: Too Many Requests for url: https://api.jolpi.ca/ergast/f1/1994/races.json?limit=100&offset=0
2025-08-24 20:34:29,837 - INFO - Ingested 16 new races for 1994 season.
2025-08-24 20:34:30,696 - INFO - Ingested 17 new races for 1995 season.
2025-08-24 20:34:31,563 - INFO - Ingested 16 new races for 1996 season.
2025-08-24 20:34:32,387 - ERROR - Attempt 1/5 failed for https://api.jolpi.ca/ergast/f1/1997/races.json: 429 Client Error: Too Many Requests for url: https://api.jolpi.ca/ergast/f1/1997/races.json?limit=100&offset=0
2025-08-24 20:34:38,460 - INFO - Ingested 17 new races for 1997 season.
2025-08-24 20:34:39,351 - INFO - Ingested 16 new races for 1998 season.
2025-08-24 20:34:40,223 - INFO - Ingested 16 new races for 1999 season.
2025-08-24 20:34:41,058 - ERROR - Attempt 1/5 failed for https://api.jolpi.ca/ergast/f1/2000/races.json: 429 Client Error: Too Many Requests for url: https://api.jolpi.ca/ergast/f1/2000/races.json?limit=100&offset=0
2025-08-24 20:34:47,134 - INFO - Ingested 17 new races for 2000 season.
2025-08-24 20:34:48,247 - INFO - Ingested 17 new races for 2001 season.
2025-08-24 20:34:49,098 - INFO - Ingested 17 new races for 2002 season.
2025-08-24 20:34:49,911 - ERROR - Attempt 1/5 failed for https://api.jolpi.ca/ergast/f1/2003/races.json: 429 Client Error: Too Many Requests for url: https://api.jolpi.ca/ergast/f1/2003/races.json?limit=100&offset=0
2025-08-24 20:34:55,774 - INFO - Ingested 16 new races for 2003 season.
2025-08-24 20:34:56,865 - INFO - Ingested 18 new races for 2004 season.
2025-08-24 20:34:57,934 - INFO - Ingested 19 new races for 2005 season.
2025-08-24 20:34:58,763 - ERROR - Attempt 1/5 failed for https://api.jolpi.ca/ergast/f1/2006/races.json: 429 Client Error: Too Many Requests for url: https://api.jolpi.ca/ergast/f1/2006/races.json?limit=100&offset=0
2025-08-24 20:35:04,624 - INFO - Ingested 18 new races for 2006 season.
2025-08-24 20:35:05,501 - INFO - Ingested 17 new races for 2007 season.
2025-08-24 20:35:06,429 - INFO - Ingested 18 new races for 2008 season.
2025-08-24 20:35:07,237 - ERROR - Attempt 1/5 failed for https://api.jolpi.ca/ergast/f1/2009/races.json: 429 Client Error: Too Many Requests for url: https://api.jolpi.ca/ergast/f1/2009/races.json?limit=100&offset=0
2025-08-24 20:35:13,122 - INFO - Ingested 17 new races for 2009 season.
2025-08-24 20:35:14,003 - INFO - Ingested 19 new races for 2010 season.
2025-08-24 20:35:15,018 - ERROR - Attempt 1/5 failed for https://api.jolpi.ca/ergast/f1/2011/races.json: 429 Client Error: Too Many Requests for url: https://api.jolpi.ca/ergast/f1/2011/races.json?limit=100&offset=0
2025-08-24 20:35:20,950 - INFO - Ingested 19 new races for 2011 season.
2025-08-24 20:35:22,035 - INFO - Ingested 20 new races for 2012 season.
2025-08-24 20:35:22,903 - INFO - Ingested 19 new races for 2013 season.
2025-08-24 20:35:23,747 - ERROR - Attempt 1/5 failed for https://api.jolpi.ca/ergast/f1/2014/races.json: 429 Client Error: Too Many Requests for url: https://api.jolpi.ca/ergast/f1/2014/races.json?limit=100&offset=0
2025-08-24 20:35:29,610 - INFO - Ingested 19 new races for 2014 season.
2025-08-24 20:35:30,487 - INFO - Ingested 19 new races for 2015 season.
2025-08-24 20:35:31,374 - INFO - Ingested 21 new races for 2016 season.
2025-08-24 20:35:32,204 - ERROR - Attempt 1/5 failed for https://api.jolpi.ca/ergast/f1/2017/races.json: 429 Client Error: Too Many Requests for url: https://api.jolpi.ca/ergast/f1/2017/races.json?limit=100&offset=0
2025-08-24 20:35:38,080 - INFO - Ingested 20 new races for 2017 season.
2025-08-24 20:35:38,961 - INFO - Ingested 21 new races for 2018 season.
2025-08-24 20:35:40,033 - INFO - Ingested 21 new races for 2019 season.
2025-08-24 20:35:40,858 - ERROR - Attempt 1/5 failed for https://api.jolpi.ca/ergast/f1/2020/races.json: 429 Client Error: Too Many Requests for url: https://api.jolpi.ca/ergast/f1/2020/races.json?limit=100&offset=0
2025-08-24 20:35:46,732 - INFO - Ingested 17 new races for 2020 season.
2025-08-24 20:35:47,812 - INFO - Ingested 22 new races for 2021 season.
2025-08-24 20:35:48,861 - INFO - Ingested 22 new races for 2022 season.
2025-08-24 20:35:49,730 - ERROR - Attempt 1/5 failed for https://api.jolpi.ca/ergast/f1/2023/races.json: 429 Client Error: Too Many Requests for url: https://api.jolpi.ca/ergast/f1/2023/races.json?limit=100&offset=0
2025-08-24 20:35:55,632 - INFO - Ingested 22 new races for 2023 season.
2025-08-24 20:35:56,507 - INFO - Ingested 24 new races for 2024 season.
2025-08-24 20:35:57,632 - INFO - Ingested 24 new races for 2025 season.
2025-08-24 20:35:57,632 - INFO - Ingesting race-related data (results, qualifying, etc.)...
2025-08-24 20:35:57,643 - INFO - Fetching data for Race: 1950 Round 1 (British Grand Prix)
2025-08-24 20:35:58,482 - ERROR - Attempt 1/5 failed for https://api.jolpi.ca/ergast/f1/1950/1/results.json: 429 Client Error: Too Many Requests for url: https://api.jolpi.ca/ergast/f1/1950/1/results.json?limit=100&offset=0
2025-08-24 20:36:07,193 - ERROR - Attempt 1/5 failed for https://api.jolpi.ca/ergast/f1/1950/1/laps.json: 429 Client Error: Too Many Requests for url: https://api.jolpi.ca/ergast/f1/1950/1/laps.json?limit=100&offset=0
2025-08-24 20:36:13,503 - INFO - Fetching data for Race: 1950 Round 2 (Monaco Grand Prix)
2025-08-24 20:36:16,307 - ERROR - Attempt 1/5 failed for https://api.jolpi.ca/ergast/f1/1950/2/qualifying.json: 429 Client Error: Too Many Requests for url: https://api.jolpi.ca/ergast/f1/1950/2/qualifying.json?limit=100&offset=0
2025-08-24 20:36:23,036 - INFO - Fetching data for Race: 1950 Round 3 (Indianapolis 500)
2025-08-24 20:36:23,943 - ERROR - Attempt 1/5 failed for https://api.jolpi.ca/ergast/f1/1950/3/results.json: 429 Client Error: Too Many Requests for url: https://api.jolpi.ca/ergast/f1/1950/3/results.json?limit=100&offset=0
2025-08-24 20:36:32,545 - ERROR - Attempt 1/5 failed for https://api.jolpi.ca/ergast/f1/1950/3/laps.json: 429 Client Error: Too Many Requests for url: https://api.jolpi.ca/ergast/f1/1950/3/laps.json?limit=100&offset=0
2025-08-24 20:36:38,418 - INFO - Fetching data for Race: 1950 Round 4 (Swiss Grand Prix)
2025-08-24 20:36:41,090 - ERROR - Attempt 1/5 failed for https://api.jolpi.ca/ergast/f1/1950/4/qualifying.json: 429 Client Error: Too Many Requests for url: https://api.jolpi.ca/ergast/f1/1950/4/qualifying.json?limit=100&offset=0
2025-08-24 20:36:47,819 - INFO - Fetching data for Race: 1950 Round 5 (Belgian Grand Prix)
2025-08-24 20:36:49,811 - ERROR - Attempt 1/5 failed for https://api.jolpi.ca/ergast/f1/1950/5/sprint.json: 429 Client Error: Too Many Requests for url: https://api.jolpi.ca/ergast/f1/1950/5/sprint.json?limit=100&offset=0
2025-08-24 20:36:57,576 - INFO - Fetching data for Race: 1950 Round 6 (French Grand Prix)
2025-08-24 20:36:58,416 - ERROR - Attempt 1/5 failed for https://api.jolpi.ca/ergast/f1/1950/6/results.json: 429 Client Error: Too Many Requests for url: https://api.jolpi.ca/ergast/f1/1950/6/results.json?limit=100&offset=0
2025-08-24 20:37:06,180 - ERROR - Attempt 1/5 failed for https://api.jolpi.ca/ergast/f1/1950/6/qualifying.json: 429 Client Error: Too Many Requests for url: https://api.jolpi.ca/ergast/f1/1950/6/qualifying.json?limit=100&offset=0
2025-08-24 20:37:13,344 - INFO - Fetching data for Race: 1950 Round 7 (Italian Grand Prix)
2025-08-24 20:37:16,414 - ERROR - Attempt 1/5 failed for https://api.jolpi.ca/ergast/f1/1950/7/qualifying.json: 429 Client Error: Too Many Requests for url: https://api.jolpi.ca/ergast/f1/1950/7/qualifying.json?limit=100&offset=0
2025-08-24 20:37:23,174 - INFO - Fetching data for Race: 1951 Round 1 (Swiss Grand Prix)
2025-08-24 20:37:24,219 - ERROR - Attempt 1/5 failed for https://api.jolpi.ca/ergast/f1/1951/1/results.json: 429 Client Error: Too Many Requests for url: https://api.jolpi.ca/ergast/f1/1951/1/results.json?limit=100&offset=0
2025-08-24 20:37:32,692 - ERROR - Attempt 1/5 failed for https://api.jolpi.ca/ergast/f1/1951/1/laps.json: 429 Client Error: Too Many Requests for url: https://api.jolpi.ca/ergast/f1/1951/1/laps.json?limit=100&offset=0
2025-08-24 20:37:38,752 - INFO - Fetching data for Race: 1951 Round 2 (Indianapolis 500)
2025-08-24 20:37:41,348 - ERROR - Attempt 1/5 failed for https://api.jolpi.ca/ergast/f1/1951/2/qualifying.json: 429 Client Error: Too Many Requests for url: https://api.jolpi.ca/ergast/f1/1951/2/qualifying.json?limit=100&offset=0
2025-08-24 20:37:48,149 - INFO - Fetching data for Race: 1951 Round 3 (Belgian Grand Prix)
2025-08-24 20:37:50,039 - ERROR - Attempt 1/5 failed for https://api.jolpi.ca/ergast/f1/1951/3/sprint.json: 429 Client Error: Too Many Requests for url: https://api.jolpi.ca/ergast/f1/1951/3/sprint.json?limit=100&offset=0
2025-08-24 20:37:57,620 - INFO - Fetching data for Race: 1951 Round 4 (French Grand Prix)
2025-08-24 20:37:58,448 - ERROR - Attempt 1/5 failed for https://api.jolpi.ca/ergast/f1/1951/4/results.json: 429 Client Error: Too Many Requests for url: https://api.jolpi.ca/ergast/f1/1951/4/results.json?limit=100&offset=0
2025-08-24 20:38:06,124 - ERROR - Attempt 1/5 failed for https://api.jolpi.ca/ergast/f1/1951/4/qualifying.json: 429 Client Error: Too Many Requests for url: https://api.jolpi.ca/ergast/f1/1951/4/qualifying.json?limit=100&offset=0
2025-08-24 20:38:12,954 - INFO - Fetching data for Race: 1951 Round 5 (British Grand Prix)
2025-08-24 20:38:14,931 - ERROR - Attempt 1/5 failed for https://api.jolpi.ca/ergast/f1/1951/5/sprint.json: 429 Client Error: Too Many Requests for url: https://api.jolpi.ca/ergast/f1/1951/5/sprint.json?limit=100&offset=0
2025-08-24 20:38:23,091 - INFO - Fetching data for Race: 1951 Round 6 (German Grand Prix)
2025-08-24 20:38:23,953 - ERROR - Attempt 1/5 failed for https://api.jolpi.ca/ergast/f1/1951/6/results.json: 429 Client Error: Too Many Requests for url: https://api.jolpi.ca/ergast/f1/1951/6/results.json?limit=100&offset=0
2025-08-24 20:38:32,891 - ERROR - Attempt 1/5 failed for https://api.jolpi.ca/ergast/f1/1951/6/laps.json: 429 Client Error: Too Many Requests for url: https://api.jolpi.ca/ergast/f1/1951/6/laps.json?limit=100&offset=0
2025-08-24 20:38:38,739 - INFO - Fetching data for Race: 1951 Round 7 (Italian Grand Prix)
2025-08-24 20:38:41,576 - ERROR - Attempt 1/5 failed for https://api.jolpi.ca/ergast/f1/1951/7/qualifying.json: 429 Client Error: Too Many Requests for url: https://api.jolpi.ca/ergast/f1/1951/7/qualifying.json?limit=100&offset=0
2025-08-24 20:38:48,488 - INFO - Fetching data for Race: 1951 Round 8 (Spanish Grand Prix)
2025-08-24 20:38:50,192 - ERROR - Attempt 1/5 failed for https://api.jolpi.ca/ergast/f1/1951/8/sprint.json: 429 Client Error: Too Many Requests for url: https://api.jolpi.ca/ergast/f1/1951/8/sprint.json?limit=100&offset=0
2025-08-24 20:38:57,765 - INFO - Fetching data for Race: 1952 Round 1 (Swiss Grand Prix)
2025-08-24 20:38:58,610 - ERROR - Attempt 1/5 failed for https://api.jolpi.ca/ergast/f1/1952/1/results.json: 429 Client Error: Too Many Requests for url: https://api.jolpi.ca/ergast/f1/1952/1/results.json?limit=100&offset=0
2025-08-24 20:39:06,234 - ERROR - Attempt 1/5 failed for https://api.jolpi.ca/ergast/f1/1952/1/qualifying.json: 429 Client Error: Too Many Requests for url: https://api.jolpi.ca/ergast/f1/1952/1/qualifying.json?limit=100&offset=0
2025-08-24 20:39:12,996 - INFO - Fetching data for Race: 1952 Round 2 (Indianapolis 500)
2025-08-24 20:39:14,726 - ERROR - Attempt 1/5 failed for https://api.jolpi.ca/ergast/f1/1952/2/sprint.json: 429 Client Error: Too Many Requests for url: https://api.jolpi.ca/ergast/f1/1952/2/sprint.json?limit=100&offset=0
2025-08-24 20:39:22,408 - INFO - Fetching data for Race: 1952 Round 3 (Belgian Grand Prix)
2025-08-24 20:39:23,259 - ERROR - Attempt 1/5 failed for https://api.jolpi.ca/ergast/f1/1952/3/results.json: 429 Client Error: Too Many Requests for url: https://api.jolpi.ca/ergast/f1/1952/3/results.json?limit=100&offset=0
2025-08-24 20:39:32,014 - ERROR - Attempt 1/5 failed for https://api.jolpi.ca/ergast/f1/1952/3/laps.json: 429 Client Error: Too Many Requests for url: https://api.jolpi.ca/ergast/f1/1952/3/laps.json?limit=100&offset=0
2025-08-24 20:39:38,058 - INFO - Fetching data for Race: 1952 Round 4 (French Grand Prix)
2025-08-24 20:39:40,872 - ERROR - Attempt 1/5 failed for https://api.jolpi.ca/ergast/f1/1952/4/qualifying.json: 429 Client Error: Too Many Requests for url: https://api.jolpi.ca/ergast/f1/1952/4/qualifying.json?limit=100&offset=0
2025-08-24 20:39:47,861 - INFO - Fetching data for Race: 1952 Round 5 (British Grand Prix)
2025-08-24 20:39:49,801 - ERROR - Attempt 1/5 failed for https://api.jolpi.ca/ergast/f1/1952/5/sprint.json: 429 Client Error: Too Many Requests for url: https://api.jolpi.ca/ergast/f1/1952/5/sprint.json?limit=100&offset=0
2025-08-24 20:39:57,355 - ERROR - Attempt 1/5 failed for https://api.jolpi.ca/ergast/f1/1952/5/laps.json: 429 Client Error: Too Many Requests for url: https://api.jolpi.ca/ergast/f1/1952/5/laps.json?limit=100&offset=0
2025-08-24 20:40:03,241 - INFO - Fetching data for Race: 1952 Round 6 (German Grand Prix)
2025-08-24 20:40:07,728 - ERROR - Attempt 1/5 failed for https://api.jolpi.ca/ergast/f1/1952/6/laps.json: 429 Client Error: Too Many Requests for url: https://api.jolpi.ca/ergast/f1/1952/6/laps.json?limit=100&offset=0
2025-08-24 20:40:13,586 - INFO - Fetching data for Race: 1952 Round 7 (Dutch Grand Prix)
2025-08-24 20:40:15,483 - ERROR - Attempt 1/5 failed for https://api.jolpi.ca/ergast/f1/1952/7/sprint.json: 429 Client Error: Too Many Requests for url: https://api.jolpi.ca/ergast/f1/1952/7/sprint.json?limit=100&offset=0
2025-08-24 20:40:23,145 - INFO - Fetching data for Race: 1952 Round 8 (Italian Grand Prix)
2025-08-24 20:40:24,041 - ERROR - Attempt 1/5 failed for https://api.jolpi.ca/ergast/f1/1952/8/results.json: 429 Client Error: Too Many Requests for url: https://api.jolpi.ca/ergast/f1/1952/8/results.json?limit=100&offset=0
2025-08-24 20:40:32,718 - ERROR - Attempt 1/5 failed for https://api.jolpi.ca/ergast/f1/1952/8/laps.json: 429 Client Error: Too Many Requests for url: https://api.jolpi.ca/ergast/f1/1952/8/laps.json?limit=100&offset=0
2025-08-24 20:40:38,575 - INFO - Fetching data for Race: 1953 Round 1 (Argentine Grand Prix)
2025-08-24 20:40:41,416 - ERROR - Attempt 1/5 failed for https://api.jolpi.ca/ergast/f1/1953/1/qualifying.json: 429 Client Error: Too Many Requests for url: https://api.jolpi.ca/ergast/f1/1953/1/qualifying.json?limit=100&offset=0
2025-08-24 20:40:48,196 - INFO - Fetching data for Race: 1953 Round 2 (Indianapolis 500)
2025-08-24 20:40:50,164 - ERROR - Attempt 1/5 failed for https://api.jolpi.ca/ergast/f1/1953/2/sprint.json: 429 Client Error: Too Many Requests for url: https://api.jolpi.ca/ergast/f1/1953/2/sprint.json?limit=100&offset=0
2025-08-24 20:40:58,009 - INFO - Fetching data for Race: 1953 Round 3 (Dutch Grand Prix)
2025-08-24 20:40:58,870 - ERROR - Attempt 1/5 failed for https://api.jolpi.ca/ergast/f1/1953/3/results.json: 429 Client Error: Too Many Requests for url: https://api.jolpi.ca/ergast/f1/1953/3/results.json?limit=100&offset=0
2025-08-24 20:41:07,502 - ERROR - Attempt 1/5 failed for https://api.jolpi.ca/ergast/f1/1953/3/laps.json: 429 Client Error: Too Many Requests for url: https://api.jolpi.ca/ergast/f1/1953/3/laps.json?limit=100&offset=0
2025-08-24 20:41:13,418 - INFO - Fetching data for Race: 1953 Round 4 (Belgian Grand Prix)
2025-08-24 20:41:15,399 - ERROR - Attempt 1/5 failed for https://api.jolpi.ca/ergast/f1/1953/4/sprint.json: 429 Client Error: Too Many Requests for url: https://api.jolpi.ca/ergast/f1/1953/4/sprint.json?limit=100&offset=0
2025-08-24 20:41:23,161 - INFO - Fetching data for Race: 1953 Round 5 (French Grand Prix)
2025-08-24 20:41:24,064 - ERROR - Attempt 1/5 failed for https://api.jolpi.ca/ergast/f1/1953/5/results.json: 429 Client Error: Too Many Requests for url: https://api.jolpi.ca/ergast/f1/1953/5/results.json?limit=100&offset=0
2025-08-24 20:41:33,104 - ERROR - Attempt 1/5 failed for https://api.jolpi.ca/ergast/f1/1953/5/laps.json: 429 Client Error: Too Many Requests for url: https://api.jolpi.ca/ergast/f1/1953/5/laps.json?limit=100&offset=0
2025-08-24 20:41:38,979 - INFO - Fetching data for Race: 1953 Round 6 (British Grand Prix)
2025-08-24 20:41:41,871 - ERROR - Attempt 1/5 failed for https://api.jolpi.ca/ergast/f1/1953/6/qualifying.json: 429 Client Error: Too Many Requests for url: https://api.jolpi.ca/ergast/f1/1953/6/qualifying.json?limit=100&offset=0
2025-08-24 20:41:48,974 - INFO - Fetching data for Race: 1953 Round 7 (German Grand Prix)
2025-08-24 20:41:51,021 - ERROR - Attempt 1/5 failed for https://api.jolpi.ca/ergast/f1/1953/7/sprint.json: 429 Client Error: Too Many Requests for url: https://api.jolpi.ca/ergast/f1/1953/7/sprint.json?limit=100&offset=0
2025-08-24 20:41:58,802 - INFO - Fetching data for Race: 1953 Round 8 (Swiss Grand Prix)
2025-08-24 20:41:59,655 - ERROR - Attempt 1/5 failed for https://api.jolpi.ca/ergast/f1/1953/8/results.json: 429 Client Error: Too Many Requests for url: https://api.jolpi.ca/ergast/f1/1953/8/results.json?limit=100&offset=0
2025-08-24 20:42:08,183 - ERROR - Attempt 1/5 failed for https://api.jolpi.ca/ergast/f1/1953/8/laps.json: 429 Client Error: Too Many Requests for url: https://api.jolpi.ca/ergast/f1/1953/8/laps.json?limit=100&offset=0
2025-08-24 20:42:14,110 - INFO - Fetching data for Race: 1953 Round 9 (Italian Grand Prix)
2025-08-24 20:42:15,007 - ERROR - Attempt 1/5 failed for https://api.jolpi.ca/ergast/f1/1953/9/results.json: 429 Client Error: Too Many Requests for url: https://api.jolpi.ca/ergast/f1/1953/9/results.json?limit=100&offset=0
2025-08-24 20:42:23,987 - ERROR - Attempt 1/5 failed for https://api.jolpi.ca/ergast/f1/1953/9/laps.json: 429 Client Error: Too Many Requests for url: https://api.jolpi.ca/ergast/f1/1953/9/laps.json?limit=100&offset=0
2025-08-24 20:42:29,879 - INFO - Fetching data for Race: 1954 Round 1 (Argentine Grand Prix)
2025-08-24 20:42:32,698 - ERROR - Attempt 1/5 failed for https://api.jolpi.ca/ergast/f1/1954/1/qualifying.json: 429 Client Error: Too Many Requests for url: https://api.jolpi.ca/ergast/f1/1954/1/qualifying.json?limit=100&offset=0
2025-08-24 20:42:39,465 - INFO - Fetching data for Race: 1954 Round 2 (Indianapolis 500)
2025-08-24 20:42:41,383 - ERROR - Attempt 1/5 failed for https://api.jolpi.ca/ergast/f1/1954/2/sprint.json: 429 Client Error: Too Many Requests for url: https://api.jolpi.ca/ergast/f1/1954/2/sprint.json?limit=100&offset=0
2025-08-24 20:42:49,385 - INFO - Fetching data for Race: 1954 Round 3 (Belgian Grand Prix)
2025-08-24 20:42:50,211 - ERROR - Attempt 1/5 failed for https://api.jolpi.ca/ergast/f1/1954/3/results.json: 429 Client Error: Too Many Requests for url: https://api.jolpi.ca/ergast/f1/1954/3/results.json?limit=100&offset=0
2025-08-24 20:42:59,904 - ERROR - Attempt 1/5 failed for https://api.jolpi.ca/ergast/f1/1954/3/laps.json: 429 Client Error: Too Many Requests for url: https://api.jolpi.ca/ergast/f1/1954/3/laps.json?limit=100&offset=0
2025-08-24 20:43:05,960 - INFO - Fetching data for Race: 1954 Round 4 (French Grand Prix)
2025-08-24 20:43:08,548 - ERROR - Attempt 1/5 failed for https://api.jolpi.ca/ergast/f1/1954/4/qualifying.json: 429 Client Error: Too Many Requests for url: https://api.jolpi.ca/ergast/f1/1954/4/qualifying.json?limit=100&offset=0
2025-08-24 20:43:15,521 - ERROR - Attempt 1/5 failed for https://api.jolpi.ca/ergast/f1/1954/4/laps.json: 429 Client Error: Too Many Requests for url: https://api.jolpi.ca/ergast/f1/1954/4/laps.json?limit=100&offset=0
2025-08-24 20:43:21,587 - INFO - Fetching data for Race: 1954 Round 5 (British Grand Prix)
2025-08-24 20:43:24,519 - ERROR - Attempt 1/5 failed for https://api.jolpi.ca/ergast/f1/1954/5/qualifying.json: 429 Client Error: Too Many Requests for url: https://api.jolpi.ca/ergast/f1/1954/5/qualifying.json?limit=100&offset=0
2025-08-24 20:43:31,493 - INFO - Fetching data for Race: 1954 Round 6 (German Grand Prix)
2025-08-24 20:43:33,279 - ERROR - Attempt 1/5 failed for https://api.jolpi.ca/ergast/f1/1954/6/sprint.json: 429 Client Error: Too Many Requests for url: https://api.jolpi.ca/ergast/f1/1954/6/sprint.json?limit=100&offset=0
2025-08-24 20:43:41,079 - INFO - Fetching data for Race: 1954 Round 7 (Swiss Grand Prix)
2025-08-24 20:43:42,026 - ERROR - Attempt 1/5 failed for https://api.jolpi.ca/ergast/f1/1954/7/results.json: 429 Client Error: Too Many Requests for url: https://api.jolpi.ca/ergast/f1/1954/7/results.json?limit=100&offset=0
2025-08-24 20:43:50,873 - ERROR - Attempt 1/5 failed for https://api.jolpi.ca/ergast/f1/1954/7/laps.json: 429 Client Error: Too Many Requests for url: https://api.jolpi.ca/ergast/f1/1954/7/laps.json?limit=100&offset=0
2025-08-24 20:43:56,741 - INFO - Fetching data for Race: 1954 Round 8 (Italian Grand Prix)
2025-08-24 20:43:59,735 - ERROR - Attempt 1/5 failed for https://api.jolpi.ca/ergast/f1/1954/8/qualifying.json: 429 Client Error: Too Many Requests for url: https://api.jolpi.ca/ergast/f1/1954/8/qualifying.json?limit=100&offset=0
2025-08-24 20:44:06,435 - INFO - Fetching data for Race: 1954 Round 9 (Spanish Grand Prix)
2025-08-24 20:44:08,191 - ERROR - Attempt 1/5 failed for https://api.jolpi.ca/ergast/f1/1954/9/sprint.json: 429 Client Error: Too Many Requests for url: https://api.jolpi.ca/ergast/f1/1954/9/sprint.json?limit=100&offset=0
2025-08-24 20:44:15,747 - ERROR - Attempt 1/5 failed for https://api.jolpi.ca/ergast/f1/1954/9/laps.json: 429 Client Error: Too Many Requests for url: https://api.jolpi.ca/ergast/f1/1954/9/laps.json?limit=100&offset=0
2025-08-24 20:44:21,717 - INFO - Fetching data for Race: 1955 Round 1 (Argentine Grand Prix)
2025-08-24 20:44:26,587 - ERROR - Attempt 1/5 failed for https://api.jolpi.ca/ergast/f1/1955/1/laps.json: 429 Client Error: Too Many Requests for url: https://api.jolpi.ca/ergast/f1/1955/1/laps.json?limit=100&offset=0
2025-08-24 20:44:32,659 - INFO - Fetching data for Race: 1955 Round 2 (Monaco Grand Prix)
2025-08-24 20:44:35,823 - ERROR - Attempt 1/5 failed for https://api.jolpi.ca/ergast/f1/1955/2/qualifying.json: 429 Client Error: Too Many Requests for url: https://api.jolpi.ca/ergast/f1/1955/2/qualifying.json?limit=100&offset=0
2025-08-24 20:44:43,473 - INFO - Fetching data for Race: 1955 Round 3 (Indianapolis 500)
2025-08-24 20:44:47,141 - ERROR - Attempt 1/5 failed for https://api.jolpi.ca/ergast/f1/1955/3/qualifying.json: 429 Client Error: Too Many Requests for url: https://api.jolpi.ca/ergast/f1/1955/3/qualifying.json?limit=100&offset=0
2025-08-24 20:44:54,004 - INFO - Fetching data for Race: 1955 Round 4 (Belgian Grand Prix)
2025-08-24 20:44:54,935 - ERROR - Attempt 1/5 failed for https://api.jolpi.ca/ergast/f1/1955/4/results.json: 429 Client Error: Too Many Requests for url: https://api.jolpi.ca/ergast/f1/1955/4/results.json?limit=100&offset=0
2025-08-24 20:45:07,002 - INFO - Fetching data for Race: 1955 Round 5 (Dutch Grand Prix)
2025-08-24 20:45:09,706 - ERROR - Attempt 1/5 failed for https://api.jolpi.ca/ergast/f1/1955/5/sprint.json: 429 Client Error: Too Many Requests for url: https://api.jolpi.ca/ergast/f1/1955/5/sprint.json?limit=100&offset=0
2025-08-24 20:45:17,285 - INFO - Fetching data for Race: 1955 Round 6 (British Grand Prix)
2025-08-24 20:45:18,286 - ERROR - Attempt 1/5 failed for https://api.jolpi.ca/ergast/f1/1955/6/results.json: 429 Client Error: Too Many Requests for url: https://api.jolpi.ca/ergast/f1/1955/6/results.json?limit=100&offset=0
2025-08-24 20:45:26,947 - ERROR - Attempt 1/5 failed for https://api.jolpi.ca/ergast/f1/1955/6/laps.json: 429 Client Error: Too Many Requests for url: https://api.jolpi.ca/ergast/f1/1955/6/laps.json?limit=100&offset=0
2025-08-24 20:45:32,900 - INFO - Fetching data for Race: 1955 Round 7 (Italian Grand Prix)
2025-08-24 20:45:35,587 - ERROR - Attempt 1/5 failed for https://api.jolpi.ca/ergast/f1/1955/7/qualifying.json: 429 Client Error: Too Many Requests for url: https://api.jolpi.ca/ergast/f1/1955/7/qualifying.json?limit=100&offset=0
2025-08-24 20:45:42,370 - INFO - Fetching data for Race: 1956 Round 1 (Argentine Grand Prix)
2025-08-24 20:45:44,342 - ERROR - Attempt 1/5 failed for https://api.jolpi.ca/ergast/f1/1956/1/sprint.json: 429 Client Error: Too Many Requests for url: https://api.jolpi.ca/ergast/f1/1956/1/sprint.json?limit=100&offset=0
2025-08-24 20:45:52,194 - INFO - Fetching data for Race: 1956 Round 2 (Monaco Grand Prix)
2025-08-24 20:45:53,024 - ERROR - Attempt 1/5 failed for https://api.jolpi.ca/ergast/f1/1956/2/results.json: 429 Client Error: Too Many Requests for url: https://api.jolpi.ca/ergast/f1/1956/2/results.json?limit=100&offset=0
2025-08-24 20:46:00,883 - ERROR - Attempt 1/5 failed for https://api.jolpi.ca/ergast/f1/1956/2/qualifying.json: 429 Client Error: Too Many Requests for url: https://api.jolpi.ca/ergast/f1/1956/2/qualifying.json?limit=100&offset=0
2025-08-24 20:46:08,015 - INFO - Fetching data for Race: 1956 Round 3 (Indianapolis 500)
2025-08-24 20:46:09,969 - ERROR - Attempt 1/5 failed for https://api.jolpi.ca/ergast/f1/1956/3/sprint.json: 429 Client Error: Too Many Requests for url: https://api.jolpi.ca/ergast/f1/1956/3/sprint.json?limit=100&offset=0
2025-08-24 20:46:17,984 - INFO - Fetching data for Race: 1956 Round 4 (Belgian Grand Prix)
2025-08-24 20:46:18,823 - ERROR - Attempt 1/5 failed for https://api.jolpi.ca/ergast/f1/1956/4/results.json: 429 Client Error: Too Many Requests for url: https://api.jolpi.ca/ergast/f1/1956/4/results.json?limit=100&offset=0
2025-08-24 20:46:27,445 - ERROR - Attempt 1/5 failed for https://api.jolpi.ca/ergast/f1/1956/4/laps.json: 429 Client Error: Too Many Requests for url: https://api.jolpi.ca/ergast/f1/1956/4/laps.json?limit=100&offset=0
2025-08-24 20:46:33,346 - INFO - Fetching data for Race: 1956 Round 5 (French Grand Prix)
2025-08-24 20:46:36,227 - ERROR - Attempt 1/5 failed for https://api.jolpi.ca/ergast/f1/1956/5/qualifying.json: 429 Client Error: Too Many Requests for url: https://api.jolpi.ca/ergast/f1/1956/5/qualifying.json?limit=100&offset=0
2025-08-24 20:46:42,967 - INFO - Fetching data for Race: 1956 Round 6 (British Grand Prix)
2025-08-24 20:46:44,918 - ERROR - Attempt 1/5 failed for https://api.jolpi.ca/ergast/f1/1956/6/sprint.json: 429 Client Error: Too Many Requests for url: https://api.jolpi.ca/ergast/f1/1956/6/sprint.json?limit=100&offset=0
2025-08-24 20:46:52,475 - INFO - Fetching data for Race: 1956 Round 7 (German Grand Prix)
2025-08-24 20:46:53,287 - ERROR - Attempt 1/5 failed for https://api.jolpi.ca/ergast/f1/1956/7/results.json: 429 Client Error: Too Many Requests for url: https://api.jolpi.ca/ergast/f1/1956/7/results.json?limit=100&offset=0
2025-08-24 20:47:00,965 - ERROR - Attempt 1/5 failed for https://api.jolpi.ca/ergast/f1/1956/7/qualifying.json: 429 Client Error: Too Many Requests for url: https://api.jolpi.ca/ergast/f1/1956/7/qualifying.json?limit=100&offset=0
2025-08-24 20:47:07,752 - INFO - Fetching data for Race: 1956 Round 8 (Italian Grand Prix)
2025-08-24 20:47:09,482 - ERROR - Attempt 1/5 failed for https://api.jolpi.ca/ergast/f1/1956/8/sprint.json: 429 Client Error: Too Many Requests for url: https://api.jolpi.ca/ergast/f1/1956/8/sprint.json?limit=100&offset=0
2025-08-24 20:47:17,526 - INFO - Fetching data for Race: 1957 Round 1 (Argentine Grand Prix)
2025-08-24 20:47:18,376 - ERROR - Attempt 1/5 failed for https://api.jolpi.ca/ergast/f1/1957/1/results.json: 429 Client Error: Too Many Requests for url: https://api.jolpi.ca/ergast/f1/1957/1/results.json?limit=100&offset=0
2025-08-24 20:47:26,879 - ERROR - Attempt 1/5 failed for https://api.jolpi.ca/ergast/f1/1957/1/laps.json: 429 Client Error: Too Many Requests for url: https://api.jolpi.ca/ergast/f1/1957/1/laps.json?limit=100&offset=0
2025-08-24 20:47:33,040 - INFO - Fetching data for Race: 1957 Round 2 (Monaco Grand Prix)
2025-08-24 20:47:36,147 - ERROR - Attempt 1/5 failed for https://api.jolpi.ca/ergast/f1/1957/2/qualifying.json: 429 Client Error: Too Many Requests for url: https://api.jolpi.ca/ergast/f1/1957/2/qualifying.json?limit=100&offset=0
2025-08-24 20:47:43,373 - INFO - Fetching data for Race: 1957 Round 3 (Indianapolis 500)
2025-08-24 20:47:45,400 - ERROR - Attempt 1/5 failed for https://api.jolpi.ca/ergast/f1/1957/3/sprint.json: 429 Client Error: Too Many Requests for url: https://api.jolpi.ca/ergast/f1/1957/3/sprint.json?limit=100&offset=0
2025-08-24 20:47:53,177 - INFO - Fetching data for Race: 1957 Round 4 (French Grand Prix)
2025-08-24 20:47:54,122 - ERROR - Attempt 1/5 failed for https://api.jolpi.ca/ergast/f1/1957/4/results.json: 429 Client Error: Too Many Requests for url: https://api.jolpi.ca/ergast/f1/1957/4/results.json?limit=100&offset=0
2025-08-24 20:48:03,153 - ERROR - Attempt 1/5 failed for https://api.jolpi.ca/ergast/f1/1957/4/laps.json: 429 Client Error: Too Many Requests for url: https://api.jolpi.ca/ergast/f1/1957/4/laps.json?limit=100&offset=0
2025-08-24 20:48:09,097 - INFO - Fetching data for Race: 1957 Round 5 (British Grand Prix)
2025-08-24 20:48:12,084 - ERROR - Attempt 1/5 failed for https://api.jolpi.ca/ergast/f1/1957/5/qualifying.json: 429 Client Error: Too Many Requests for url: https://api.jolpi.ca/ergast/f1/1957/5/qualifying.json?limit=100&offset=0
2025-08-24 20:48:19,076 - INFO - Fetching data for Race: 1957 Round 6 (German Grand Prix)
2025-08-24 20:48:20,868 - ERROR - Attempt 1/5 failed for https://api.jolpi.ca/ergast/f1/1957/6/sprint.json: 429 Client Error: Too Many Requests for url: https://api.jolpi.ca/ergast/f1/1957/6/sprint.json?limit=100&offset=0
2025-08-24 20:48:28,702 - INFO - Fetching data for Race: 1957 Round 7 (Pescara Grand Prix)
2025-08-24 20:48:29,534 - ERROR - Attempt 1/5 failed for https://api.jolpi.ca/ergast/f1/1957/7/results.json: 429 Client Error: Too Many Requests for url: https://api.jolpi.ca/ergast/f1/1957/7/results.json?limit=100&offset=0
2025-08-24 20:48:38,370 - ERROR - Attempt 1/5 failed for https://api.jolpi.ca/ergast/f1/1957/7/laps.json: 429 Client Error: Too Many Requests for url: https://api.jolpi.ca/ergast/f1/1957/7/laps.json?limit=100&offset=0
2025-08-24 20:48:44,400 - INFO - Fetching data for Race: 1957 Round 8 (Italian Grand Prix)
2025-08-24 20:48:47,246 - ERROR - Attempt 1/5 failed for https://api.jolpi.ca/ergast/f1/1957/8/qualifying.json: 429 Client Error: Too Many Requests for url: https://api.jolpi.ca/ergast/f1/1957/8/qualifying.json?limit=100&offset=0
2025-08-24 20:48:54,478 - INFO - Fetching data for Race: 1958 Round 1 (Argentine Grand Prix)
2025-08-24 20:48:56,254 - ERROR - Attempt 1/5 failed for https://api.jolpi.ca/ergast/f1/1958/1/sprint.json: 429 Client Error: Too Many Requests for url: https://api.jolpi.ca/ergast/f1/1958/1/sprint.json?limit=100&offset=0
2025-08-24 20:49:04,384 - INFO - Fetching data for Race: 1958 Round 2 (Monaco Grand Prix)
2025-08-24 20:49:05,198 - ERROR - Attempt 1/5 failed for https://api.jolpi.ca/ergast/f1/1958/2/results.json: 429 Client Error: Too Many Requests for url: https://api.jolpi.ca/ergast/f1/1958/2/results.json?limit=100&offset=0
2025-08-24 20:49:12,811 - ERROR - Attempt 1/5 failed for https://api.jolpi.ca/ergast/f1/1958/2/qualifying.json: 429 Client Error: Too Many Requests for url: https://api.jolpi.ca/ergast/f1/1958/2/qualifying.json?limit=100&offset=0
2025-08-24 20:49:19,771 - INFO - Fetching data for Race: 1958 Round 3 (Dutch Grand Prix)
2025-08-24 20:49:21,564 - ERROR - Attempt 1/5 failed for https://api.jolpi.ca/ergast/f1/1958/3/sprint.json: 429 Client Error: Too Many Requests for url: https://api.jolpi.ca/ergast/f1/1958/3/sprint.json?limit=100&offset=0
2025-08-24 20:49:28,267 - ERROR - Attempt 1/5 failed for https://api.jolpi.ca/ergast/f1/1958/3/qualifying.json: 429 Client Error: Too Many Requests for url: https://api.jolpi.ca/ergast/f1/1958/3/qualifying.json?limit=100&offset=0
2025-08-24 20:49:34,122 - ERROR - Attempt 2/5 failed for https://api.jolpi.ca/ergast/f1/1958/3/qualifying.json: 429 Client Error: Too Many Requests for url: https://api.jolpi.ca/ergast/f1/1958/3/qualifying.json?limit=100&offset=0
2025-08-24 20:49:45,697 - ERROR - Attempt 3/5 failed for https://api.jolpi.ca/ergast/f1/1958/3/qualifying.json: 429 Client Error: Too Many Requests for url: https://api.jolpi.ca/ergast/f1/1958/3/qualifying.json?limit=100&offset=0
2025-08-24 20:50:01,758 - ERROR - Attempt 4/5 failed for https://api.jolpi.ca/ergast/f1/1958/3/qualifying.json: 429 Client Error: Too Many Requests for url: https://api.jolpi.ca/ergast/f1/1958/3/qualifying.json?limit=100&offset=0
2025-08-24 20:50:22,741 - ERROR - Attempt 5/5 failed for https://api.jolpi.ca/ergast/f1/1958/3/qualifying.json: 429 Client Error: Too Many Requests for url: https://api.jolpi.ca/ergast/f1/1958/3/qualifying.json?limit=100&offset=0
2025-08-24 20:50:22,745 - CRITICAL - All retry attempts failed for https://api.jolpi.ca/ergast/f1/1958/3/qualifying.json. Aborting.
2025-08-24 20:50:23,625 - ERROR - Attempt 1/5 failed for https://api.jolpi.ca/ergast/f1/1958/3/laps.json: 429 Client Error: Too Many Requests for url: https://api.jolpi.ca/ergast/f1/1958/3/laps.json?limit=100&offset=0
2025-08-24 20:50:29,493 - ERROR - Attempt 2/5 failed for https://api.jolpi.ca/ergast/f1/1958/3/laps.json: 429 Client Error: Too Many Requests for url: https://api.jolpi.ca/ergast/f1/1958/3/laps.json?limit=100&offset=0
2025-08-24 20:50:40,359 - ERROR - Attempt 3/5 failed for https://api.jolpi.ca/ergast/f1/1958/3/laps.json: 429 Client Error: Too Many Requests for url: https://api.jolpi.ca/ergast/f1/1958/3/laps.json?limit=100&offset=0
2025-08-24 20:50:56,246 - ERROR - Attempt 4/5 failed for https://api.jolpi.ca/ergast/f1/1958/3/laps.json: 429 Client Error: Too Many Requests for url: https://api.jolpi.ca/ergast/f1/1958/3/laps.json?limit=100&offset=0
2025-08-24 20:51:17,105 - ERROR - Attempt 5/5 failed for https://api.jolpi.ca/ergast/f1/1958/3/laps.json: 429 Client Error: Too Many Requests for url: https://api.jolpi.ca/ergast/f1/1958/3/laps.json?limit=100&offset=0
2025-08-24 20:51:17,105 - CRITICAL - All retry attempts failed for https://api.jolpi.ca/ergast/f1/1958/3/laps.json. Aborting.
2025-08-24 20:51:17,116 - INFO - Fetching data for Race: 1958 Round 4 (Indianapolis 500)
2025-08-24 20:51:18,390 - ERROR - Attempt 1/5 failed for https://api.jolpi.ca/ergast/f1/1958/4/results.json: 429 Client Error: Too Many Requests for url: https://api.jolpi.ca/ergast/f1/1958/4/results.json?limit=100&offset=0
2025-08-24 20:51:24,505 - ERROR - Attempt 2/5 failed for https://api.jolpi.ca/ergast/f1/1958/4/results.json: 429 Client Error: Too Many Requests for url: https://api.jolpi.ca/ergast/f1/1958/4/results.json?limit=100&offset=0
2025-08-24 20:51:35,382 - ERROR - Attempt 3/5 failed for https://api.jolpi.ca/ergast/f1/1958/4/results.json: 429 Client Error: Too Many Requests for url: https://api.jolpi.ca/ergast/f1/1958/4/results.json?limit=100&offset=0
2025-08-24 20:51:51,402 - ERROR - Attempt 4/5 failed for https://api.jolpi.ca/ergast/f1/1958/4/results.json: 429 Client Error: Too Many Requests for url: https://api.jolpi.ca/ergast/f1/1958/4/results.json?limit=100&offset=0
2025-08-24 20:52:12,302 - ERROR - Attempt 5/5 failed for https://api.jolpi.ca/ergast/f1/1958/4/results.json: 429 Client Error: Too Many Requests for url: https://api.jolpi.ca/ergast/f1/1958/4/results.json?limit=100&offset=0
2025-08-24 20:52:12,302 - CRITICAL - All retry attempts failed for https://api.jolpi.ca/ergast/f1/1958/4/results.json. Aborting.
2025-08-24 20:52:13,169 - ERROR - Attempt 1/5 failed for https://api.jolpi.ca/ergast/f1/1958/4/sprint.json: 429 Client Error: Too Many Requests for url: https://api.jolpi.ca/ergast/f1/1958/4/sprint.json?limit=100&offset=0
2025-08-24 20:52:19,015 - ERROR - Attempt 2/5 failed for https://api.jolpi.ca/ergast/f1/1958/4/sprint.json: 429 Client Error: Too Many Requests for url: https://api.jolpi.ca/ergast/f1/1958/4/sprint.json?limit=100&offset=0
2025-08-24 20:52:29,949 - ERROR - Attempt 3/5 failed for https://api.jolpi.ca/ergast/f1/1958/4/sprint.json: 429 Client Error: Too Many Requests for url: https://api.jolpi.ca/ergast/f1/1958/4/sprint.json?limit=100&offset=0
2025-08-24 20:52:45,788 - ERROR - Attempt 4/5 failed for https://api.jolpi.ca/ergast/f1/1958/4/sprint.json: 429 Client Error: Too Many Requests for url: https://api.jolpi.ca/ergast/f1/1958/4/sprint.json?limit=100&offset=0
2025-08-24 20:53:06,620 - ERROR - Attempt 5/5 failed for https://api.jolpi.ca/ergast/f1/1958/4/sprint.json: 429 Client Error: Too Many Requests for url: https://api.jolpi.ca/ergast/f1/1958/4/sprint.json?limit=100&offset=0
2025-08-24 20:53:06,620 - CRITICAL - All retry attempts failed for https://api.jolpi.ca/ergast/f1/1958/4/sprint.json. Aborting.
2025-08-24 20:53:07,492 - ERROR - Attempt 1/5 failed for https://api.jolpi.ca/ergast/f1/1958/4/qualifying.json: 429 Client Error: Too Many Requests for url: https://api.jolpi.ca/ergast/f1/1958/4/qualifying.json?limit=100&offset=0
2025-08-24 20:53:13,335 - ERROR - Attempt 2/5 failed for https://api.jolpi.ca/ergast/f1/1958/4/qualifying.json: 429 Client Error: Too Many Requests for url: https://api.jolpi.ca/ergast/f1/1958/4/qualifying.json?limit=100&offset=0
2025-08-24 20:53:24,415 - ERROR - Attempt 3/5 failed for https://api.jolpi.ca/ergast/f1/1958/4/qualifying.json: 429 Client Error: Too Many Requests for url: https://api.jolpi.ca/ergast/f1/1958/4/qualifying.json?limit=100&offset=0
2025-08-24 20:53:40,290 - ERROR - Attempt 4/5 failed for https://api.jolpi.ca/ergast/f1/1958/4/qualifying.json: 429 Client Error: Too Many Requests for url: https://api.jolpi.ca/ergast/f1/1958/4/qualifying.json?limit=100&offset=0
2025-08-24 20:54:01,160 - ERROR - Attempt 5/5 failed for https://api.jolpi.ca/ergast/f1/1958/4/qualifying.json: 429 Client Error: Too Many Requests for url: https://api.jolpi.ca/ergast/f1/1958/4/qualifying.json?limit=100&offset=0
2025-08-24 20:54:01,161 - CRITICAL - All retry attempts failed for https://api.jolpi.ca/ergast/f1/1958/4/qualifying.json. Aborting.
2025-08-24 20:54:02,017 - ERROR - Attempt 1/5 failed for https://api.jolpi.ca/ergast/f1/1958/4/laps.json: 429 Client Error: Too Many Requests for url: https://api.jolpi.ca/ergast/f1/1958/4/laps.json?limit=100&offset=0
2025-08-24 20:54:07,891 - ERROR - Attempt 2/5 failed for https://api.jolpi.ca/ergast/f1/1958/4/laps.json: 429 Client Error: Too Many Requests for url: https://api.jolpi.ca/ergast/f1/1958/4/laps.json?limit=100&offset=0
2025-08-24 20:54:18,787 - ERROR - Attempt 3/5 failed for https://api.jolpi.ca/ergast/f1/1958/4/laps.json: 429 Client Error: Too Many Requests for url: https://api.jolpi.ca/ergast/f1/1958/4/laps.json?limit=100&offset=0
2025-08-24 20:54:34,625 - ERROR - Attempt 4/5 failed for https://api.jolpi.ca/ergast/f1/1958/4/laps.json: 429 Client Error: Too Many Requests for url: https://api.jolpi.ca/ergast/f1/1958/4/laps.json?limit=100&offset=0
2025-08-24 20:54:55,473 - ERROR - Attempt 5/5 failed for https://api.jolpi.ca/ergast/f1/1958/4/laps.json: 429 Client Error: Too Many Requests for url: https://api.jolpi.ca/ergast/f1/1958/4/laps.json?limit=100&offset=0
2025-08-24 20:54:55,473 - CRITICAL - All retry attempts failed for https://api.jolpi.ca/ergast/f1/1958/4/laps.json. Aborting.
2025-08-24 20:54:55,480 - INFO - Fetching data for Race: 1958 Round 5 (Belgian Grand Prix)
2025-08-24 20:54:56,303 - ERROR - Attempt 1/5 failed for https://api.jolpi.ca/ergast/f1/1958/5/results.json: 429 Client Error: Too Many Requests for url: https://api.jolpi.ca/ergast/f1/1958/5/results.json?limit=100&offset=0
2025-08-24 20:55:02,164 - ERROR - Attempt 2/5 failed for https://api.jolpi.ca/ergast/f1/1958/5/results.json: 429 Client Error: Too Many Requests for url: https://api.jolpi.ca/ergast/f1/1958/5/results.json?limit=100&offset=0
2025-08-24 20:55:13,059 - ERROR - Attempt 3/5 failed for https://api.jolpi.ca/ergast/f1/1958/5/results.json: 429 Client Error: Too Many Requests for url: https://api.jolpi.ca/ergast/f1/1958/5/results.json?limit=100&offset=0
2025-08-24 20:55:28,911 - ERROR - Attempt 4/5 failed for https://api.jolpi.ca/ergast/f1/1958/5/results.json: 429 Client Error: Too Many Requests for url: https://api.jolpi.ca/ergast/f1/1958/5/results.json?limit=100&offset=0
2025-08-24 20:55:49,756 - ERROR - Attempt 5/5 failed for https://api.jolpi.ca/ergast/f1/1958/5/results.json: 429 Client Error: Too Many Requests for url: https://api.jolpi.ca/ergast/f1/1958/5/results.json?limit=100&offset=0
2025-08-24 20:55:49,756 - CRITICAL - All retry attempts failed for https://api.jolpi.ca/ergast/f1/1958/5/results.json. Aborting.
2025-08-24 20:55:50,609 - ERROR - Attempt 1/5 failed for https://api.jolpi.ca/ergast/f1/1958/5/sprint.json: 429 Client Error: Too Many Requests for url: https://api.jolpi.ca/ergast/f1/1958/5/sprint.json?limit=100&offset=0
2025-08-24 20:55:56,432 - ERROR - Attempt 2/5 failed for https://api.jolpi.ca/ergast/f1/1958/5/sprint.json: 429 Client Error: Too Many Requests for url: https://api.jolpi.ca/ergast/f1/1958/5/sprint.json?limit=100&offset=0
2025-08-24 20:56:07,299 - ERROR - Attempt 3/5 failed for https://api.jolpi.ca/ergast/f1/1958/5/sprint.json: 429 Client Error: Too Many Requests for url: https://api.jolpi.ca/ergast/f1/1958/5/sprint.json?limit=100&offset=0
2025-08-24 20:56:23,142 - ERROR - Attempt 4/5 failed for https://api.jolpi.ca/ergast/f1/1958/5/sprint.json: 429 Client Error: Too Many Requests for url: https://api.jolpi.ca/ergast/f1/1958/5/sprint.json?limit=100&offset=0
2025-08-24 20:56:44,016 - ERROR - Attempt 5/5 failed for https://api.jolpi.ca/ergast/f1/1958/5/sprint.json: 429 Client Error: Too Many Requests for url: https://api.jolpi.ca/ergast/f1/1958/5/sprint.json?limit=100&offset=0
2025-08-24 20:56:44,016 - CRITICAL - All retry attempts failed for https://api.jolpi.ca/ergast/f1/1958/5/sprint.json. Aborting.
2025-08-24 20:56:45,345 - ERROR - Attempt 1/5 failed for https://api.jolpi.ca/ergast/f1/1958/5/qualifying.json: 429 Client Error: Too Many Requests for url: https://api.jolpi.ca/ergast/f1/1958/5/qualifying.json?limit=100&offset=0
2025-08-24 20:56:51,526 - ERROR - Attempt 2/5 failed for https://api.jolpi.ca/ergast/f1/1958/5/qualifying.json: 429 Client Error: Too Many Requests for url: https://api.jolpi.ca/ergast/f1/1958/5/qualifying.json?limit=100&offset=0
2025-08-24 20:57:02,371 - ERROR - Attempt 3/5 failed for https://api.jolpi.ca/ergast/f1/1958/5/qualifying.json: 429 Client Error: Too Many Requests for url: https://api.jolpi.ca/ergast/f1/1958/5/qualifying.json?limit=100&offset=0
